2026-08-03 21:26:43.939 Examining the path of transformers.models.aria.image_processing_aria_fast raised:
Traceback (most recent call last):
  File "C:\Users\hp\AppData\Roaming\Python\Python313\site-packages\streamlit\watcher\local_sources_watcher.py", line 267, in get_module_paths
    potential_paths = extract_paths(module)
  File "C:\Users\hp\AppData\Roaming\Python\Python313\site-packages\streamlit\watcher\local_sources_watcher.py", line 255, in <lambda>
    if hasattr(m, "__path__")
       ~~~~~~~^^^^^^^^^^^^^^^
  File "C:\Users\hp\AppData\Roaming\Python\Python313\site-packages\transformers\__init__.py", line 862, in _getattr
    return getattr(importlib.import_module(target, __name__), name)
                   ~~~~~~~~~~~~~~~~~~~~~~~^^^^^^^^^^^^^^^^^^
  File "C:\Python313\Lib\importlib\__init__.py", line 88, in import_module
    return _bootstrap._gcd_import(name[level:], package, level)
           ~~~~~~~~~~~~~~~~~~~~~~^^^^^^^^^^^^^^^^^^^^^^^^^^^^^^
  File "<frozen importlib._bootstrap>", line 1387, in _gcd_import
  File "<frozen importlib._bootstrap>", line 1360, in _find_and_load
  File "<frozen importlib._bootstrap>", line 1331, in _find_and_load_unlocked
  File "<frozen importlib._bootstrap>", line 935, in _load_unlocked
  File "<frozen importlib._bootstrap_external>", line 1026, in exec_module
  File "<frozen importlib._bootstrap>", line 488, in _call_with_frames_removed
  File "C:\Users\hp\AppData\Roaming\Python\Python313\site-packages\transformers\models\aria\image_processing_aria.py", line 23, in <module>
    from torchvision.transforms.v2 import functional as tvF
ModuleNotFoundError: No module named 'torchvision'
2026-08-03 21:26:45.253 Examining the path of transformers.models.beit.image_processing_beit_fast raised:
Traceback (most recent call last):
  File "C:\Users\hp\AppData\Roaming\Python\Python313\site-packages\streamlit\watcher\local_sources_watcher.py", line 267, in get_module_paths
    potential_paths = extract_paths(module)
  File "C:\Users\hp\AppData\Roaming\Python\Python313\site-packages\streamlit\watcher\local_sources_watcher.py", line 255, in <lambda>
    if hasattr(m, "__path__")
       ~~~~~~~^^^^^^^^^^^^^^^
  File "C:\Users\hp\AppData\Roaming\Python\Python313\site-packages\transformers\__init__.py", line 862, in _getattr
    return getattr(importlib.import_module(target, __name__), name)
                   ~~~~~~~~~~~~~~~~~~~~~~~^^^^^^^^^^^^^^^^^^
  File "C:\Python313\Lib\importlib\__init__.py", line 88, in import_module
    return _bootstrap._gcd_import(name[level:], package, level)
           ~~~~~~~~~~~~~~~~~~~~~~^^^^^^^^^^^^^^^^^^^^^^^^^^^^^^
  File "<frozen importlib._bootstrap>", line 1387, in _gcd_import
  File "<frozen importlib._bootstrap>", line 1360, in _find_and_load
  File "<frozen importlib._bootstrap>", line 1331, in _find_and_load_unlocked
  File "<frozen importlib._bootstrap>", line 935, in _load_unlocked
  File "<frozen importlib._bootstrap_external>", line 1026, in exec_module
  File "<frozen importlib._bootstrap>", line 488, in _call_with_frames_removed
  File "C:\Users\hp\AppData\Roaming\Python\Python313\site-packages\transformers\models\beit\image_processing_beit.py", line 20, in <module>
    from torchvision.transforms.v2 import functional as tvF
ModuleNotFoundError: No module named 'torchvision'
2026-08-03 21:26:45.282 Examining the path of transformers.models.bridgetower.image_processing_bridgetower_fast raised:
Traceback (most recent call last):
  File "C:\Users\hp\AppData\Roaming\Python\Python313\site-packages\streamlit\watcher\local_sources_watcher.py", line 267, in get_module_paths
    potential_paths = extract_paths(module)
  File "C:\Users\hp\AppData\Roaming\Python\Python313\site-packages\streamlit\watcher\local_sources_watcher.py", line 255, in <lambda>
    if hasattr(m, "__path__")
       ~~~~~~~^^^^^^^^^^^^^^^
  File "C:\Users\hp\AppData\Roaming\Python\Python313\site-packages\transformers\__init__.py", line 862, in _getattr
    return getattr(importlib.import_module(target, __name__), name)
                   ~~~~~~~~~~~~~~~~~~~~~~~^^^^^^^^^^^^^^^^^^
  File "C:\Python313\Lib\importlib\__init__.py", line 88, in import_module
    return _bootstrap._gcd_import(name[level:], package, level)
           ~~~~~~~~~~~~~~~~~~~~~~^^^^^^^^^^^^^^^^^^^^^^^^^^^^^^
  File "<frozen importlib._bootstrap>", line 1387, in _gcd_import
  File "<frozen importlib._bootstrap>", line 1360, in _find_and_load
  File "<frozen importlib._bootstrap>", line 1331, in _find_and_load_unlocked
  File "<frozen importlib._bootstrap>", line 935, in _load_unlocked
  File "<frozen importlib._bootstrap_external>", line 1026, in exec_module
  File "<frozen importlib._bootstrap>", line 488, in _call_with_frames_removed
  File "C:\Users\hp\AppData\Roaming\Python\Python313\site-packages\transformers\models\bridgetower\image_processing_bridgetower.py", line 20, in <module>
    from torchvision.transforms.v2 import functional as tvF
ModuleNotFoundError: No module named 'torchvision'
2026-08-03 21:26:45.301 Examining the path of transformers.models.chmv2.image_processing_chmv2_fast raised:
Traceback (most recent call last):
  File "C:\Users\hp\AppData\Roaming\Python\Python313\site-packages\streamlit\watcher\local_sources_watcher.py", line 267, in get_module_paths
    potential_paths = extract_paths(module)
  File "C:\Users\hp\AppData\Roaming\Python\Python313\site-packages\streamlit\watcher\local_sources_watcher.py", line 255, in <lambda>
    if hasattr(m, "__path__")
       ~~~~~~~^^^^^^^^^^^^^^^
  File "C:\Users\hp\AppData\Roaming\Python\Python313\site-packages\transformers\__init__.py", line 862, in _getattr
    return getattr(importlib.import_module(target, __name__), name)
                   ~~~~~~~~~~~~~~~~~~~~~~~^^^^^^^^^^^^^^^^^^
  File "C:\Python313\Lib\importlib\__init__.py", line 88, in import_module
    return _bootstrap._gcd_import(name[level:], package, level)
           ~~~~~~~~~~~~~~~~~~~~~~^^^^^^^^^^^^^^^^^^^^^^^^^^^^^^
  File "<frozen importlib._bootstrap>", line 1387, in _gcd_import
  File "<frozen importlib._bootstrap>", line 1360, in _find_and_load
  File "<frozen importlib._bootstrap>", line 1331, in _find_and_load_unlocked
  File "<frozen importlib._bootstrap>", line 935, in _load_unlocked
  File "<frozen importlib._bootstrap_external>", line 1026, in exec_module
  File "<frozen importlib._bootstrap>", line 488, in _call_with_frames_removed
  File "C:\Users\hp\AppData\Roaming\Python\Python313\site-packages\transformers\models\chmv2\image_processing_chmv2.py", line 27, in <module>
    from torchvision.transforms.v2 import functional as tvF
ModuleNotFoundError: No module named 'torchvision'
2026-08-03 21:26:45.314 Examining the path of transformers.models.cohere2_vision.image_processing_cohere2_vision_fast raised:
Traceback (most recent call last):
  File "C:\Users\hp\AppData\Roaming\Python\Python313\site-packages\streamlit\watcher\local_sources_watcher.py", line 267, in get_module_paths
    potential_paths = extract_paths(module)
  File "C:\Users\hp\AppData\Roaming\Python\Python313\site-packages\streamlit\watcher\local_sources_watcher.py", line 255, in <lambda>
    if hasattr(m, "__path__")
       ~~~~~~~^^^^^^^^^^^^^^^
  File "C:\Users\hp\AppData\Roaming\Python\Python313\site-packages\transformers\__init__.py", line 862, in _getattr
    return getattr(importlib.import_module(target, __name__), name)
                   ~~~~~~~~~~~~~~~~~~~~~~~^^^^^^^^^^^^^^^^^^
  File "C:\Python313\Lib\importlib\__init__.py", line 88, in import_module
    return _bootstrap._gcd_import(name[level:], package, level)
           ~~~~~~~~~~~~~~~~~~~~~~^^^^^^^^^^^^^^^^^^^^^^^^^^^^^^
  File "<frozen importlib._bootstrap>", line 1387, in _gcd_import
  File "<frozen importlib._bootstrap>", line 1360, in _find_and_load
  File "<frozen importlib._bootstrap>", line 1331, in _find_and_load_unlocked
  File "<frozen importlib._bootstrap>", line 935, in _load_unlocked
  File "<frozen importlib._bootstrap_external>", line 1026, in exec_module
  File "<frozen importlib._bootstrap>", line 488, in _call_with_frames_removed
  File "C:\Users\hp\AppData\Roaming\Python\Python313\site-packages\transformers\models\cohere2_vision\image_processing_cohere2_vision.py", line 25, in <module>
    from torchvision.transforms.v2 import functional as tvF
ModuleNotFoundError: No module named 'torchvision'
2026-08-03 21:26:45.322 Examining the path of transformers.models.conditional_detr.image_processing_conditional_detr_fast raised:
Traceback (most recent call last):
  File "C:\Users\hp\AppData\Roaming\Python\Python313\site-packages\streamlit\watcher\local_sources_watcher.py", line 267, in get_module_paths
    potential_paths = extract_paths(module)
  File "C:\Users\hp\AppData\Roaming\Python\Python313\site-packages\streamlit\watcher\local_sources_watcher.py", line 255, in <lambda>
    if hasattr(m, "__path__")
       ~~~~~~~^^^^^^^^^^^^^^^
  File "C:\Users\hp\AppData\Roaming\Python\Python313\site-packages\transformers\__init__.py", line 862, in _getattr
    return getattr(importlib.import_module(target, __name__), name)
                   ~~~~~~~~~~~~~~~~~~~~~~~^^^^^^^^^^^^^^^^^^
  File "C:\Python313\Lib\importlib\__init__.py", line 88, in import_module
    return _bootstrap._gcd_import(name[level:], package, level)
           ~~~~~~~~~~~~~~~~~~~~~~^^^^^^^^^^^^^^^^^^^^^^^^^^^^^^
  File "<frozen importlib._bootstrap>", line 1387, in _gcd_import
  File "<frozen importlib._bootstrap>", line 1360, in _find_and_load
  File "<frozen importlib._bootstrap>", line 1331, in _find_and_load_unlocked
  File "<frozen importlib._bootstrap>", line 935, in _load_unlocked
  File "<frozen importlib._bootstrap_external>", line 1026, in exec_module
  File "<frozen importlib._bootstrap>", line 488, in _call_with_frames_removed
  File "C:\Users\hp\AppData\Roaming\Python\Python313\site-packages\transformers\models\conditional_detr\image_processing_conditional_detr.py", line 27, in <module>
    from torchvision.io import read_image
ModuleNotFoundError: No module named 'torchvision'
2026-08-03 21:26:45.335 Examining the path of transformers.models.convnext.image_processing_convnext_fast raised:
Traceback (most recent call last):
  File "C:\Users\hp\AppData\Roaming\Python\Python313\site-packages\streamlit\watcher\local_sources_watcher.py", line 267, in get_module_paths
    potential_paths = extract_paths(module)
  File "C:\Users\hp\AppData\Roaming\Python\Python313\site-packages\streamlit\watcher\local_sources_watcher.py", line 255, in <lambda>
    if hasattr(m, "__path__")
       ~~~~~~~^^^^^^^^^^^^^^^
  File "C:\Users\hp\AppData\Roaming\Python\Python313\site-packages\transformers\__init__.py", line 862, in _getattr
    return getattr(importlib.import_module(target, __name__), name)
                   ~~~~~~~~~~~~~~~~~~~~~~~^^^^^^^^^^^^^^^^^^
  File "C:\Python313\Lib\importlib\__init__.py", line 88, in import_module
    return _bootstrap._gcd_import(name[level:], package, level)
           ~~~~~~~~~~~~~~~~~~~~~~^^^^^^^^^^^^^^^^^^^^^^^^^^^^^^
  File "<frozen importlib._bootstrap>", line 1387, in _gcd_import
  File "<frozen importlib._bootstrap>", line 1360, in _find_and_load
  File "<frozen importlib._bootstrap>", line 1331, in _find_and_load_unlocked
  File "<frozen importlib._bootstrap>", line 935, in _load_unlocked
  File "<frozen importlib._bootstrap_external>", line 1026, in exec_module
  File "<frozen importlib._bootstrap>", line 488, in _call_with_frames_removed
  File "C:\Users\hp\AppData\Roaming\Python\Python313\site-packages\transformers\models\convnext\image_processing_convnext.py", line 17, in <module>
    from torchvision.transforms.v2 import functional as tvF
ModuleNotFoundError: No module named 'torchvision'
2026-08-03 21:26:45.343 Examining the path of transformers.models.deepseek_ocr2.image_processing_deepseek_ocr2_fast raised:
Traceback (most recent call last):
  File "C:\Users\hp\AppData\Roaming\Python\Python313\site-packages\streamlit\watcher\local_sources_watcher.py", line 267, in get_module_paths
    potential_paths = extract_paths(module)
  File "C:\Users\hp\AppData\Roaming\Python\Python313\site-packages\streamlit\watcher\local_sources_watcher.py", line 255, in <lambda>
    if hasattr(m, "__path__")
       ~~~~~~~^^^^^^^^^^^^^^^
  File "C:\Users\hp\AppData\Roaming\Python\Python313\site-packages\transformers\__init__.py", line 862, in _getattr
    return getattr(importlib.import_module(target, __name__), name)
                   ~~~~~~~~~~~~~~~~~~~~~~~^^^^^^^^^^^^^^^^^^
  File "C:\Python313\Lib\importlib\__init__.py", line 88, in import_module
    return _bootstrap._gcd_import(name[level:], package, level)
           ~~~~~~~~~~~~~~~~~~~~~~^^^^^^^^^^^^^^^^^^^^^^^^^^^^^^
  File "<frozen importlib._bootstrap>", line 1387, in _gcd_import
  File "<frozen importlib._bootstrap>", line 1360, in _find_and_load
  File "<frozen importlib._bootstrap>", line 1331, in _find_and_load_unlocked
  File "<frozen importlib._bootstrap>", line 935, in _load_unlocked
  File "<frozen importlib._bootstrap_external>", line 1026, in exec_module
  File "<frozen importlib._bootstrap>", line 488, in _call_with_frames_removed
  File "C:\Users\hp\AppData\Roaming\Python\Python313\site-packages\transformers\models\deepseek_ocr2\image_processing_deepseek_ocr2.py", line 24, in <module>
    from torchvision.transforms.v2 import functional as tvF
ModuleNotFoundError: No module named 'torchvision'
2026-08-03 21:26:45.351 Examining the path of transformers.models.deepseek_vl.image_processing_deepseek_vl_fast raised:
Traceback (most recent call last):
  File "C:\Users\hp\AppData\Roaming\Python\Python313\site-packages\streamlit\watcher\local_sources_watcher.py", line 267, in get_module_paths
    potential_paths = extract_paths(module)
  File "C:\Users\hp\AppData\Roaming\Python\Python313\site-packages\streamlit\watcher\local_sources_watcher.py", line 255, in <lambda>
    if hasattr(m, "__path__")
       ~~~~~~~^^^^^^^^^^^^^^^
  File "C:\Users\hp\AppData\Roaming\Python\Python313\site-packages\transformers\__init__.py", line 862, in _getattr
    return getattr(importlib.import_module(target, __name__), name)
                   ~~~~~~~~~~~~~~~~~~~~~~~^^^^^^^^^^^^^^^^^^
  File "C:\Python313\Lib\importlib\__init__.py", line 88, in import_module
    return _bootstrap._gcd_import(name[level:], package, level)
           ~~~~~~~~~~~~~~~~~~~~~~^^^^^^^^^^^^^^^^^^^^^^^^^^^^^^
  File "<frozen importlib._bootstrap>", line 1387, in _gcd_import
  File "<frozen importlib._bootstrap>", line 1360, in _find_and_load
  File "<frozen importlib._bootstrap>", line 1331, in _find_and_load_unlocked
  File "<frozen importlib._bootstrap>", line 935, in _load_unlocked
  File "<frozen importlib._bootstrap_external>", line 1026, in exec_module
  File "<frozen importlib._bootstrap>", line 488, in _call_with_frames_removed
  File "C:\Users\hp\AppData\Roaming\Python\Python313\site-packages\transformers\models\deepseek_vl\image_processing_deepseek_vl.py", line 23, in <module>
    import torchvision.transforms.v2.functional as tvF
ModuleNotFoundError: No module named 'torchvision'
2026-08-03 21:26:45.362 Examining the path of transformers.models.deepseek_vl_hybrid.image_processing_deepseek_vl_hybrid_fast raised:
Traceback (most recent call last):
  File "C:\Users\hp\AppData\Roaming\Python\Python313\site-packages\streamlit\watcher\local_sources_watcher.py", line 267, in get_module_paths
    potential_paths = extract_paths(module)
  File "C:\Users\hp\AppData\Roaming\Python\Python313\site-packages\streamlit\watcher\local_sources_watcher.py", line 255, in <lambda>
    if hasattr(m, "__path__")
       ~~~~~~~^^^^^^^^^^^^^^^
  File "C:\Users\hp\AppData\Roaming\Python\Python313\site-packages\transformers\__init__.py", line 862, in _getattr
    return getattr(importlib.import_module(target, __name__), name)
                   ~~~~~~~~~~~~~~~~~~~~~~~^^^^^^^^^^^^^^^^^^
  File "C:\Python313\Lib\importlib\__init__.py", line 88, in import_module
    return _bootstrap._gcd_import(name[level:], package, level)
           ~~~~~~~~~~~~~~~~~~~~~~^^^^^^^^^^^^^^^^^^^^^^^^^^^^^^
  File "<frozen importlib._bootstrap>", line 1387, in _gcd_import
  File "<frozen importlib._bootstrap>", line 1360, in _find_and_load
  File "<frozen importlib._bootstrap>", line 1331, in _find_and_load_unlocked
  File "<frozen importlib._bootstrap>", line 935, in _load_unlocked
  File "<frozen importlib._bootstrap_external>", line 1026, in exec_module
  File "<frozen importlib._bootstrap>", line 488, in _call_with_frames_removed
  File "C:\Users\hp\AppData\Roaming\Python\Python313\site-packages\transformers\models\deepseek_vl_hybrid\image_processing_deepseek_vl_hybrid.py", line 25, in <module>
    import torchvision.transforms.v2.functional as tvF
ModuleNotFoundError: No module named 'torchvision'
2026-08-03 21:26:45.375 Examining the path of transformers.models.deformable_detr.image_processing_deformable_detr_fast raised:
Traceback (most recent call last):
  File "C:\Users\hp\AppData\Roaming\Python\Python313\site-packages\streamlit\watcher\local_sources_watcher.py", line 267, in get_module_paths
    potential_paths = extract_paths(module)
  File "C:\Users\hp\AppData\Roaming\Python\Python313\site-packages\streamlit\watcher\local_sources_watcher.py", line 255, in <lambda>
    if hasattr(m, "__path__")
       ~~~~~~~^^^^^^^^^^^^^^^
  File "C:\Users\hp\AppData\Roaming\Python\Python313\site-packages\transformers\__init__.py", line 862, in _getattr
    return getattr(importlib.import_module(target, __name__), name)
                   ~~~~~~~~~~~~~~~~~~~~~~~^^^^^^^^^^^^^^^^^^
  File "C:\Python313\Lib\importlib\__init__.py", line 88, in import_module
    return _bootstrap._gcd_import(name[level:], package, level)
           ~~~~~~~~~~~~~~~~~~~~~~^^^^^^^^^^^^^^^^^^^^^^^^^^^^^^
  File "<frozen importlib._bootstrap>", line 1387, in _gcd_import
  File "<frozen importlib._bootstrap>", line 1360, in _find_and_load
  File "<frozen importlib._bootstrap>", line 1331, in _find_and_load_unlocked
  File "<frozen importlib._bootstrap>", line 935, in _load_unlocked
  File "<frozen importlib._bootstrap_external>", line 1026, in exec_module
  File "<frozen importlib._bootstrap>", line 488, in _call_with_frames_removed
  File "C:\Users\hp\AppData\Roaming\Python\Python313\site-packages\transformers\models\deformable_detr\image_processing_deformable_detr.py", line 25, in <module>
    from torchvision.io import read_image
ModuleNotFoundError: No module named 'torchvision'
2026-08-03 21:26:45.394 Examining the path of transformers.models.depth_pro.image_processing_depth_pro_fast raised:
Traceback (most recent call last):
  File "C:\Users\hp\AppData\Roaming\Python\Python313\site-packages\streamlit\watcher\local_sources_watcher.py", line 267, in get_module_paths
    potential_paths = extract_paths(module)
  File "C:\Users\hp\AppData\Roaming\Python\Python313\site-packages\streamlit\watcher\local_sources_watcher.py", line 255, in <lambda>
    if hasattr(m, "__path__")
       ~~~~~~~^^^^^^^^^^^^^^^
  File "C:\Users\hp\AppData\Roaming\Python\Python313\site-packages\transformers\__init__.py", line 862, in _getattr
    return getattr(importlib.import_module(target, __name__), name)
                   ~~~~~~~~~~~~~~~~~~~~~~~^^^^^^^^^^^^^^^^^^
  File "C:\Python313\Lib\importlib\__init__.py", line 88, in import_module
    return _bootstrap._gcd_import(name[level:], package, level)
           ~~~~~~~~~~~~~~~~~~~~~~^^^^^^^^^^^^^^^^^^^^^^^^^^^^^^
  File "<frozen importlib._bootstrap>", line 1387, in _gcd_import
  File "<frozen importlib._bootstrap>", line 1360, in _find_and_load
  File "<frozen importlib._bootstrap>", line 1331, in _find_and_load_unlocked
  File "<frozen importlib._bootstrap>", line 935, in _load_unlocked
  File "<frozen importlib._bootstrap_external>", line 1026, in exec_module
  File "<frozen importlib._bootstrap>", line 488, in _call_with_frames_removed
  File "C:\Users\hp\AppData\Roaming\Python\Python313\site-packages\transformers\models\depth_pro\image_processing_depth_pro.py", line 19, in <module>
    from torchvision.transforms.v2 import functional as tvF
ModuleNotFoundError: No module named 'torchvision'
2026-08-03 21:26:45.402 Examining the path of transformers.models.detr.image_processing_detr_fast raised:
Traceback (most recent call last):
  File "C:\Users\hp\AppData\Roaming\Python\Python313\site-packages\streamlit\watcher\local_sources_watcher.py", line 267, in get_module_paths
    potential_paths = extract_paths(module)
  File "C:\Users\hp\AppData\Roaming\Python\Python313\site-packages\streamlit\watcher\local_sources_watcher.py", line 255, in <lambda>
    if hasattr(m, "__path__")
       ~~~~~~~^^^^^^^^^^^^^^^
  File "C:\Users\hp\AppData\Roaming\Python\Python313\site-packages\transformers\__init__.py", line 862, in _getattr
    return getattr(importlib.import_module(target, __name__), name)
                   ~~~~~~~~~~~~~~~~~~~~~~~^^^^^^^^^^^^^^^^^^
  File "C:\Python313\Lib\importlib\__init__.py", line 88, in import_module
    return _bootstrap._gcd_import(name[level:], package, level)
           ~~~~~~~~~~~~~~~~~~~~~~^^^^^^^^^^^^^^^^^^^^^^^^^^^^^^
  File "<frozen importlib._bootstrap>", line 1387, in _gcd_import
  File "<frozen importlib._bootstrap>", line 1360, in _find_and_load
  File "<frozen importlib._bootstrap>", line 1331, in _find_and_load_unlocked
  File "<frozen importlib._bootstrap>", line 935, in _load_unlocked
  File "<frozen importlib._bootstrap_external>", line 1026, in exec_module
  File "<frozen importlib._bootstrap>", line 488, in _call_with_frames_removed
  File "C:\Users\hp\AppData\Roaming\Python\Python313\site-packages\transformers\models\detr\image_processing_detr.py", line 22, in <module>
    from torchvision.io import read_image
ModuleNotFoundError: No module named 'torchvision'
2026-08-03 21:26:45.415 Examining the path of transformers.models.dinov3_vit.image_processing_dinov3_vit_fast raised:
Traceback (most recent call last):
  File "C:\Users\hp\AppData\Roaming\Python\Python313\site-packages\streamlit\watcher\local_sources_watcher.py", line 267, in get_module_paths
    potential_paths = extract_paths(module)
  File "C:\Users\hp\AppData\Roaming\Python\Python313\site-packages\streamlit\watcher\local_sources_watcher.py", line 255, in <lambda>
    if hasattr(m, "__path__")
       ~~~~~~~^^^^^^^^^^^^^^^
  File "C:\Users\hp\AppData\Roaming\Python\Python313\site-packages\transformers\__init__.py", line 862, in _getattr
    return getattr(importlib.import_module(target, __name__), name)
                   ~~~~~~~~~~~~~~~~~~~~~~~^^^^^^^^^^^^^^^^^^
  File "C:\Python313\Lib\importlib\__init__.py", line 88, in import_module
    return _bootstrap._gcd_import(name[level:], package, level)
           ~~~~~~~~~~~~~~~~~~~~~~^^^^^^^^^^^^^^^^^^^^^^^^^^^^^^
  File "<frozen importlib._bootstrap>", line 1387, in _gcd_import
  File "<frozen importlib._bootstrap>", line 1360, in _find_and_load
  File "<frozen importlib._bootstrap>", line 1331, in _find_and_load_unlocked
  File "<frozen importlib._bootstrap>", line 935, in _load_unlocked
  File "<frozen importlib._bootstrap_external>", line 1026, in exec_module
  File "<frozen importlib._bootstrap>", line 488, in _call_with_frames_removed
  File "C:\Users\hp\AppData\Roaming\Python\Python313\site-packages\transformers\models\dinov3_vit\image_processing_dinov3_vit.py", line 17, in <module>
    from torchvision.transforms.v2 import functional as tvF
ModuleNotFoundError: No module named 'torchvision'
2026-08-03 21:26:45.424 Examining the path of transformers.models.donut.image_processing_donut_fast raised:
Traceback (most recent call last):
  File "C:\Users\hp\AppData\Roaming\Python\Python313\site-packages\streamlit\watcher\local_sources_watcher.py", line 267, in get_module_paths
    potential_paths = extract_paths(module)
  File "C:\Users\hp\AppData\Roaming\Python\Python313\site-packages\streamlit\watcher\local_sources_watcher.py", line 255, in <lambda>
    if hasattr(m, "__path__")
       ~~~~~~~^^^^^^^^^^^^^^^
  File "C:\Users\hp\AppData\Roaming\Python\Python313\site-packages\transformers\__init__.py", line 862, in _getattr
    return getattr(importlib.import_module(target, __name__), name)
                   ~~~~~~~~~~~~~~~~~~~~~~~^^^^^^^^^^^^^^^^^^
  File "C:\Python313\Lib\importlib\__init__.py", line 88, in import_module
    return _bootstrap._gcd_import(name[level:], package, level)
           ~~~~~~~~~~~~~~~~~~~~~~^^^^^^^^^^^^^^^^^^^^^^^^^^^^^^
  File "<frozen importlib._bootstrap>", line 1387, in _gcd_import
  File "<frozen importlib._bootstrap>", line 1360, in _find_and_load
  File "<frozen importlib._bootstrap>", line 1331, in _find_and_load_unlocked
  File "<frozen importlib._bootstrap>", line 935, in _load_unlocked
  File "<frozen importlib._bootstrap_external>", line 1026, in exec_module
  File "<frozen importlib._bootstrap>", line 488, in _call_with_frames_removed
  File "C:\Users\hp\AppData\Roaming\Python\Python313\site-packages\transformers\models\donut\image_processing_donut.py", line 17, in <module>
    from torchvision.transforms.v2 import functional as tvF
ModuleNotFoundError: No module named 'torchvision'
2026-08-03 21:26:45.435 Examining the path of transformers.models.dpt.image_processing_dpt_fast raised:
Traceback (most recent call last):
  File "C:\Users\hp\AppData\Roaming\Python\Python313\site-packages\streamlit\watcher\local_sources_watcher.py", line 267, in get_module_paths
    potential_paths = extract_paths(module)
  File "C:\Users\hp\AppData\Roaming\Python\Python313\site-packages\streamlit\watcher\local_sources_watcher.py", line 255, in <lambda>
    if hasattr(m, "__path__")
       ~~~~~~~^^^^^^^^^^^^^^^
  File "C:\Users\hp\AppData\Roaming\Python\Python313\site-packages\transformers\__init__.py", line 862, in _getattr
    return getattr(importlib.import_module(target, __name__), name)
                   ~~~~~~~~~~~~~~~~~~~~~~~^^^^^^^^^^^^^^^^^^
  File "C:\Python313\Lib\importlib\__init__.py", line 88, in import_module
    return _bootstrap._gcd_import(name[level:], package, level)
           ~~~~~~~~~~~~~~~~~~~~~~^^^^^^^^^^^^^^^^^^^^^^^^^^^^^^
  File "<frozen importlib._bootstrap>", line 1387, in _gcd_import
  File "<frozen importlib._bootstrap>", line 1360, in _find_and_load
  File "<frozen importlib._bootstrap>", line 1331, in _find_and_load_unlocked
  File "<frozen importlib._bootstrap>", line 935, in _load_unlocked
  File "<frozen importlib._bootstrap_external>", line 1026, in exec_module
  File "<frozen importlib._bootstrap>", line 488, in _call_with_frames_removed
  File "C:\Users\hp\AppData\Roaming\Python\Python313\site-packages\transformers\models\dpt\image_processing_dpt.py", line 28, in <module>
    from torchvision.transforms.v2 import functional as tvF
ModuleNotFoundError: No module named 'torchvision'
2026-08-03 21:26:45.452 Examining the path of transformers.models.efficientloftr.image_processing_efficientloftr_fast raised:
Traceback (most recent call last):
  File "C:\Users\hp\AppData\Roaming\Python\Python313\site-packages\streamlit\watcher\local_sources_watcher.py", line 267, in get_module_paths
    potential_paths = extract_paths(module)
  File "C:\Users\hp\AppData\Roaming\Python\Python313\site-packages\streamlit\watcher\local_sources_watcher.py", line 255, in <lambda>
    if hasattr(m, "__path__")
       ~~~~~~~^^^^^^^^^^^^^^^
  File "C:\Users\hp\AppData\Roaming\Python\Python313\site-packages\transformers\__init__.py", line 862, in _getattr
    return getattr(importlib.import_module(target, __name__), name)
                   ~~~~~~~~~~~~~~~~~~~~~~~^^^^^^^^^^^^^^^^^^
  File "C:\Python313\Lib\importlib\__init__.py", line 88, in import_module
    return _bootstrap._gcd_import(name[level:], package, level)
           ~~~~~~~~~~~~~~~~~~~~~~^^^^^^^^^^^^^^^^^^^^^^^^^^^^^^
  File "<frozen importlib._bootstrap>", line 1387, in _gcd_import
  File "<frozen importlib._bootstrap>", line 1360, in _find_and_load
  File "<frozen importlib._bootstrap>", line 1331, in _find_and_load_unlocked
  File "<frozen importlib._bootstrap>", line 935, in _load_unlocked
  File "<frozen importlib._bootstrap_external>", line 1026, in exec_module
  File "<frozen importlib._bootstrap>", line 488, in _call_with_frames_removed
  File "C:\Users\hp\AppData\Roaming\Python\Python313\site-packages\transformers\models\efficientloftr\image_processing_efficientloftr.py", line 10, in <module>
    from torchvision.transforms.v2 import functional as tvF
ModuleNotFoundError: No module named 'torchvision'
2026-08-03 21:26:45.464 Examining the path of transformers.models.efficientnet.image_processing_efficientnet_fast raised:
Traceback (most recent call last):
  File "C:\Users\hp\AppData\Roaming\Python\Python313\site-packages\streamlit\watcher\local_sources_watcher.py", line 267, in get_module_paths
    potential_paths = extract_paths(module)
  File "C:\Users\hp\AppData\Roaming\Python\Python313\site-packages\streamlit\watcher\local_sources_watcher.py", line 255, in <lambda>
    if hasattr(m, "__path__")
       ~~~~~~~^^^^^^^^^^^^^^^
  File "C:\Users\hp\AppData\Roaming\Python\Python313\site-packages\transformers\__init__.py", line 862, in _getattr
    return getattr(importlib.import_module(target, __name__), name)
                   ~~~~~~~~~~~~~~~~~~~~~~~^^^^^^^^^^^^^^^^^^
  File "C:\Python313\Lib\importlib\__init__.py", line 88, in import_module
    return _bootstrap._gcd_import(name[level:], package, level)
           ~~~~~~~~~~~~~~~~~~~~~~^^^^^^^^^^^^^^^^^^^^^^^^^^^^^^
  File "<frozen importlib._bootstrap>", line 1387, in _gcd_import
  File "<frozen importlib._bootstrap>", line 1360, in _find_and_load
  File "<frozen importlib._bootstrap>", line 1331, in _find_and_load_unlocked
  File "<frozen importlib._bootstrap>", line 935, in _load_unlocked
  File "<frozen importlib._bootstrap_external>", line 1026, in exec_module
  File "<frozen importlib._bootstrap>", line 488, in _call_with_frames_removed
  File "C:\Users\hp\AppData\Roaming\Python\Python313\site-packages\transformers\models\efficientnet\image_processing_efficientnet.py", line 20, in <module>
    from torchvision.transforms.v2 import functional as tvF
ModuleNotFoundError: No module named 'torchvision'
2026-08-03 21:26:45.479 Examining the path of transformers.models.eomt.image_processing_eomt_fast raised:
Traceback (most recent call last):
  File "C:\Users\hp\AppData\Roaming\Python\Python313\site-packages\streamlit\watcher\local_sources_watcher.py", line 267, in get_module_paths
    potential_paths = extract_paths(module)
  File "C:\Users\hp\AppData\Roaming\Python\Python313\site-packages\streamlit\watcher\local_sources_watcher.py", line 255, in <lambda>
    if hasattr(m, "__path__")
       ~~~~~~~^^^^^^^^^^^^^^^
  File "C:\Users\hp\AppData\Roaming\Python\Python313\site-packages\transformers\__init__.py", line 862, in _getattr
    return getattr(importlib.import_module(target, __name__), name)
                   ~~~~~~~~~~~~~~~~~~~~~~~^^^^^^^^^^^^^^^^^^
  File "C:\Python313\Lib\importlib\__init__.py", line 88, in import_module
    return _bootstrap._gcd_import(name[level:], package, level)
           ~~~~~~~~~~~~~~~~~~~~~~^^^^^^^^^^^^^^^^^^^^^^^^^^^^^^
  File "<frozen importlib._bootstrap>", line 1387, in _gcd_import
  File "<frozen importlib._bootstrap>", line 1360, in _find_and_load
  File "<frozen importlib._bootstrap>", line 1331, in _find_and_load_unlocked
  File "<frozen importlib._bootstrap>", line 935, in _load_unlocked
  File "<frozen importlib._bootstrap_external>", line 1026, in exec_module
  File "<frozen importlib._bootstrap>", line 488, in _call_with_frames_removed
  File "C:\Users\hp\AppData\Roaming\Python\Python313\site-packages\transformers\models\eomt\image_processing_eomt.py", line 20, in <module>
    from torchvision.transforms.v2 import functional as tvF
ModuleNotFoundError: No module named 'torchvision'
2026-08-03 21:26:45.493 Examining the path of transformers.models.ernie4_5_vl_moe.image_processing_ernie4_5_vl_moe_fast raised:
Traceback (most recent call last):
  File "C:\Users\hp\AppData\Roaming\Python\Python313\site-packages\streamlit\watcher\local_sources_watcher.py", line 267, in get_module_paths
    potential_paths = extract_paths(module)
  File "C:\Users\hp\AppData\Roaming\Python\Python313\site-packages\streamlit\watcher\local_sources_watcher.py", line 255, in <lambda>
    if hasattr(m, "__path__")
       ~~~~~~~^^^^^^^^^^^^^^^
  File "C:\Users\hp\AppData\Roaming\Python\Python313\site-packages\transformers\__init__.py", line 862, in _getattr
    return getattr(importlib.import_module(target, __name__), name)
                   ~~~~~~~~~~~~~~~~~~~~~~~^^^^^^^^^^^^^^^^^^
  File "C:\Python313\Lib\importlib\__init__.py", line 88, in import_module
    return _bootstrap._gcd_import(name[level:], package, level)
           ~~~~~~~~~~~~~~~~~~~~~~^^^^^^^^^^^^^^^^^^^^^^^^^^^^^^
  File "<frozen importlib._bootstrap>", line 1387, in _gcd_import
  File "<frozen importlib._bootstrap>", line 1360, in _find_and_load
  File "<frozen importlib._bootstrap>", line 1331, in _find_and_load_unlocked
  File "<frozen importlib._bootstrap>", line 935, in _load_unlocked
  File "<frozen importlib._bootstrap_external>", line 1026, in exec_module
  File "<frozen importlib._bootstrap>", line 488, in _call_with_frames_removed
  File "C:\Users\hp\AppData\Roaming\Python\Python313\site-packages\transformers\models\ernie4_5_vl_moe\image_processing_ernie4_5_vl_moe.py", line 23, in <module>
    from torchvision.transforms.v2 import functional as tvF
ModuleNotFoundError: No module named 'torchvision'
2026-08-03 21:26:45.511 Examining the path of transformers.models.flava.image_processing_flava_fast raised:
Traceback (most recent call last):
  File "C:\Users\hp\AppData\Roaming\Python\Python313\site-packages\streamlit\watcher\local_sources_watcher.py", line 267, in get_module_paths
    potential_paths = extract_paths(module)
  File "C:\Users\hp\AppData\Roaming\Python\Python313\site-packages\streamlit\watcher\local_sources_watcher.py", line 255, in <lambda>
    if hasattr(m, "__path__")
       ~~~~~~~^^^^^^^^^^^^^^^
  File "C:\Users\hp\AppData\Roaming\Python\Python313\site-packages\transformers\__init__.py", line 862, in _getattr
    return getattr(importlib.import_module(target, __name__), name)
                   ~~~~~~~~~~~~~~~~~~~~~~~^^^^^^^^^^^^^^^^^^
  File "C:\Python313\Lib\importlib\__init__.py", line 88, in import_module
    return _bootstrap._gcd_import(name[level:], package, level)
           ~~~~~~~~~~~~~~~~~~~~~~^^^^^^^^^^^^^^^^^^^^^^^^^^^^^^
  File "<frozen importlib._bootstrap>", line 1387, in _gcd_import
  File "<frozen importlib._bootstrap>", line 1360, in _find_and_load
  File "<frozen importlib._bootstrap>", line 1331, in _find_and_load_unlocked
  File "<frozen importlib._bootstrap>", line 935, in _load_unlocked
  File "<frozen importlib._bootstrap_external>", line 1026, in exec_module
  File "<frozen importlib._bootstrap>", line 488, in _call_with_frames_removed
  File "C:\Users\hp\AppData\Roaming\Python\Python313\site-packages\transformers\models\flava\image_processing_flava.py", line 23, in <module>
    from torchvision.transforms.v2 import functional as tvF
ModuleNotFoundError: No module named 'torchvision'
2026-08-03 21:26:45.530 Examining the path of transformers.models.fuyu.image_processing_fuyu_fast raised:
Traceback (most recent call last):
  File "C:\Users\hp\AppData\Roaming\Python\Python313\site-packages\streamlit\watcher\local_sources_watcher.py", line 267, in get_module_paths
    potential_paths = extract_paths(module)
  File "C:\Users\hp\AppData\Roaming\Python\Python313\site-packages\streamlit\watcher\local_sources_watcher.py", line 255, in <lambda>
    if hasattr(m, "__path__")
       ~~~~~~~^^^^^^^^^^^^^^^
  File "C:\Users\hp\AppData\Roaming\Python\Python313\site-packages\transformers\__init__.py", line 862, in _getattr
    return getattr(importlib.import_module(target, __name__), name)
                   ~~~~~~~~~~~~~~~~~~~~~~~^^^^^^^^^^^^^^^^^^
  File "C:\Python313\Lib\importlib\__init__.py", line 88, in import_module
    return _bootstrap._gcd_import(name[level:], package, level)
           ~~~~~~~~~~~~~~~~~~~~~~^^^^^^^^^^^^^^^^^^^^^^^^^^^^^^
  File "<frozen importlib._bootstrap>", line 1387, in _gcd_import
  File "<frozen importlib._bootstrap>", line 1360, in _find_and_load
  File "<frozen importlib._bootstrap>", line 1331, in _find_and_load_unlocked
  File "<frozen importlib._bootstrap>", line 935, in _load_unlocked
  File "<frozen importlib._bootstrap_external>", line 1026, in exec_module
  File "<frozen importlib._bootstrap>", line 488, in _call_with_frames_removed
  File "C:\Users\hp\AppData\Roaming\Python\Python313\site-packages\transformers\models\fuyu\image_processing_fuyu.py", line 19, in <module>
    from torchvision.transforms.v2 import functional as tvF
ModuleNotFoundError: No module named 'torchvision'
2026-08-03 21:26:45.538 Examining the path of transformers.models.gemma3.image_processing_gemma3_fast raised:
Traceback (most recent call last):
  File "C:\Users\hp\AppData\Roaming\Python\Python313\site-packages\streamlit\watcher\local_sources_watcher.py", line 267, in get_module_paths
    potential_paths = extract_paths(module)
  File "C:\Users\hp\AppData\Roaming\Python\Python313\site-packages\streamlit\watcher\local_sources_watcher.py", line 255, in <lambda>
    if hasattr(m, "__path__")
       ~~~~~~~^^^^^^^^^^^^^^^
  File "C:\Users\hp\AppData\Roaming\Python\Python313\site-packages\transformers\__init__.py", line 862, in _getattr
    return getattr(importlib.import_module(target, __name__), name)
                   ~~~~~~~~~~~~~~~~~~~~~~~^^^^^^^^^^^^^^^^^^
  File "C:\Python313\Lib\importlib\__init__.py", line 88, in import_module
    return _bootstrap._gcd_import(name[level:], package, level)
           ~~~~~~~~~~~~~~~~~~~~~~^^^^^^^^^^^^^^^^^^^^^^^^^^^^^^
  File "<frozen importlib._bootstrap>", line 1387, in _gcd_import
  File "<frozen importlib._bootstrap>", line 1360, in _find_and_load
  File "<frozen importlib._bootstrap>", line 1331, in _find_and_load_unlocked
  File "<frozen importlib._bootstrap>", line 935, in _load_unlocked
  File "<frozen importlib._bootstrap_external>", line 1026, in exec_module
  File "<frozen importlib._bootstrap>", line 488, in _call_with_frames_removed
  File "C:\Users\hp\AppData\Roaming\Python\Python313\site-packages\transformers\models\gemma3\image_processing_gemma3.py", line 20, in <module>
    from torchvision.transforms.v2 import functional as tvF
ModuleNotFoundError: No module named 'torchvision'
2026-08-03 21:26:45.562 Examining the path of transformers.models.gemma4.image_processing_gemma4_fast raised:
Traceback (most recent call last):
  File "C:\Users\hp\AppData\Roaming\Python\Python313\site-packages\streamlit\watcher\local_sources_watcher.py", line 267, in get_module_paths
    potential_paths = extract_paths(module)
  File "C:\Users\hp\AppData\Roaming\Python\Python313\site-packages\streamlit\watcher\local_sources_watcher.py", line 255, in <lambda>
    if hasattr(m, "__path__")
       ~~~~~~~^^^^^^^^^^^^^^^
  File "C:\Users\hp\AppData\Roaming\Python\Python313\site-packages\transformers\__init__.py", line 862, in _getattr
    return getattr(importlib.import_module(target, __name__), name)
                   ~~~~~~~~~~~~~~~~~~~~~~~^^^^^^^^^^^^^^^^^^
  File "C:\Python313\Lib\importlib\__init__.py", line 88, in import_module
    return _bootstrap._gcd_import(name[level:], package, level)
           ~~~~~~~~~~~~~~~~~~~~~~^^^^^^^^^^^^^^^^^^^^^^^^^^^^^^
  File "<frozen importlib._bootstrap>", line 1387, in _gcd_import
  File "<frozen importlib._bootstrap>", line 1360, in _find_and_load
  File "<frozen importlib._bootstrap>", line 1331, in _find_and_load_unlocked
  File "<frozen importlib._bootstrap>", line 935, in _load_unlocked
  File "<frozen importlib._bootstrap_external>", line 1026, in exec_module
  File "<frozen importlib._bootstrap>", line 488, in _call_with_frames_removed
  File "C:\Users\hp\AppData\Roaming\Python\Python313\site-packages\transformers\models\gemma4\image_processing_gemma4.py", line 17, in <module>
    from torchvision.transforms.v2 import functional as tvF
ModuleNotFoundError: No module named 'torchvision'
2026-08-03 21:26:45.581 Examining the path of transformers.models.gemma4_unified.image_processing_gemma4_unified_fast raised:
Traceback (most recent call last):
  File "C:\Users\hp\AppData\Roaming\Python\Python313\site-packages\streamlit\watcher\local_sources_watcher.py", line 267, in get_module_paths
    potential_paths = extract_paths(module)
  File "C:\Users\hp\AppData\Roaming\Python\Python313\site-packages\streamlit\watcher\local_sources_watcher.py", line 255, in <lambda>
    if hasattr(m, "__path__")
       ~~~~~~~^^^^^^^^^^^^^^^
  File "C:\Users\hp\AppData\Roaming\Python\Python313\site-packages\transformers\__init__.py", line 862, in _getattr
    return getattr(importlib.import_module(target, __name__), name)
                   ~~~~~~~~~~~~~~~~~~~~~~~^^^^^^^^^^^^^^^^^^
  File "C:\Python313\Lib\importlib\__init__.py", line 88, in import_module
    return _bootstrap._gcd_import(name[level:], package, level)
           ~~~~~~~~~~~~~~~~~~~~~~^^^^^^^^^^^^^^^^^^^^^^^^^^^^^^
  File "<frozen importlib._bootstrap>", line 1387, in _gcd_import
  File "<frozen importlib._bootstrap>", line 1360, in _find_and_load
  File "<frozen importlib._bootstrap>", line 1331, in _find_and_load_unlocked
  File "<frozen importlib._bootstrap>", line 935, in _load_unlocked
  File "<frozen importlib._bootstrap_external>", line 1026, in exec_module
  File "<frozen importlib._bootstrap>", line 488, in _call_with_frames_removed
  File "C:\Users\hp\AppData\Roaming\Python\Python313\site-packages\transformers\models\gemma4_unified\image_processing_gemma4_unified.py", line 23, in <module>
    from torchvision.transforms.v2 import functional as tvF
ModuleNotFoundError: No module named 'torchvision'
2026-08-03 21:26:45.589 Examining the path of transformers.models.glm46v.image_processing_glm46v_fast raised:
Traceback (most recent call last):
  File "C:\Users\hp\AppData\Roaming\Python\Python313\site-packages\streamlit\watcher\local_sources_watcher.py", line 267, in get_module_paths
    potential_paths = extract_paths(module)
  File "C:\Users\hp\AppData\Roaming\Python\Python313\site-packages\streamlit\watcher\local_sources_watcher.py", line 255, in <lambda>
    if hasattr(m, "__path__")
       ~~~~~~~^^^^^^^^^^^^^^^
  File "C:\Users\hp\AppData\Roaming\Python\Python313\site-packages\transformers\__init__.py", line 862, in _getattr
    return getattr(importlib.import_module(target, __name__), name)
                   ~~~~~~~~~~~~~~~~~~~~~~~^^^^^^^^^^^^^^^^^^
  File "C:\Python313\Lib\importlib\__init__.py", line 88, in import_module
    return _bootstrap._gcd_import(name[level:], package, level)
           ~~~~~~~~~~~~~~~~~~~~~~^^^^^^^^^^^^^^^^^^^^^^^^^^^^^^
  File "<frozen importlib._bootstrap>", line 1387, in _gcd_import
  File "<frozen importlib._bootstrap>", line 1360, in _find_and_load
  File "<frozen importlib._bootstrap>", line 1331, in _find_and_load_unlocked
  File "<frozen importlib._bootstrap>", line 935, in _load_unlocked
  File "<frozen importlib._bootstrap_external>", line 1026, in exec_module
  File "<frozen importlib._bootstrap>", line 488, in _call_with_frames_removed
  File "C:\Users\hp\AppData\Roaming\Python\Python313\site-packages\transformers\models\glm46v\image_processing_glm46v.py", line 25, in <module>
    from torchvision.transforms.v2 import functional as tvF
ModuleNotFoundError: No module named 'torchvision'
2026-08-03 21:26:45.602 Examining the path of transformers.models.glm4v.image_processing_glm4v_fast raised:
Traceback (most recent call last):
  File "C:\Users\hp\AppData\Roaming\Python\Python313\site-packages\streamlit\watcher\local_sources_watcher.py", line 267, in get_module_paths
    potential_paths = extract_paths(module)
  File "C:\Users\hp\AppData\Roaming\Python\Python313\site-packages\streamlit\watcher\local_sources_watcher.py", line 255, in <lambda>
    if hasattr(m, "__path__")
       ~~~~~~~^^^^^^^^^^^^^^^
  File "C:\Users\hp\AppData\Roaming\Python\Python313\site-packages\transformers\__init__.py", line 862, in _getattr
    return getattr(importlib.import_module(target, __name__), name)
                   ~~~~~~~~~~~~~~~~~~~~~~~^^^^^^^^^^^^^^^^^^
  File "C:\Python313\Lib\importlib\__init__.py", line 88, in import_module
    return _bootstrap._gcd_import(name[level:], package, level)
           ~~~~~~~~~~~~~~~~~~~~~~^^^^^^^^^^^^^^^^^^^^^^^^^^^^^^
  File "<frozen importlib._bootstrap>", line 1387, in _gcd_import
  File "<frozen importlib._bootstrap>", line 1360, in _find_and_load
  File "<frozen importlib._bootstrap>", line 1331, in _find_and_load_unlocked
  File "<frozen importlib._bootstrap>", line 935, in _load_unlocked
  File "<frozen importlib._bootstrap_external>", line 1026, in exec_module
  File "<frozen importlib._bootstrap>", line 488, in _call_with_frames_removed
  File "C:\Users\hp\AppData\Roaming\Python\Python313\site-packages\transformers\models\glm4v\image_processing_glm4v.py", line 19, in <module>
    from torchvision.transforms.v2 import functional as tvF
ModuleNotFoundError: No module named 'torchvision'
2026-08-03 21:26:45.616 Examining the path of transformers.models.glm_image.image_processing_glm_image_fast raised:
Traceback (most recent call last):
  File "C:\Users\hp\AppData\Roaming\Python\Python313\site-packages\streamlit\watcher\local_sources_watcher.py", line 267, in get_module_paths
    potential_paths = extract_paths(module)
  File "C:\Users\hp\AppData\Roaming\Python\Python313\site-packages\streamlit\watcher\local_sources_watcher.py", line 255, in <lambda>
    if hasattr(m, "__path__")
       ~~~~~~~^^^^^^^^^^^^^^^
  File "C:\Users\hp\AppData\Roaming\Python\Python313\site-packages\transformers\__init__.py", line 862, in _getattr
    return getattr(importlib.import_module(target, __name__), name)
                   ~~~~~~~~~~~~~~~~~~~~~~~^^^^^^^^^^^^^^^^^^
  File "C:\Python313\Lib\importlib\__init__.py", line 88, in import_module
    return _bootstrap._gcd_import(name[level:], package, level)
           ~~~~~~~~~~~~~~~~~~~~~~^^^^^^^^^^^^^^^^^^^^^^^^^^^^^^
  File "<frozen importlib._bootstrap>", line 1387, in _gcd_import
  File "<frozen importlib._bootstrap>", line 1360, in _find_and_load
  File "<frozen importlib._bootstrap>", line 1331, in _find_and_load_unlocked
  File "<frozen importlib._bootstrap>", line 935, in _load_unlocked
  File "<frozen importlib._bootstrap_external>", line 1026, in exec_module
  File "<frozen importlib._bootstrap>", line 488, in _call_with_frames_removed
  File "C:\Users\hp\AppData\Roaming\Python\Python313\site-packages\transformers\models\glm_image\image_processing_glm_image.py", line 25, in <module>
    from torchvision.transforms.v2 import functional as tvF
ModuleNotFoundError: No module named 'torchvision'
2026-08-03 21:26:45.635 Examining the path of transformers.models.glmga.image_processing_glmga_fast raised:
Traceback (most recent call last):
  File "C:\Users\hp\AppData\Roaming\Python\Python313\site-packages\streamlit\watcher\local_sources_watcher.py", line 267, in get_module_paths
    potential_paths = extract_paths(module)
  File "C:\Users\hp\AppData\Roaming\Python\Python313\site-packages\streamlit\watcher\local_sources_watcher.py", line 255, in <lambda>
    if hasattr(m, "__path__")
       ~~~~~~~^^^^^^^^^^^^^^^
  File "C:\Users\hp\AppData\Roaming\Python\Python313\site-packages\transformers\__init__.py", line 862, in _getattr
    return getattr(importlib.import_module(target, __name__), name)
                   ~~~~~~~~~~~~~~~~~~~~~~~^^^^^^^^^^^^^^^^^^
  File "C:\Python313\Lib\importlib\__init__.py", line 88, in import_module
    return _bootstrap._gcd_import(name[level:], package, level)
           ~~~~~~~~~~~~~~~~~~~~~~^^^^^^^^^^^^^^^^^^^^^^^^^^^^^^
  File "<frozen importlib._bootstrap>", line 1387, in _gcd_import
  File "<frozen importlib._bootstrap>", line 1360, in _find_and_load
  File "<frozen importlib._bootstrap>", line 1331, in _find_and_load_unlocked
  File "<frozen importlib._bootstrap>", line 935, in _load_unlocked
  File "<frozen importlib._bootstrap_external>", line 1026, in exec_module
  File "<frozen importlib._bootstrap>", line 488, in _call_with_frames_removed
  File "C:\Users\hp\AppData\Roaming\Python\Python313\site-packages\transformers\models\glmga\image_processing_glmga.py", line 24, in <module>
    from torchvision.transforms.v2 import functional as tvF
ModuleNotFoundError: No module named 'torchvision'
2026-08-03 21:26:45.647 Examining the path of transformers.models.glpn.image_processing_glpn_fast raised:
Traceback (most recent call last):
  File "C:\Users\hp\AppData\Roaming\Python\Python313\site-packages\streamlit\watcher\local_sources_watcher.py", line 267, in get_module_paths
    potential_paths = extract_paths(module)
  File "C:\Users\hp\AppData\Roaming\Python\Python313\site-packages\streamlit\watcher\local_sources_watcher.py", line 255, in <lambda>
    if hasattr(m, "__path__")
       ~~~~~~~^^^^^^^^^^^^^^^
  File "C:\Users\hp\AppData\Roaming\Python\Python313\site-packages\transformers\__init__.py", line 862, in _getattr
    return getattr(importlib.import_module(target, __name__), name)
                   ~~~~~~~~~~~~~~~~~~~~~~~^^^^^^^^^^^^^^^^^^
  File "C:\Python313\Lib\importlib\__init__.py", line 88, in import_module
    return _bootstrap._gcd_import(name[level:], package, level)
           ~~~~~~~~~~~~~~~~~~~~~~^^^^^^^^^^^^^^^^^^^^^^^^^^^^^^
  File "<frozen importlib._bootstrap>", line 1387, in _gcd_import
  File "<frozen importlib._bootstrap>", line 1360, in _find_and_load
  File "<frozen importlib._bootstrap>", line 1331, in _find_and_load_unlocked
  File "<frozen importlib._bootstrap>", line 935, in _load_unlocked
  File "<frozen importlib._bootstrap_external>", line 1026, in exec_module
  File "<frozen importlib._bootstrap>", line 488, in _call_with_frames_removed
  File "C:\Users\hp\AppData\Roaming\Python\Python313\site-packages\transformers\models\glpn\image_processing_glpn.py", line 34, in <module>
    from torchvision.transforms.v2 import functional as tvF
ModuleNotFoundError: No module named 'torchvision'
2026-08-03 21:26:45.659 Examining the path of transformers.models.got_ocr2.image_processing_got_ocr2_fast raised:
Traceback (most recent call last):
  File "C:\Users\hp\AppData\Roaming\Python\Python313\site-packages\streamlit\watcher\local_sources_watcher.py", line 267, in get_module_paths
    potential_paths = extract_paths(module)
  File "C:\Users\hp\AppData\Roaming\Python\Python313\site-packages\streamlit\watcher\local_sources_watcher.py", line 255, in <lambda>
    if hasattr(m, "__path__")
       ~~~~~~~^^^^^^^^^^^^^^^
  File "C:\Users\hp\AppData\Roaming\Python\Python313\site-packages\transformers\__init__.py", line 862, in _getattr
    return getattr(importlib.import_module(target, __name__), name)
                   ~~~~~~~~~~~~~~~~~~~~~~~^^^^^^^^^^^^^^^^^^
  File "C:\Python313\Lib\importlib\__init__.py", line 88, in import_module
    return _bootstrap._gcd_import(name[level:], package, level)
           ~~~~~~~~~~~~~~~~~~~~~~^^^^^^^^^^^^^^^^^^^^^^^^^^^^^^
  File "<frozen importlib._bootstrap>", line 1387, in _gcd_import
  File "<frozen importlib._bootstrap>", line 1360, in _find_and_load
  File "<frozen importlib._bootstrap>", line 1331, in _find_and_load_unlocked
  File "<frozen importlib._bootstrap>", line 935, in _load_unlocked
  File "<frozen importlib._bootstrap_external>", line 1026, in exec_module
  File "<frozen importlib._bootstrap>", line 488, in _call_with_frames_removed
  File "C:\Users\hp\AppData\Roaming\Python\Python313\site-packages\transformers\models\got_ocr2\image_processing_got_ocr2.py", line 19, in <module>
    from torchvision.transforms.v2 import functional as tvF
ModuleNotFoundError: No module named 'torchvision'
2026-08-03 21:26:45.669 Examining the path of transformers.models.grounding_dino.image_processing_grounding_dino_fast raised:
Traceback (most recent call last):
  File "C:\Users\hp\AppData\Roaming\Python\Python313\site-packages\streamlit\watcher\local_sources_watcher.py", line 267, in get_module_paths
    potential_paths = extract_paths(module)
  File "C:\Users\hp\AppData\Roaming\Python\Python313\site-packages\streamlit\watcher\local_sources_watcher.py", line 255, in <lambda>
    if hasattr(m, "__path__")
       ~~~~~~~^^^^^^^^^^^^^^^
  File "C:\Users\hp\AppData\Roaming\Python\Python313\site-packages\transformers\__init__.py", line 862, in _getattr
    return getattr(importlib.import_module(target, __name__), name)
                   ~~~~~~~~~~~~~~~~~~~~~~~^^^^^^^^^^^^^^^^^^
  File "C:\Python313\Lib\importlib\__init__.py", line 88, in import_module
    return _bootstrap._gcd_import(name[level:], package, level)
           ~~~~~~~~~~~~~~~~~~~~~~^^^^^^^^^^^^^^^^^^^^^^^^^^^^^^
  File "<frozen importlib._bootstrap>", line 1387, in _gcd_import
  File "<frozen importlib._bootstrap>", line 1360, in _find_and_load
  File "<frozen importlib._bootstrap>", line 1331, in _find_and_load_unlocked
  File "<frozen importlib._bootstrap>", line 935, in _load_unlocked
  File "<frozen importlib._bootstrap_external>", line 1026, in exec_module
  File "<frozen importlib._bootstrap>", line 488, in _call_with_frames_removed
  File "C:\Users\hp\AppData\Roaming\Python\Python313\site-packages\transformers\models\grounding_dino\image_processing_grounding_dino.py", line 30, in <module>
    from torchvision.io import read_image
ModuleNotFoundError: No module named 'torchvision'
2026-08-03 21:26:45.687 Examining the path of transformers.models.hunyuan_vl.image_processing_hunyuan_vl_fast raised:
Traceback (most recent call last):
  File "C:\Users\hp\AppData\Roaming\Python\Python313\site-packages\streamlit\watcher\local_sources_watcher.py", line 267, in get_module_paths
    potential_paths = extract_paths(module)
  File "C:\Users\hp\AppData\Roaming\Python\Python313\site-packages\streamlit\watcher\local_sources_watcher.py", line 255, in <lambda>
    if hasattr(m, "__path__")
       ~~~~~~~^^^^^^^^^^^^^^^
  File "C:\Users\hp\AppData\Roaming\Python\Python313\site-packages\transformers\__init__.py", line 862, in _getattr
    return getattr(importlib.import_module(target, __name__), name)
                   ~~~~~~~~~~~~~~~~~~~~~~~^^^^^^^^^^^^^^^^^^
  File "C:\Python313\Lib\importlib\__init__.py", line 88, in import_module
    return _bootstrap._gcd_import(name[level:], package, level)
           ~~~~~~~~~~~~~~~~~~~~~~^^^^^^^^^^^^^^^^^^^^^^^^^^^^^^
  File "<frozen importlib._bootstrap>", line 1387, in _gcd_import
  File "<frozen importlib._bootstrap>", line 1360, in _find_and_load
  File "<frozen importlib._bootstrap>", line 1331, in _find_and_load_unlocked
  File "<frozen importlib._bootstrap>", line 935, in _load_unlocked
  File "<frozen importlib._bootstrap_external>", line 1026, in exec_module
  File "<frozen importlib._bootstrap>", line 488, in _call_with_frames_removed
  File "C:\Users\hp\AppData\Roaming\Python\Python313\site-packages\transformers\models\hunyuan_vl\image_processing_hunyuan_vl.py", line 25, in <module>
    from torchvision.transforms.v2 import functional as tvF
ModuleNotFoundError: No module named 'torchvision'
2026-08-03 21:26:45.722 Examining the path of transformers.models.idefics2.image_processing_idefics2_fast raised:
Traceback (most recent call last):
  File "C:\Users\hp\AppData\Roaming\Python\Python313\site-packages\streamlit\watcher\local_sources_watcher.py", line 267, in get_module_paths
    potential_paths = extract_paths(module)
  File "C:\Users\hp\AppData\Roaming\Python\Python313\site-packages\streamlit\watcher\local_sources_watcher.py", line 255, in <lambda>
    if hasattr(m, "__path__")
       ~~~~~~~^^^^^^^^^^^^^^^
  File "C:\Users\hp\AppData\Roaming\Python\Python313\site-packages\transformers\__init__.py", line 862, in _getattr
    return getattr(importlib.import_module(target, __name__), name)
                   ~~~~~~~~~~~~~~~~~~~~~~~^^^^^^^^^^^^^^^^^^
  File "C:\Python313\Lib\importlib\__init__.py", line 88, in import_module
    return _bootstrap._gcd_import(name[level:], package, level)
           ~~~~~~~~~~~~~~~~~~~~~~^^^^^^^^^^^^^^^^^^^^^^^^^^^^^^
  File "<frozen importlib._bootstrap>", line 1387, in _gcd_import
  File "<frozen importlib._bootstrap>", line 1360, in _find_and_load
  File "<frozen importlib._bootstrap>", line 1331, in _find_and_load_unlocked
  File "<frozen importlib._bootstrap>", line 935, in _load_unlocked
  File "<frozen importlib._bootstrap_external>", line 1026, in exec_module
  File "<frozen importlib._bootstrap>", line 488, in _call_with_frames_removed
  File "C:\Users\hp\AppData\Roaming\Python\Python313\site-packages\transformers\models\idefics2\image_processing_idefics2.py", line 37, in <module>
    from torchvision.transforms.v2 import functional as tvF
ModuleNotFoundError: No module named 'torchvision'
2026-08-03 21:26:45.736 Examining the path of transformers.models.idefics3.image_processing_idefics3_fast raised:
Traceback (most recent call last):
  File "C:\Users\hp\AppData\Roaming\Python\Python313\site-packages\streamlit\watcher\local_sources_watcher.py", line 267, in get_module_paths
    potential_paths = extract_paths(module)
  File "C:\Users\hp\AppData\Roaming\Python\Python313\site-packages\streamlit\watcher\local_sources_watcher.py", line 255, in <lambda>
    if hasattr(m, "__path__")
       ~~~~~~~^^^^^^^^^^^^^^^
  File "C:\Users\hp\AppData\Roaming\Python\Python313\site-packages\transformers\__init__.py", line 862, in _getattr
    return getattr(importlib.import_module(target, __name__), name)
                   ~~~~~~~~~~~~~~~~~~~~~~~^^^^^^^^^^^^^^^^^^
  File "C:\Python313\Lib\importlib\__init__.py", line 88, in import_module
    return _bootstrap._gcd_import(name[level:], package, level)
           ~~~~~~~~~~~~~~~~~~~~~~^^^^^^^^^^^^^^^^^^^^^^^^^^^^^^
  File "<frozen importlib._bootstrap>", line 1387, in _gcd_import
  File "<frozen importlib._bootstrap>", line 1360, in _find_and_load
  File "<frozen importlib._bootstrap>", line 1331, in _find_and_load_unlocked
  File "<frozen importlib._bootstrap>", line 935, in _load_unlocked
  File "<frozen importlib._bootstrap_external>", line 1026, in exec_module
  File "<frozen importlib._bootstrap>", line 488, in _call_with_frames_removed
  File "C:\Users\hp\AppData\Roaming\Python\Python313\site-packages\transformers\models\idefics3\image_processing_idefics3.py", line 20, in <module>
    from torchvision.transforms.v2 import functional as tvF
ModuleNotFoundError: No module named 'torchvision'
2026-08-03 21:26:45.747 Examining the path of transformers.models.imagegpt.image_processing_imagegpt_fast raised:
Traceback (most recent call last):
  File "C:\Users\hp\AppData\Roaming\Python\Python313\site-packages\streamlit\watcher\local_sources_watcher.py", line 267, in get_module_paths
    potential_paths = extract_paths(module)
  File "C:\Users\hp\AppData\Roaming\Python\Python313\site-packages\streamlit\watcher\local_sources_watcher.py", line 255, in <lambda>
    if hasattr(m, "__path__")
       ~~~~~~~^^^^^^^^^^^^^^^
  File "C:\Users\hp\AppData\Roaming\Python\Python313\site-packages\transformers\__init__.py", line 862, in _getattr
    return getattr(importlib.import_module(target, __name__), name)
                   ~~~~~~~~~~~~~~~~~~~~~~~^^^^^^^^^^^^^^^^^^
  File "C:\Python313\Lib\importlib\__init__.py", line 88, in import_module
    return _bootstrap._gcd_import(name[level:], package, level)
           ~~~~~~~~~~~~~~~~~~~~~~^^^^^^^^^^^^^^^^^^^^^^^^^^^^^^
  File "<frozen importlib._bootstrap>", line 1387, in _gcd_import
  File "<frozen importlib._bootstrap>", line 1360, in _find_and_load
  File "<frozen importlib._bootstrap>", line 1331, in _find_and_load_unlocked
  File "<frozen importlib._bootstrap>", line 935, in _load_unlocked
  File "<frozen importlib._bootstrap_external>", line 1026, in exec_module
  File "<frozen importlib._bootstrap>", line 488, in _call_with_frames_removed
  File "C:\Users\hp\AppData\Roaming\Python\Python313\site-packages\transformers\models\imagegpt\image_processing_imagegpt.py", line 20, in <module>
    from torchvision.transforms.v2 import functional as tvF
ModuleNotFoundError: No module named 'torchvision'
2026-08-03 21:26:45.756 Examining the path of transformers.models.inkling.image_processing_inkling_fast raised:
Traceback (most recent call last):
  File "C:\Users\hp\AppData\Roaming\Python\Python313\site-packages\streamlit\watcher\local_sources_watcher.py", line 267, in get_module_paths
    potential_paths = extract_paths(module)
  File "C:\Users\hp\AppData\Roaming\Python\Python313\site-packages\streamlit\watcher\local_sources_watcher.py", line 255, in <lambda>
    if hasattr(m, "__path__")
       ~~~~~~~^^^^^^^^^^^^^^^
  File "C:\Users\hp\AppData\Roaming\Python\Python313\site-packages\transformers\__init__.py", line 862, in _getattr
    return getattr(importlib.import_module(target, __name__), name)
                   ~~~~~~~~~~~~~~~~~~~~~~~^^^^^^^^^^^^^^^^^^
  File "C:\Python313\Lib\importlib\__init__.py", line 88, in import_module
    return _bootstrap._gcd_import(name[level:], package, level)
           ~~~~~~~~~~~~~~~~~~~~~~^^^^^^^^^^^^^^^^^^^^^^^^^^^^^^
  File "<frozen importlib._bootstrap>", line 1387, in _gcd_import
  File "<frozen importlib._bootstrap>", line 1360, in _find_and_load
  File "<frozen importlib._bootstrap>", line 1331, in _find_and_load_unlocked
  File "<frozen importlib._bootstrap>", line 935, in _load_unlocked
  File "<frozen importlib._bootstrap_external>", line 1026, in exec_module
  File "<frozen importlib._bootstrap>", line 488, in _call_with_frames_removed
  File "C:\Users\hp\AppData\Roaming\Python\Python313\site-packages\transformers\models\inkling\image_processing_inkling.py", line 19, in <module>
    from torchvision.transforms.v2 import functional as tvF
ModuleNotFoundError: No module named 'torchvision'
2026-08-03 21:26:45.763 Examining the path of transformers.models.janus.image_processing_janus_fast raised:
Traceback (most recent call last):
  File "C:\Users\hp\AppData\Roaming\Python\Python313\site-packages\streamlit\watcher\local_sources_watcher.py", line 267, in get_module_paths
    potential_paths = extract_paths(module)
  File "C:\Users\hp\AppData\Roaming\Python\Python313\site-packages\streamlit\watcher\local_sources_watcher.py", line 255, in <lambda>
    if hasattr(m, "__path__")
       ~~~~~~~^^^^^^^^^^^^^^^
  File "C:\Users\hp\AppData\Roaming\Python\Python313\site-packages\transformers\__init__.py", line 862, in _getattr
    return getattr(importlib.import_module(target, __name__), name)
                   ~~~~~~~~~~~~~~~~~~~~~~~^^^^^^^^^^^^^^^^^^
  File "C:\Python313\Lib\importlib\__init__.py", line 88, in import_module
    return _bootstrap._gcd_import(name[level:], package, level)
           ~~~~~~~~~~~~~~~~~~~~~~^^^^^^^^^^^^^^^^^^^^^^^^^^^^^^
  File "<frozen importlib._bootstrap>", line 1387, in _gcd_import
  File "<frozen importlib._bootstrap>", line 1360, in _find_and_load
  File "<frozen importlib._bootstrap>", line 1331, in _find_and_load_unlocked
  File "<frozen importlib._bootstrap>", line 935, in _load_unlocked
  File "<frozen importlib._bootstrap_external>", line 1026, in exec_module
  File "<frozen importlib._bootstrap>", line 488, in _call_with_frames_removed
  File "C:\Users\hp\AppData\Roaming\Python\Python313\site-packages\transformers\models\janus\image_processing_janus.py", line 17, in <module>
    import torchvision.transforms.v2.functional as tvF
ModuleNotFoundError: No module named 'torchvision'
2026-08-03 21:26:45.777 Examining the path of transformers.models.kimi_k25.image_processing_kimi_k25_fast raised:
Traceback (most recent call last):
  File "C:\Users\hp\AppData\Roaming\Python\Python313\site-packages\streamlit\watcher\local_sources_watcher.py", line 267, in get_module_paths
    potential_paths = extract_paths(module)
  File "C:\Users\hp\AppData\Roaming\Python\Python313\site-packages\streamlit\watcher\local_sources_watcher.py", line 255, in <lambda>
    if hasattr(m, "__path__")
       ~~~~~~~^^^^^^^^^^^^^^^
  File "C:\Users\hp\AppData\Roaming\Python\Python313\site-packages\transformers\__init__.py", line 862, in _getattr
    return getattr(importlib.import_module(target, __name__), name)
                   ~~~~~~~~~~~~~~~~~~~~~~~^^^^^^^^^^^^^^^^^^
  File "C:\Python313\Lib\importlib\__init__.py", line 88, in import_module
    return _bootstrap._gcd_import(name[level:], package, level)
           ~~~~~~~~~~~~~~~~~~~~~~^^^^^^^^^^^^^^^^^^^^^^^^^^^^^^
  File "<frozen importlib._bootstrap>", line 1387, in _gcd_import
  File "<frozen importlib._bootstrap>", line 1360, in _find_and_load
  File "<frozen importlib._bootstrap>", line 1331, in _find_and_load_unlocked
  File "<frozen importlib._bootstrap>", line 935, in _load_unlocked
  File "<frozen importlib._bootstrap_external>", line 1026, in exec_module
  File "<frozen importlib._bootstrap>", line 488, in _call_with_frames_removed
  File "C:\Users\hp\AppData\Roaming\Python\Python313\site-packages\transformers\models\kimi_k25\image_processing_kimi_k25.py", line 19, in <module>
    from torchvision.transforms.v2 import functional as tvF
ModuleNotFoundError: No module named 'torchvision'
2026-08-03 21:26:45.804 Examining the path of transformers.models.layoutlmv2.image_processing_layoutlmv2_fast raised:
Traceback (most recent call last):
  File "C:\Users\hp\AppData\Roaming\Python\Python313\site-packages\streamlit\watcher\local_sources_watcher.py", line 267, in get_module_paths
    potential_paths = extract_paths(module)
  File "C:\Users\hp\AppData\Roaming\Python\Python313\site-packages\streamlit\watcher\local_sources_watcher.py", line 255, in <lambda>
    if hasattr(m, "__path__")
       ~~~~~~~^^^^^^^^^^^^^^^
  File "C:\Users\hp\AppData\Roaming\Python\Python313\site-packages\transformers\__init__.py", line 862, in _getattr
    return getattr(importlib.import_module(target, __name__), name)
                   ~~~~~~~~~~~~~~~~~~~~~~~^^^^^^^^^^^^^^^^^^
  File "C:\Python313\Lib\importlib\__init__.py", line 88, in import_module
    return _bootstrap._gcd_import(name[level:], package, level)
           ~~~~~~~~~~~~~~~~~~~~~~^^^^^^^^^^^^^^^^^^^^^^^^^^^^^^
  File "<frozen importlib._bootstrap>", line 1387, in _gcd_import
  File "<frozen importlib._bootstrap>", line 1360, in _find_and_load
  File "<frozen importlib._bootstrap>", line 1331, in _find_and_load_unlocked
  File "<frozen importlib._bootstrap>", line 935, in _load_unlocked
  File "<frozen importlib._bootstrap_external>", line 1026, in exec_module
  File "<frozen importlib._bootstrap>", line 488, in _call_with_frames_removed
  File "C:\Users\hp\AppData\Roaming\Python\Python313\site-packages\transformers\models\layoutlmv2\image_processing_layoutlmv2.py", line 36, in <module>
    from torchvision.transforms.v2 import functional as tvF
ModuleNotFoundError: No module named 'torchvision'
2026-08-03 21:26:45.818 Examining the path of transformers.models.layoutlmv3.image_processing_layoutlmv3_fast raised:
Traceback (most recent call last):
  File "C:\Users\hp\AppData\Roaming\Python\Python313\site-packages\streamlit\watcher\local_sources_watcher.py", line 267, in get_module_paths
    potential_paths = extract_paths(module)
  File "C:\Users\hp\AppData\Roaming\Python\Python313\site-packages\streamlit\watcher\local_sources_watcher.py", line 255, in <lambda>
    if hasattr(m, "__path__")
       ~~~~~~~^^^^^^^^^^^^^^^
  File "C:\Users\hp\AppData\Roaming\Python\Python313\site-packages\transformers\__init__.py", line 862, in _getattr
    return getattr(importlib.import_module(target, __name__), name)
                   ~~~~~~~~~~~~~~~~~~~~~~~^^^^^^^^^^^^^^^^^^
  File "C:\Python313\Lib\importlib\__init__.py", line 88, in import_module
    return _bootstrap._gcd_import(name[level:], package, level)
           ~~~~~~~~~~~~~~~~~~~~~~^^^^^^^^^^^^^^^^^^^^^^^^^^^^^^
  File "<frozen importlib._bootstrap>", line 1387, in _gcd_import
  File "<frozen importlib._bootstrap>", line 1360, in _find_and_load
  File "<frozen importlib._bootstrap>", line 1331, in _find_and_load_unlocked
  File "<frozen importlib._bootstrap>", line 935, in _load_unlocked
  File "<frozen importlib._bootstrap_external>", line 1026, in exec_module
  File "<frozen importlib._bootstrap>", line 488, in _call_with_frames_removed
  File "C:\Users\hp\AppData\Roaming\Python\Python313\site-packages\transformers\models\layoutlmv3\image_processing_layoutlmv3.py", line 42, in <module>
    from torchvision.transforms.v2 import functional as tvF
ModuleNotFoundError: No module named 'torchvision'
2026-08-03 21:26:45.830 Examining the path of transformers.models.levit.image_processing_levit_fast raised:
Traceback (most recent call last):
  File "C:\Users\hp\AppData\Roaming\Python\Python313\site-packages\streamlit\watcher\local_sources_watcher.py", line 267, in get_module_paths
    potential_paths = extract_paths(module)
  File "C:\Users\hp\AppData\Roaming\Python\Python313\site-packages\streamlit\watcher\local_sources_watcher.py", line 255, in <lambda>
    if hasattr(m, "__path__")
       ~~~~~~~^^^^^^^^^^^^^^^
  File "C:\Users\hp\AppData\Roaming\Python\Python313\site-packages\transformers\__init__.py", line 862, in _getattr
    return getattr(importlib.import_module(target, __name__), name)
                   ~~~~~~~~~~~~~~~~~~~~~~~^^^^^^^^^^^^^^^^^^
  File "C:\Python313\Lib\importlib\__init__.py", line 88, in import_module
    return _bootstrap._gcd_import(name[level:], package, level)
           ~~~~~~~~~~~~~~~~~~~~~~^^^^^^^^^^^^^^^^^^^^^^^^^^^^^^
  File "<frozen importlib._bootstrap>", line 1387, in _gcd_import
  File "<frozen importlib._bootstrap>", line 1360, in _find_and_load
  File "<frozen importlib._bootstrap>", line 1331, in _find_and_load_unlocked
  File "<frozen importlib._bootstrap>", line 935, in _load_unlocked
  File "<frozen importlib._bootstrap_external>", line 1026, in exec_module
  File "<frozen importlib._bootstrap>", line 488, in _call_with_frames_removed
  File "C:\Users\hp\AppData\Roaming\Python\Python313\site-packages\transformers\models\levit\image_processing_levit.py", line 17, in <module>
    from torchvision.transforms.v2 import functional as tvF
ModuleNotFoundError: No module named 'torchvision'
2026-08-03 21:26:45.837 Examining the path of transformers.models.lfm2_vl.image_processing_lfm2_vl_fast raised:
Traceback (most recent call last):
  File "C:\Users\hp\AppData\Roaming\Python\Python313\site-packages\streamlit\watcher\local_sources_watcher.py", line 267, in get_module_paths
    potential_paths = extract_paths(module)
  File "C:\Users\hp\AppData\Roaming\Python\Python313\site-packages\streamlit\watcher\local_sources_watcher.py", line 255, in <lambda>
    if hasattr(m, "__path__")
       ~~~~~~~^^^^^^^^^^^^^^^
  File "C:\Users\hp\AppData\Roaming\Python\Python313\site-packages\transformers\__init__.py", line 862, in _getattr
    return getattr(importlib.import_module(target, __name__), name)
                   ~~~~~~~~~~~~~~~~~~~~~~~^^^^^^^^^^^^^^^^^^
  File "C:\Python313\Lib\importlib\__init__.py", line 88, in import_module
    return _bootstrap._gcd_import(name[level:], package, level)
           ~~~~~~~~~~~~~~~~~~~~~~^^^^^^^^^^^^^^^^^^^^^^^^^^^^^^
  File "<frozen importlib._bootstrap>", line 1387, in _gcd_import
  File "<frozen importlib._bootstrap>", line 1360, in _find_and_load
  File "<frozen importlib._bootstrap>", line 1331, in _find_and_load_unlocked
  File "<frozen importlib._bootstrap>", line 935, in _load_unlocked
  File "<frozen importlib._bootstrap_external>", line 1026, in exec_module
  File "<frozen importlib._bootstrap>", line 488, in _call_with_frames_removed
  File "C:\Users\hp\AppData\Roaming\Python\Python313\site-packages\transformers\models\lfm2_vl\image_processing_lfm2_vl.py", line 18, in <module>
    from torchvision.transforms.v2 import functional as tvF
ModuleNotFoundError: No module named 'torchvision'
2026-08-03 21:26:45.844 Examining the path of transformers.models.lightglue.image_processing_lightglue_fast raised:
Traceback (most recent call last):
  File "C:\Users\hp\AppData\Roaming\Python\Python313\site-packages\streamlit\watcher\local_sources_watcher.py", line 267, in get_module_paths
    potential_paths = extract_paths(module)
  File "C:\Users\hp\AppData\Roaming\Python\Python313\site-packages\streamlit\watcher\local_sources_watcher.py", line 255, in <lambda>
    if hasattr(m, "__path__")
       ~~~~~~~^^^^^^^^^^^^^^^
  File "C:\Users\hp\AppData\Roaming\Python\Python313\site-packages\transformers\__init__.py", line 862, in _getattr
    return getattr(importlib.import_module(target, __name__), name)
                   ~~~~~~~~~~~~~~~~~~~~~~~^^^^^^^^^^^^^^^^^^
  File "C:\Python313\Lib\importlib\__init__.py", line 88, in import_module
    return _bootstrap._gcd_import(name[level:], package, level)
           ~~~~~~~~~~~~~~~~~~~~~~^^^^^^^^^^^^^^^^^^^^^^^^^^^^^^
  File "<frozen importlib._bootstrap>", line 1387, in _gcd_import
  File "<frozen importlib._bootstrap>", line 1360, in _find_and_load
  File "<frozen importlib._bootstrap>", line 1331, in _find_and_load_unlocked
  File "<frozen importlib._bootstrap>", line 935, in _load_unlocked
  File "<frozen importlib._bootstrap_external>", line 1026, in exec_module
  File "<frozen importlib._bootstrap>", line 488, in _call_with_frames_removed
  File "C:\Users\hp\AppData\Roaming\Python\Python313\site-packages\transformers\models\lightglue\image_processing_lightglue.py", line 24, in <module>
    from torchvision.transforms.v2 import functional as tvF
ModuleNotFoundError: No module named 'torchvision'
2026-08-03 21:26:45.860 Examining the path of transformers.models.llama4.image_processing_llama4_fast raised:
Traceback (most recent call last):
  File "C:\Users\hp\AppData\Roaming\Python\Python313\site-packages\streamlit\watcher\local_sources_watcher.py", line 267, in get_module_paths
    potential_paths = extract_paths(module)
  File "C:\Users\hp\AppData\Roaming\Python\Python313\site-packages\streamlit\watcher\local_sources_watcher.py", line 255, in <lambda>
    if hasattr(m, "__path__")
       ~~~~~~~^^^^^^^^^^^^^^^
  File "C:\Users\hp\AppData\Roaming\Python\Python313\site-packages\transformers\__init__.py", line 862, in _getattr
    return getattr(importlib.import_module(target, __name__), name)
                   ~~~~~~~~~~~~~~~~~~~~~~~^^^^^^^^^^^^^^^^^^
  File "C:\Python313\Lib\importlib\__init__.py", line 88, in import_module
    return _bootstrap._gcd_import(name[level:], package, level)
           ~~~~~~~~~~~~~~~~~~~~~~^^^^^^^^^^^^^^^^^^^^^^^^^^^^^^
  File "<frozen importlib._bootstrap>", line 1387, in _gcd_import
  File "<frozen importlib._bootstrap>", line 1360, in _find_and_load
  File "<frozen importlib._bootstrap>", line 1331, in _find_and_load_unlocked
  File "<frozen importlib._bootstrap>", line 935, in _load_unlocked
  File "<frozen importlib._bootstrap_external>", line 1026, in exec_module
  File "<frozen importlib._bootstrap>", line 488, in _call_with_frames_removed
  File "C:\Users\hp\AppData\Roaming\Python\Python313\site-packages\transformers\models\llama4\image_processing_llama4.py", line 21, in <module>
    from torchvision.transforms.v2 import functional as tvF
ModuleNotFoundError: No module named 'torchvision'
2026-08-03 21:26:45.867 Examining the path of transformers.models.llava.image_processing_llava_fast raised:
Traceback (most recent call last):
  File "C:\Users\hp\AppData\Roaming\Python\Python313\site-packages\streamlit\watcher\local_sources_watcher.py", line 267, in get_module_paths
    potential_paths = extract_paths(module)
  File "C:\Users\hp\AppData\Roaming\Python\Python313\site-packages\streamlit\watcher\local_sources_watcher.py", line 255, in <lambda>
    if hasattr(m, "__path__")
       ~~~~~~~^^^^^^^^^^^^^^^
  File "C:\Users\hp\AppData\Roaming\Python\Python313\site-packages\transformers\__init__.py", line 862, in _getattr
    return getattr(importlib.import_module(target, __name__), name)
                   ~~~~~~~~~~~~~~~~~~~~~~~^^^^^^^^^^^^^^^^^^
  File "C:\Python313\Lib\importlib\__init__.py", line 88, in import_module
    return _bootstrap._gcd_import(name[level:], package, level)
           ~~~~~~~~~~~~~~~~~~~~~~^^^^^^^^^^^^^^^^^^^^^^^^^^^^^^
  File "<frozen importlib._bootstrap>", line 1387, in _gcd_import
  File "<frozen importlib._bootstrap>", line 1360, in _find_and_load
  File "<frozen importlib._bootstrap>", line 1331, in _find_and_load_unlocked
  File "<frozen importlib._bootstrap>", line 935, in _load_unlocked
  File "<frozen importlib._bootstrap_external>", line 1026, in exec_module
  File "<frozen importlib._bootstrap>", line 488, in _call_with_frames_removed
  File "C:\Users\hp\AppData\Roaming\Python\Python313\site-packages\transformers\models\llava\image_processing_llava.py", line 19, in <module>
    from torchvision.transforms.v2 import functional as tvF
ModuleNotFoundError: No module named 'torchvision'
2026-08-03 21:26:45.874 Examining the path of transformers.models.llava_next.image_processing_llava_next_fast raised:
Traceback (most recent call last):
  File "C:\Users\hp\AppData\Roaming\Python\Python313\site-packages\streamlit\watcher\local_sources_watcher.py", line 267, in get_module_paths
    potential_paths = extract_paths(module)
  File "C:\Users\hp\AppData\Roaming\Python\Python313\site-packages\streamlit\watcher\local_sources_watcher.py", line 255, in <lambda>
    if hasattr(m, "__path__")
       ~~~~~~~^^^^^^^^^^^^^^^
  File "C:\Users\hp\AppData\Roaming\Python\Python313\site-packages\transformers\__init__.py", line 862, in _getattr
    return getattr(importlib.import_module(target, __name__), name)
                   ~~~~~~~~~~~~~~~~~~~~~~~^^^^^^^^^^^^^^^^^^
  File "C:\Python313\Lib\importlib\__init__.py", line 88, in import_module
    return _bootstrap._gcd_import(name[level:], package, level)
           ~~~~~~~~~~~~~~~~~~~~~~^^^^^^^^^^^^^^^^^^^^^^^^^^^^^^
  File "<frozen importlib._bootstrap>", line 1387, in _gcd_import
  File "<frozen importlib._bootstrap>", line 1360, in _find_and_load
  File "<frozen importlib._bootstrap>", line 1331, in _find_and_load_unlocked
  File "<frozen importlib._bootstrap>", line 935, in _load_unlocked
  File "<frozen importlib._bootstrap_external>", line 1026, in exec_module
  File "<frozen importlib._bootstrap>", line 488, in _call_with_frames_removed
  File "C:\Users\hp\AppData\Roaming\Python\Python313\site-packages\transformers\models\llava_next\image_processing_llava_next.py", line 19, in <module>
    from torchvision.transforms.v2 import functional as tvF
ModuleNotFoundError: No module named 'torchvision'
2026-08-03 21:26:45.886 Examining the path of transformers.models.llava_onevision.image_processing_llava_onevision_fast raised:
Traceback (most recent call last):
  File "C:\Users\hp\AppData\Roaming\Python\Python313\site-packages\streamlit\watcher\local_sources_watcher.py", line 267, in get_module_paths
    potential_paths = extract_paths(module)
  File "C:\Users\hp\AppData\Roaming\Python\Python313\site-packages\streamlit\watcher\local_sources_watcher.py", line 255, in <lambda>
    if hasattr(m, "__path__")
       ~~~~~~~^^^^^^^^^^^^^^^
  File "C:\Users\hp\AppData\Roaming\Python\Python313\site-packages\transformers\__init__.py", line 862, in _getattr
    return getattr(importlib.import_module(target, __name__), name)
                   ~~~~~~~~~~~~~~~~~~~~~~~^^^^^^^^^^^^^^^^^^
  File "C:\Python313\Lib\importlib\__init__.py", line 88, in import_module
    return _bootstrap._gcd_import(name[level:], package, level)
           ~~~~~~~~~~~~~~~~~~~~~~^^^^^^^^^^^^^^^^^^^^^^^^^^^^^^
  File "<frozen importlib._bootstrap>", line 1387, in _gcd_import
  File "<frozen importlib._bootstrap>", line 1360, in _find_and_load
  File "<frozen importlib._bootstrap>", line 1331, in _find_and_load_unlocked
  File "<frozen importlib._bootstrap>", line 935, in _load_unlocked
  File "<frozen importlib._bootstrap_external>", line 1026, in exec_module
  File "<frozen importlib._bootstrap>", line 488, in _call_with_frames_removed
  File "C:\Users\hp\AppData\Roaming\Python\Python313\site-packages\transformers\models\llava_onevision\image_processing_llava_onevision.py", line 24, in <module>
    import torchvision.transforms.v2.functional as tvF
ModuleNotFoundError: No module named 'torchvision'
2026-08-03 21:26:45.897 Examining the path of transformers.models.mask2former.image_processing_mask2former_fast raised:
Traceback (most recent call last):
  File "C:\Users\hp\AppData\Roaming\Python\Python313\site-packages\streamlit\watcher\local_sources_watcher.py", line 267, in get_module_paths
    potential_paths = extract_paths(module)
  File "C:\Users\hp\AppData\Roaming\Python\Python313\site-packages\streamlit\watcher\local_sources_watcher.py", line 255, in <lambda>
    if hasattr(m, "__path__")
       ~~~~~~~^^^^^^^^^^^^^^^
  File "C:\Users\hp\AppData\Roaming\Python\Python313\site-packages\transformers\__init__.py", line 862, in _getattr
    return getattr(importlib.import_module(target, __name__), name)
                   ~~~~~~~~~~~~~~~~~~~~~~~^^^^^^^^^^^^^^^^^^
  File "C:\Python313\Lib\importlib\__init__.py", line 88, in import_module
    return _bootstrap._gcd_import(name[level:], package, level)
           ~~~~~~~~~~~~~~~~~~~~~~^^^^^^^^^^^^^^^^^^^^^^^^^^^^^^
  File "<frozen importlib._bootstrap>", line 1387, in _gcd_import
  File "<frozen importlib._bootstrap>", line 1360, in _find_and_load
  File "<frozen importlib._bootstrap>", line 1331, in _find_and_load_unlocked
  File "<frozen importlib._bootstrap>", line 935, in _load_unlocked
  File "<frozen importlib._bootstrap_external>", line 1026, in exec_module
  File "<frozen importlib._bootstrap>", line 488, in _call_with_frames_removed
  File "C:\Users\hp\AppData\Roaming\Python\Python313\site-packages\transformers\models\mask2former\image_processing_mask2former.py", line 27, in <module>
    from torchvision.transforms.v2 import functional as tvF
ModuleNotFoundError: No module named 'torchvision'
2026-08-03 21:26:45.911 Examining the path of transformers.models.maskformer.image_processing_maskformer_fast raised:
Traceback (most recent call last):
  File "C:\Users\hp\AppData\Roaming\Python\Python313\site-packages\streamlit\watcher\local_sources_watcher.py", line 267, in get_module_paths
    potential_paths = extract_paths(module)
  File "C:\Users\hp\AppData\Roaming\Python\Python313\site-packages\streamlit\watcher\local_sources_watcher.py", line 255, in <lambda>
    if hasattr(m, "__path__")
       ~~~~~~~^^^^^^^^^^^^^^^
  File "C:\Users\hp\AppData\Roaming\Python\Python313\site-packages\transformers\__init__.py", line 862, in _getattr
    return getattr(importlib.import_module(target, __name__), name)
                   ~~~~~~~~~~~~~~~~~~~~~~~^^^^^^^^^^^^^^^^^^
  File "C:\Python313\Lib\importlib\__init__.py", line 88, in import_module
    return _bootstrap._gcd_import(name[level:], package, level)
           ~~~~~~~~~~~~~~~~~~~~~~^^^^^^^^^^^^^^^^^^^^^^^^^^^^^^
  File "<frozen importlib._bootstrap>", line 1387, in _gcd_import
  File "<frozen importlib._bootstrap>", line 1360, in _find_and_load
  File "<frozen importlib._bootstrap>", line 1331, in _find_and_load_unlocked
  File "<frozen importlib._bootstrap>", line 935, in _load_unlocked
  File "<frozen importlib._bootstrap_external>", line 1026, in exec_module
  File "<frozen importlib._bootstrap>", line 488, in _call_with_frames_removed
  File "C:\Users\hp\AppData\Roaming\Python\Python313\site-packages\transformers\models\maskformer\image_processing_maskformer.py", line 22, in <module>
    from torchvision.transforms.v2 import functional as tvF
ModuleNotFoundError: No module named 'torchvision'
2026-08-03 21:26:45.938 Examining the path of transformers.models.minimax_m3_vl.image_processing_minimax_m3_vl_fast raised:
Traceback (most recent call last):
  File "C:\Users\hp\AppData\Roaming\Python\Python313\site-packages\streamlit\watcher\local_sources_watcher.py", line 267, in get_module_paths
    potential_paths = extract_paths(module)
  File "C:\Users\hp\AppData\Roaming\Python\Python313\site-packages\streamlit\watcher\local_sources_watcher.py", line 255, in <lambda>
    if hasattr(m, "__path__")
       ~~~~~~~^^^^^^^^^^^^^^^
  File "C:\Users\hp\AppData\Roaming\Python\Python313\site-packages\transformers\__init__.py", line 862, in _getattr
    return getattr(importlib.import_module(target, __name__), name)
                   ~~~~~~~~~~~~~~~~~~~~~~~^^^^^^^^^^^^^^^^^^
  File "C:\Python313\Lib\importlib\__init__.py", line 88, in import_module
    return _bootstrap._gcd_import(name[level:], package, level)
           ~~~~~~~~~~~~~~~~~~~~~~^^^^^^^^^^^^^^^^^^^^^^^^^^^^^^
  File "<frozen importlib._bootstrap>", line 1387, in _gcd_import
  File "<frozen importlib._bootstrap>", line 1360, in _find_and_load
  File "<frozen importlib._bootstrap>", line 1331, in _find_and_load_unlocked
  File "<frozen importlib._bootstrap>", line 935, in _load_unlocked
  File "<frozen importlib._bootstrap_external>", line 1026, in exec_module
  File "<frozen importlib._bootstrap>", line 488, in _call_with_frames_removed
  File "C:\Users\hp\AppData\Roaming\Python\Python313\site-packages\transformers\models\minimax_m3_vl\image_processing_minimax_m3_vl.py", line 18, in <module>
    from torchvision.transforms.v2 import functional as tvF
ModuleNotFoundError: No module named 'torchvision'
2026-08-03 21:26:45.945 Examining the path of transformers.models.mllama.image_processing_mllama_fast raised:
Traceback (most recent call last):
  File "C:\Users\hp\AppData\Roaming\Python\Python313\site-packages\streamlit\watcher\local_sources_watcher.py", line 267, in get_module_paths
    potential_paths = extract_paths(module)
  File "C:\Users\hp\AppData\Roaming\Python\Python313\site-packages\streamlit\watcher\local_sources_watcher.py", line 255, in <lambda>
    if hasattr(m, "__path__")
       ~~~~~~~^^^^^^^^^^^^^^^
  File "C:\Users\hp\AppData\Roaming\Python\Python313\site-packages\transformers\__init__.py", line 862, in _getattr
    return getattr(importlib.import_module(target, __name__), name)
                   ~~~~~~~~~~~~~~~~~~~~~~~^^^^^^^^^^^^^^^^^^
  File "C:\Python313\Lib\importlib\__init__.py", line 88, in import_module
    return _bootstrap._gcd_import(name[level:], package, level)
           ~~~~~~~~~~~~~~~~~~~~~~^^^^^^^^^^^^^^^^^^^^^^^^^^^^^^
  File "<frozen importlib._bootstrap>", line 1387, in _gcd_import
  File "<frozen importlib._bootstrap>", line 1360, in _find_and_load
  File "<frozen importlib._bootstrap>", line 1331, in _find_and_load_unlocked
  File "<frozen importlib._bootstrap>", line 935, in _load_unlocked
  File "<frozen importlib._bootstrap_external>", line 1026, in exec_module
  File "<frozen importlib._bootstrap>", line 488, in _call_with_frames_removed
  File "C:\Users\hp\AppData\Roaming\Python\Python313\site-packages\transformers\models\mllama\image_processing_mllama.py", line 40, in <module>
    from torchvision.transforms.v2 import functional as tvF
ModuleNotFoundError: No module named 'torchvision'
2026-08-03 21:26:45.964 Examining the path of transformers.models.mobilenet_v2.image_processing_mobilenet_v2_fast raised:
Traceback (most recent call last):
  File "C:\Users\hp\AppData\Roaming\Python\Python313\site-packages\streamlit\watcher\local_sources_watcher.py", line 267, in get_module_paths
    potential_paths = extract_paths(module)
  File "C:\Users\hp\AppData\Roaming\Python\Python313\site-packages\streamlit\watcher\local_sources_watcher.py", line 255, in <lambda>
    if hasattr(m, "__path__")
       ~~~~~~~^^^^^^^^^^^^^^^
  File "C:\Users\hp\AppData\Roaming\Python\Python313\site-packages\transformers\__init__.py", line 862, in _getattr
    return getattr(importlib.import_module(target, __name__), name)
                   ~~~~~~~~~~~~~~~~~~~~~~~^^^^^^^^^^^^^^^^^^
  File "C:\Python313\Lib\importlib\__init__.py", line 88, in import_module
    return _bootstrap._gcd_import(name[level:], package, level)
           ~~~~~~~~~~~~~~~~~~~~~~^^^^^^^^^^^^^^^^^^^^^^^^^^^^^^
  File "<frozen importlib._bootstrap>", line 1387, in _gcd_import
  File "<frozen importlib._bootstrap>", line 1360, in _find_and_load
  File "<frozen importlib._bootstrap>", line 1331, in _find_and_load_unlocked
  File "<frozen importlib._bootstrap>", line 935, in _load_unlocked
  File "<frozen importlib._bootstrap_external>", line 1026, in exec_module
  File "<frozen importlib._bootstrap>", line 488, in _call_with_frames_removed
  File "C:\Users\hp\AppData\Roaming\Python\Python313\site-packages\transformers\models\mobilenet_v2\image_processing_mobilenet_v2.py", line 19, in <module>
    from torchvision.transforms.v2 import functional as tvF
ModuleNotFoundError: No module named 'torchvision'
2026-08-03 21:26:45.975 Examining the path of transformers.models.mobilevit.image_processing_mobilevit_fast raised:
Traceback (most recent call last):
  File "C:\Users\hp\AppData\Roaming\Python\Python313\site-packages\streamlit\watcher\local_sources_watcher.py", line 267, in get_module_paths
    potential_paths = extract_paths(module)
  File "C:\Users\hp\AppData\Roaming\Python\Python313\site-packages\streamlit\watcher\local_sources_watcher.py", line 255, in <lambda>
    if hasattr(m, "__path__")
       ~~~~~~~^^^^^^^^^^^^^^^
  File "C:\Users\hp\AppData\Roaming\Python\Python313\site-packages\transformers\__init__.py", line 862, in _getattr
    return getattr(importlib.import_module(target, __name__), name)
                   ~~~~~~~~~~~~~~~~~~~~~~~^^^^^^^^^^^^^^^^^^
  File "C:\Python313\Lib\importlib\__init__.py", line 88, in import_module
    return _bootstrap._gcd_import(name[level:], package, level)
           ~~~~~~~~~~~~~~~~~~~~~~^^^^^^^^^^^^^^^^^^^^^^^^^^^^^^
  File "<frozen importlib._bootstrap>", line 1387, in _gcd_import
  File "<frozen importlib._bootstrap>", line 1360, in _find_and_load
  File "<frozen importlib._bootstrap>", line 1331, in _find_and_load_unlocked
  File "<frozen importlib._bootstrap>", line 935, in _load_unlocked
  File "<frozen importlib._bootstrap_external>", line 1026, in exec_module
  File "<frozen importlib._bootstrap>", line 488, in _call_with_frames_removed
  File "C:\Users\hp\AppData\Roaming\Python\Python313\site-packages\transformers\models\mobilevit\image_processing_mobilevit.py", line 19, in <module>
    from torchvision.transforms.v2 import functional as tvF
ModuleNotFoundError: No module named 'torchvision'
2026-08-03 21:26:45.986 Examining the path of transformers.models.nougat.image_processing_nougat_fast raised:
Traceback (most recent call last):
  File "C:\Users\hp\AppData\Roaming\Python\Python313\site-packages\streamlit\watcher\local_sources_watcher.py", line 267, in get_module_paths
    potential_paths = extract_paths(module)
  File "C:\Users\hp\AppData\Roaming\Python\Python313\site-packages\streamlit\watcher\local_sources_watcher.py", line 255, in <lambda>
    if hasattr(m, "__path__")
       ~~~~~~~^^^^^^^^^^^^^^^
  File "C:\Users\hp\AppData\Roaming\Python\Python313\site-packages\transformers\__init__.py", line 862, in _getattr
    return getattr(importlib.import_module(target, __name__), name)
                   ~~~~~~~~~~~~~~~~~~~~~~~^^^^^^^^^^^^^^^^^^
  File "C:\Python313\Lib\importlib\__init__.py", line 88, in import_module
    return _bootstrap._gcd_import(name[level:], package, level)
           ~~~~~~~~~~~~~~~~~~~~~~^^^^^^^^^^^^^^^^^^^^^^^^^^^^^^
  File "<frozen importlib._bootstrap>", line 1387, in _gcd_import
  File "<frozen importlib._bootstrap>", line 1360, in _find_and_load
  File "<frozen importlib._bootstrap>", line 1331, in _find_and_load_unlocked
  File "<frozen importlib._bootstrap>", line 935, in _load_unlocked
  File "<frozen importlib._bootstrap_external>", line 1026, in exec_module
  File "<frozen importlib._bootstrap>", line 488, in _call_with_frames_removed
  File "C:\Users\hp\AppData\Roaming\Python\Python313\site-packages\transformers\models\nougat\image_processing_nougat.py", line 17, in <module>
    from torchvision.transforms.v2 import functional as tvF
ModuleNotFoundError: No module named 'torchvision'
2026-08-03 21:26:45.999 Examining the path of transformers.models.oneformer.image_processing_oneformer_fast raised:
Traceback (most recent call last):
  File "C:\Users\hp\AppData\Roaming\Python\Python313\site-packages\streamlit\watcher\local_sources_watcher.py", line 267, in get_module_paths
    potential_paths = extract_paths(module)
  File "C:\Users\hp\AppData\Roaming\Python\Python313\site-packages\streamlit\watcher\local_sources_watcher.py", line 255, in <lambda>
    if hasattr(m, "__path__")
       ~~~~~~~^^^^^^^^^^^^^^^
  File "C:\Users\hp\AppData\Roaming\Python\Python313\site-packages\transformers\__init__.py", line 862, in _getattr
    return getattr(importlib.import_module(target, __name__), name)
                   ~~~~~~~~~~~~~~~~~~~~~~~^^^^^^^^^^^^^^^^^^
  File "C:\Python313\Lib\importlib\__init__.py", line 88, in import_module
    return _bootstrap._gcd_import(name[level:], package, level)
           ~~~~~~~~~~~~~~~~~~~~~~^^^^^^^^^^^^^^^^^^^^^^^^^^^^^^
  File "<frozen importlib._bootstrap>", line 1387, in _gcd_import
  File "<frozen importlib._bootstrap>", line 1360, in _find_and_load
  File "<frozen importlib._bootstrap>", line 1331, in _find_and_load_unlocked
  File "<frozen importlib._bootstrap>", line 935, in _load_unlocked
  File "<frozen importlib._bootstrap_external>", line 1026, in exec_module
  File "<frozen importlib._bootstrap>", line 488, in _call_with_frames_removed
  File "C:\Users\hp\AppData\Roaming\Python\Python313\site-packages\transformers\models\oneformer\image_processing_oneformer.py", line 23, in <module>
    from torchvision.transforms.v2 import functional as tvF
ModuleNotFoundError: No module named 'torchvision'
2026-08-03 21:26:46.013 Examining the path of transformers.models.ovis2.image_processing_ovis2_fast raised:
Traceback (most recent call last):
  File "C:\Users\hp\AppData\Roaming\Python\Python313\site-packages\streamlit\watcher\local_sources_watcher.py", line 267, in get_module_paths
    potential_paths = extract_paths(module)
  File "C:\Users\hp\AppData\Roaming\Python\Python313\site-packages\streamlit\watcher\local_sources_watcher.py", line 255, in <lambda>
    if hasattr(m, "__path__")
       ~~~~~~~^^^^^^^^^^^^^^^
  File "C:\Users\hp\AppData\Roaming\Python\Python313\site-packages\transformers\__init__.py", line 862, in _getattr
    return getattr(importlib.import_module(target, __name__), name)
                   ~~~~~~~~~~~~~~~~~~~~~~~^^^^^^^^^^^^^^^^^^
  File "C:\Python313\Lib\importlib\__init__.py", line 88, in import_module
    return _bootstrap._gcd_import(name[level:], package, level)
           ~~~~~~~~~~~~~~~~~~~~~~^^^^^^^^^^^^^^^^^^^^^^^^^^^^^^
  File "<frozen importlib._bootstrap>", line 1387, in _gcd_import
  File "<frozen importlib._bootstrap>", line 1360, in _find_and_load
  File "<frozen importlib._bootstrap>", line 1331, in _find_and_load_unlocked
  File "<frozen importlib._bootstrap>", line 935, in _load_unlocked
  File "<frozen importlib._bootstrap_external>", line 1026, in exec_module
  File "<frozen importlib._bootstrap>", line 488, in _call_with_frames_removed
  File "C:\Users\hp\AppData\Roaming\Python\Python313\site-packages\transformers\models\ovis2\image_processing_ovis2.py", line 19, in <module>
    from torchvision.transforms.v2 import functional as tvF
ModuleNotFoundError: No module named 'torchvision'
2026-08-03 21:26:46.031 Examining the path of transformers.models.owlv2.image_processing_owlv2_fast raised:
Traceback (most recent call last):
  File "C:\Users\hp\AppData\Roaming\Python\Python313\site-packages\streamlit\watcher\local_sources_watcher.py", line 267, in get_module_paths
    potential_paths = extract_paths(module)
  File "C:\Users\hp\AppData\Roaming\Python\Python313\site-packages\streamlit\watcher\local_sources_watcher.py", line 255, in <lambda>
    if hasattr(m, "__path__")
       ~~~~~~~^^^^^^^^^^^^^^^
  File "C:\Users\hp\AppData\Roaming\Python\Python313\site-packages\transformers\__init__.py", line 862, in _getattr
    return getattr(importlib.import_module(target, __name__), name)
                   ~~~~~~~~~~~~~~~~~~~~~~~^^^^^^^^^^^^^^^^^^
  File "C:\Python313\Lib\importlib\__init__.py", line 88, in import_module
    return _bootstrap._gcd_import(name[level:], package, level)
           ~~~~~~~~~~~~~~~~~~~~~~^^^^^^^^^^^^^^^^^^^^^^^^^^^^^^
  File "<frozen importlib._bootstrap>", line 1387, in _gcd_import
  File "<frozen importlib._bootstrap>", line 1360, in _find_and_load
  File "<frozen importlib._bootstrap>", line 1331, in _find_and_load_unlocked
  File "<frozen importlib._bootstrap>", line 935, in _load_unlocked
  File "<frozen importlib._bootstrap_external>", line 1026, in exec_module
  File "<frozen importlib._bootstrap>", line 488, in _call_with_frames_removed
  File "C:\Users\hp\AppData\Roaming\Python\Python313\site-packages\transformers\models\owlv2\image_processing_owlv2.py", line 25, in <module>
    import torchvision.transforms.v2.functional as tvF
ModuleNotFoundError: No module named 'torchvision'
2026-08-03 21:26:46.059 Examining the path of transformers.models.perceiver.image_processing_perceiver_fast raised:
Traceback (most recent call last):
  File "C:\Users\hp\AppData\Roaming\Python\Python313\site-packages\streamlit\watcher\local_sources_watcher.py", line 267, in get_module_paths
    potential_paths = extract_paths(module)
  File "C:\Users\hp\AppData\Roaming\Python\Python313\site-packages\streamlit\watcher\local_sources_watcher.py", line 255, in <lambda>
    if hasattr(m, "__path__")
       ~~~~~~~^^^^^^^^^^^^^^^
  File "C:\Users\hp\AppData\Roaming\Python\Python313\site-packages\transformers\__init__.py", line 862, in _getattr
    return getattr(importlib.import_module(target, __name__), name)
                   ~~~~~~~~~~~~~~~~~~~~~~~^^^^^^^^^^^^^^^^^^
  File "C:\Python313\Lib\importlib\__init__.py", line 88, in import_module
    return _bootstrap._gcd_import(name[level:], package, level)
           ~~~~~~~~~~~~~~~~~~~~~~^^^^^^^^^^^^^^^^^^^^^^^^^^^^^^
  File "<frozen importlib._bootstrap>", line 1387, in _gcd_import
  File "<frozen importlib._bootstrap>", line 1360, in _find_and_load
  File "<frozen importlib._bootstrap>", line 1331, in _find_and_load_unlocked
  File "<frozen importlib._bootstrap>", line 935, in _load_unlocked
  File "<frozen importlib._bootstrap_external>", line 1026, in exec_module
  File "<frozen importlib._bootstrap>", line 488, in _call_with_frames_removed
  File "C:\Users\hp\AppData\Roaming\Python\Python313\site-packages\transformers\models\perceiver\image_processing_perceiver.py", line 17, in <module>
    from torchvision.transforms.v2 import functional as tvF
ModuleNotFoundError: No module named 'torchvision'
2026-08-03 21:26:46.067 Examining the path of transformers.models.perception_lm.image_processing_perception_lm_fast raised:
Traceback (most recent call last):
  File "C:\Users\hp\AppData\Roaming\Python\Python313\site-packages\streamlit\watcher\local_sources_watcher.py", line 267, in get_module_paths
    potential_paths = extract_paths(module)
  File "C:\Users\hp\AppData\Roaming\Python\Python313\site-packages\streamlit\watcher\local_sources_watcher.py", line 255, in <lambda>
    if hasattr(m, "__path__")
       ~~~~~~~^^^^^^^^^^^^^^^
  File "C:\Users\hp\AppData\Roaming\Python\Python313\site-packages\transformers\__init__.py", line 862, in _getattr
    return getattr(importlib.import_module(target, __name__), name)
                   ~~~~~~~~~~~~~~~~~~~~~~~^^^^^^^^^^^^^^^^^^
  File "C:\Python313\Lib\importlib\__init__.py", line 88, in import_module
    return _bootstrap._gcd_import(name[level:], package, level)
           ~~~~~~~~~~~~~~~~~~~~~~^^^^^^^^^^^^^^^^^^^^^^^^^^^^^^
  File "<frozen importlib._bootstrap>", line 1387, in _gcd_import
  File "<frozen importlib._bootstrap>", line 1360, in _find_and_load
  File "<frozen importlib._bootstrap>", line 1331, in _find_and_load_unlocked
  File "<frozen importlib._bootstrap>", line 935, in _load_unlocked
  File "<frozen importlib._bootstrap_external>", line 1026, in exec_module
  File "<frozen importlib._bootstrap>", line 488, in _call_with_frames_removed
  File "C:\Users\hp\AppData\Roaming\Python\Python313\site-packages\transformers\models\perception_lm\image_processing_perception_lm.py", line 19, in <module>
    from torchvision.transforms.v2 import functional as tvF
ModuleNotFoundError: No module named 'torchvision'
2026-08-03 21:26:46.074 Examining the path of transformers.models.phi4_multimodal.image_processing_phi4_multimodal_fast raised:
Traceback (most recent call last):
  File "C:\Users\hp\AppData\Roaming\Python\Python313\site-packages\streamlit\watcher\local_sources_watcher.py", line 267, in get_module_paths
    potential_paths = extract_paths(module)
  File "C:\Users\hp\AppData\Roaming\Python\Python313\site-packages\streamlit\watcher\local_sources_watcher.py", line 255, in <lambda>
    if hasattr(m, "__path__")
       ~~~~~~~^^^^^^^^^^^^^^^
  File "C:\Users\hp\AppData\Roaming\Python\Python313\site-packages\transformers\__init__.py", line 862, in _getattr
    return getattr(importlib.import_module(target, __name__), name)
                   ~~~~~~~~~~~~~~~~~~~~~~~^^^^^^^^^^^^^^^^^^
  File "C:\Python313\Lib\importlib\__init__.py", line 88, in import_module
    return _bootstrap._gcd_import(name[level:], package, level)
           ~~~~~~~~~~~~~~~~~~~~~~^^^^^^^^^^^^^^^^^^^^^^^^^^^^^^
  File "<frozen importlib._bootstrap>", line 1387, in _gcd_import
  File "<frozen importlib._bootstrap>", line 1360, in _find_and_load
  File "<frozen importlib._bootstrap>", line 1331, in _find_and_load_unlocked
  File "<frozen importlib._bootstrap>", line 935, in _load_unlocked
  File "<frozen importlib._bootstrap_external>", line 1026, in exec_module
  File "<frozen importlib._bootstrap>", line 488, in _call_with_frames_removed
  File "C:\Users\hp\AppData\Roaming\Python\Python313\site-packages\transformers\models\phi4_multimodal\image_processing_phi4_multimodal.py", line 19, in <module>
    from torchvision.transforms.v2 import functional as tvF
ModuleNotFoundError: No module named 'torchvision'
2026-08-03 21:26:46.110 Examining the path of transformers.models.pix2struct.image_processing_pix2struct_fast raised:
Traceback (most recent call last):
  File "C:\Users\hp\AppData\Roaming\Python\Python313\site-packages\streamlit\watcher\local_sources_watcher.py", line 267, in get_module_paths
    potential_paths = extract_paths(module)
  File "C:\Users\hp\AppData\Roaming\Python\Python313\site-packages\streamlit\watcher\local_sources_watcher.py", line 255, in <lambda>
    if hasattr(m, "__path__")
       ~~~~~~~^^^^^^^^^^^^^^^
  File "C:\Users\hp\AppData\Roaming\Python\Python313\site-packages\transformers\__init__.py", line 862, in _getattr
    return getattr(importlib.import_module(target, __name__), name)
                   ~~~~~~~~~~~~~~~~~~~~~~~^^^^^^^^^^^^^^^^^^
  File "C:\Python313\Lib\importlib\__init__.py", line 88, in import_module
    return _bootstrap._gcd_import(name[level:], package, level)
           ~~~~~~~~~~~~~~~~~~~~~~^^^^^^^^^^^^^^^^^^^^^^^^^^^^^^
  File "<frozen importlib._bootstrap>", line 1387, in _gcd_import
  File "<frozen importlib._bootstrap>", line 1360, in _find_and_load
  File "<frozen importlib._bootstrap>", line 1331, in _find_and_load_unlocked
  File "<frozen importlib._bootstrap>", line 935, in _load_unlocked
  File "<frozen importlib._bootstrap_external>", line 1026, in exec_module
  File "<frozen importlib._bootstrap>", line 488, in _call_with_frames_removed
  File "C:\Users\hp\AppData\Roaming\Python\Python313\site-packages\transformers\models\pix2struct\image_processing_pix2struct.py", line 21, in <module>
    import torchvision.transforms.v2.functional as tvF
ModuleNotFoundError: No module named 'torchvision'
2026-08-03 21:26:46.121 Examining the path of transformers.models.pixtral.image_processing_pixtral_fast raised:
Traceback (most recent call last):
  File "C:\Users\hp\AppData\Roaming\Python\Python313\site-packages\streamlit\watcher\local_sources_watcher.py", line 267, in get_module_paths
    potential_paths = extract_paths(module)
  File "C:\Users\hp\AppData\Roaming\Python\Python313\site-packages\streamlit\watcher\local_sources_watcher.py", line 255, in <lambda>
    if hasattr(m, "__path__")
       ~~~~~~~^^^^^^^^^^^^^^^
  File "C:\Users\hp\AppData\Roaming\Python\Python313\site-packages\transformers\__init__.py", line 862, in _getattr
    return getattr(importlib.import_module(target, __name__), name)
                   ~~~~~~~~~~~~~~~~~~~~~~~^^^^^^^^^^^^^^^^^^
  File "C:\Python313\Lib\importlib\__init__.py", line 88, in import_module
    return _bootstrap._gcd_import(name[level:], package, level)
           ~~~~~~~~~~~~~~~~~~~~~~^^^^^^^^^^^^^^^^^^^^^^^^^^^^^^
  File "<frozen importlib._bootstrap>", line 1387, in _gcd_import
  File "<frozen importlib._bootstrap>", line 1360, in _find_and_load
  File "<frozen importlib._bootstrap>", line 1331, in _find_and_load_unlocked
  File "<frozen importlib._bootstrap>", line 935, in _load_unlocked
  File "<frozen importlib._bootstrap_external>", line 1026, in exec_module
  File "<frozen importlib._bootstrap>", line 488, in _call_with_frames_removed
  File "C:\Users\hp\AppData\Roaming\Python\Python313\site-packages\transformers\models\pixtral\image_processing_pixtral.py", line 19, in <module>
    from torchvision.transforms.v2 import functional as tvF
ModuleNotFoundError: No module named 'torchvision'
2026-08-03 21:26:46.128 Examining the path of transformers.models.poolformer.image_processing_poolformer_fast raised:
Traceback (most recent call last):
  File "C:\Users\hp\AppData\Roaming\Python\Python313\site-packages\streamlit\watcher\local_sources_watcher.py", line 267, in get_module_paths
    potential_paths = extract_paths(module)
  File "C:\Users\hp\AppData\Roaming\Python\Python313\site-packages\streamlit\watcher\local_sources_watcher.py", line 255, in <lambda>
    if hasattr(m, "__path__")
       ~~~~~~~^^^^^^^^^^^^^^^
  File "C:\Users\hp\AppData\Roaming\Python\Python313\site-packages\transformers\__init__.py", line 862, in _getattr
    return getattr(importlib.import_module(target, __name__), name)
                   ~~~~~~~~~~~~~~~~~~~~~~~^^^^^^^^^^^^^^^^^^
  File "C:\Python313\Lib\importlib\__init__.py", line 88, in import_module
    return _bootstrap._gcd_import(name[level:], package, level)
           ~~~~~~~~~~~~~~~~~~~~~~^^^^^^^^^^^^^^^^^^^^^^^^^^^^^^
  File "<frozen importlib._bootstrap>", line 1387, in _gcd_import
  File "<frozen importlib._bootstrap>", line 1360, in _find_and_load
  File "<frozen importlib._bootstrap>", line 1331, in _find_and_load_unlocked
  File "<frozen importlib._bootstrap>", line 935, in _load_unlocked
  File "<frozen importlib._bootstrap_external>", line 1026, in exec_module
  File "<frozen importlib._bootstrap>", line 488, in _call_with_frames_removed
  File "C:\Users\hp\AppData\Roaming\Python\Python313\site-packages\transformers\models\poolformer\image_processing_poolformer.py", line 17, in <module>
    from torchvision.transforms.v2 import functional as tvF
ModuleNotFoundError: No module named 'torchvision'
2026-08-03 21:26:46.139 Examining the path of transformers.models.pp_doclayout_v2.image_processing_pp_doclayout_v2_fast raised:
Traceback (most recent call last):
  File "C:\Users\hp\AppData\Roaming\Python\Python313\site-packages\streamlit\watcher\local_sources_watcher.py", line 267, in get_module_paths
    potential_paths = extract_paths(module)
  File "C:\Users\hp\AppData\Roaming\Python\Python313\site-packages\streamlit\watcher\local_sources_watcher.py", line 255, in <lambda>
    if hasattr(m, "__path__")
       ~~~~~~~^^^^^^^^^^^^^^^
  File "C:\Users\hp\AppData\Roaming\Python\Python313\site-packages\transformers\__init__.py", line 862, in _getattr
    return getattr(importlib.import_module(target, __name__), name)
                   ~~~~~~~~~~~~~~~~~~~~~~~^^^^^^^^^^^^^^^^^^
  File "C:\Python313\Lib\importlib\__init__.py", line 88, in import_module
    return _bootstrap._gcd_import(name[level:], package, level)
           ~~~~~~~~~~~~~~~~~~~~~~^^^^^^^^^^^^^^^^^^^^^^^^^^^^^^
  File "<frozen importlib._bootstrap>", line 1387, in _gcd_import
  File "<frozen importlib._bootstrap>", line 1360, in _find_and_load
  File "<frozen importlib._bootstrap>", line 1331, in _find_and_load_unlocked
  File "<frozen importlib._bootstrap>", line 935, in _load_unlocked
  File "<frozen importlib._bootstrap_external>", line 1026, in exec_module
  File "<frozen importlib._bootstrap>", line 488, in _call_with_frames_removed
  File "C:\Users\hp\AppData\Roaming\Python\Python313\site-packages\transformers\models\pp_doclayout_v2\image_processing_pp_doclayout_v2.py", line 23, in <module>
    from torchvision.transforms.v2 import functional as tvF
ModuleNotFoundError: No module named 'torchvision'
2026-08-03 21:26:46.145 Examining the path of transformers.models.pp_doclayout_v3.image_processing_pp_doclayout_v3_fast raised:
Traceback (most recent call last):
  File "C:\Users\hp\AppData\Roaming\Python\Python313\site-packages\streamlit\watcher\local_sources_watcher.py", line 267, in get_module_paths
    potential_paths = extract_paths(module)
  File "C:\Users\hp\AppData\Roaming\Python\Python313\site-packages\streamlit\watcher\local_sources_watcher.py", line 255, in <lambda>
    if hasattr(m, "__path__")
       ~~~~~~~^^^^^^^^^^^^^^^
  File "C:\Users\hp\AppData\Roaming\Python\Python313\site-packages\transformers\__init__.py", line 862, in _getattr
    return getattr(importlib.import_module(target, __name__), name)
                   ~~~~~~~~~~~~~~~~~~~~~~~^^^^^^^^^^^^^^^^^^
  File "C:\Python313\Lib\importlib\__init__.py", line 88, in import_module
    return _bootstrap._gcd_import(name[level:], package, level)
           ~~~~~~~~~~~~~~~~~~~~~~^^^^^^^^^^^^^^^^^^^^^^^^^^^^^^
  File "<frozen importlib._bootstrap>", line 1387, in _gcd_import
  File "<frozen importlib._bootstrap>", line 1360, in _find_and_load
  File "<frozen importlib._bootstrap>", line 1331, in _find_and_load_unlocked
  File "<frozen importlib._bootstrap>", line 935, in _load_unlocked
  File "<frozen importlib._bootstrap_external>", line 1026, in exec_module
  File "<frozen importlib._bootstrap>", line 488, in _call_with_frames_removed
  File "C:\Users\hp\AppData\Roaming\Python\Python313\site-packages\transformers\models\pp_doclayout_v3\image_processing_pp_doclayout_v3.py", line 24, in <module>
    from torchvision.transforms.v2 import functional as tvF
ModuleNotFoundError: No module named 'torchvision'
2026-08-03 21:26:46.153 Examining the path of transformers.models.pp_formulanet.image_processing_pp_formulanet_fast raised:
Traceback (most recent call last):
  File "C:\Users\hp\AppData\Roaming\Python\Python313\site-packages\streamlit\watcher\local_sources_watcher.py", line 267, in get_module_paths
    potential_paths = extract_paths(module)
  File "C:\Users\hp\AppData\Roaming\Python\Python313\site-packages\streamlit\watcher\local_sources_watcher.py", line 255, in <lambda>
    if hasattr(m, "__path__")
       ~~~~~~~^^^^^^^^^^^^^^^
  File "C:\Users\hp\AppData\Roaming\Python\Python313\site-packages\transformers\__init__.py", line 862, in _getattr
    return getattr(importlib.import_module(target, __name__), name)
                   ~~~~~~~~~~~~~~~~~~~~~~~^^^^^^^^^^^^^^^^^^
  File "C:\Python313\Lib\importlib\__init__.py", line 88, in import_module
    return _bootstrap._gcd_import(name[level:], package, level)
           ~~~~~~~~~~~~~~~~~~~~~~^^^^^^^^^^^^^^^^^^^^^^^^^^^^^^
  File "<frozen importlib._bootstrap>", line 1387, in _gcd_import
  File "<frozen importlib._bootstrap>", line 1360, in _find_and_load
  File "<frozen importlib._bootstrap>", line 1331, in _find_and_load_unlocked
  File "<frozen importlib._bootstrap>", line 935, in _load_unlocked
  File "<frozen importlib._bootstrap_external>", line 1026, in exec_module
  File "<frozen importlib._bootstrap>", line 488, in _call_with_frames_removed
  File "C:\Users\hp\AppData\Roaming\Python\Python313\site-packages\transformers\models\pp_formulanet\image_processing_pp_formulanet.py", line 23, in <module>
    from torchvision.transforms.v2 import functional as tvF
ModuleNotFoundError: No module named 'torchvision'
2026-08-03 21:26:46.158 Examining the path of transformers.models.pp_lcnet.image_processing_pp_lcnet_fast raised:
Traceback (most recent call last):
  File "C:\Users\hp\AppData\Roaming\Python\Python313\site-packages\streamlit\watcher\local_sources_watcher.py", line 267, in get_module_paths
    potential_paths = extract_paths(module)
  File "C:\Users\hp\AppData\Roaming\Python\Python313\site-packages\streamlit\watcher\local_sources_watcher.py", line 255, in <lambda>
    if hasattr(m, "__path__")
       ~~~~~~~^^^^^^^^^^^^^^^
  File "C:\Users\hp\AppData\Roaming\Python\Python313\site-packages\transformers\__init__.py", line 862, in _getattr
    return getattr(importlib.import_module(target, __name__), name)
                   ~~~~~~~~~~~~~~~~~~~~~~~^^^^^^^^^^^^^^^^^^
  File "C:\Python313\Lib\importlib\__init__.py", line 88, in import_module
    return _bootstrap._gcd_import(name[level:], package, level)
           ~~~~~~~~~~~~~~~~~~~~~~^^^^^^^^^^^^^^^^^^^^^^^^^^^^^^
  File "<frozen importlib._bootstrap>", line 1387, in _gcd_import
  File "<frozen importlib._bootstrap>", line 1360, in _find_and_load
  File "<frozen importlib._bootstrap>", line 1331, in _find_and_load_unlocked
  File "<frozen importlib._bootstrap>", line 935, in _load_unlocked
  File "<frozen importlib._bootstrap_external>", line 1026, in exec_module
  File "<frozen importlib._bootstrap>", line 488, in _call_with_frames_removed
  File "C:\Users\hp\AppData\Roaming\Python\Python313\site-packages\transformers\models\pp_lcnet\image_processing_pp_lcnet.py", line 24, in <module>
    import torchvision.transforms.v2.functional as tvF
ModuleNotFoundError: No module named 'torchvision'
2026-08-03 21:26:46.164 Examining the path of transformers.models.pp_ocrv5_server_det.image_processing_pp_ocrv5_server_det_fast raised:
Traceback (most recent call last):
  File "C:\Users\hp\AppData\Roaming\Python\Python313\site-packages\streamlit\watcher\local_sources_watcher.py", line 267, in get_module_paths
    potential_paths = extract_paths(module)
  File "C:\Users\hp\AppData\Roaming\Python\Python313\site-packages\streamlit\watcher\local_sources_watcher.py", line 255, in <lambda>
    if hasattr(m, "__path__")
       ~~~~~~~^^^^^^^^^^^^^^^
  File "C:\Users\hp\AppData\Roaming\Python\Python313\site-packages\transformers\__init__.py", line 862, in _getattr
    return getattr(importlib.import_module(target, __name__), name)
                   ~~~~~~~~~~~~~~~~~~~~~~~^^^^^^^^^^^^^^^^^^
  File "C:\Python313\Lib\importlib\__init__.py", line 88, in import_module
    return _bootstrap._gcd_import(name[level:], package, level)
           ~~~~~~~~~~~~~~~~~~~~~~^^^^^^^^^^^^^^^^^^^^^^^^^^^^^^
  File "<frozen importlib._bootstrap>", line 1387, in _gcd_import
  File "<frozen importlib._bootstrap>", line 1360, in _find_and_load
  File "<frozen importlib._bootstrap>", line 1331, in _find_and_load_unlocked
  File "<frozen importlib._bootstrap>", line 935, in _load_unlocked
  File "<frozen importlib._bootstrap_external>", line 1026, in exec_module
  File "<frozen importlib._bootstrap>", line 488, in _call_with_frames_removed
  File "C:\Users\hp\AppData\Roaming\Python\Python313\site-packages\transformers\models\pp_ocrv5_server_det\image_processing_pp_ocrv5_server_det.py", line 25, in <module>
    import torchvision.transforms.v2.functional as tvF
ModuleNotFoundError: No module named 'torchvision'
2026-08-03 21:26:46.169 Examining the path of transformers.models.pp_ocrv5_server_rec.image_processing_pp_ocrv5_server_rec_fast raised:
Traceback (most recent call last):
  File "C:\Users\hp\AppData\Roaming\Python\Python313\site-packages\streamlit\watcher\local_sources_watcher.py", line 267, in get_module_paths
    potential_paths = extract_paths(module)
  File "C:\Users\hp\AppData\Roaming\Python\Python313\site-packages\streamlit\watcher\local_sources_watcher.py", line 255, in <lambda>
    if hasattr(m, "__path__")
       ~~~~~~~^^^^^^^^^^^^^^^
  File "C:\Users\hp\AppData\Roaming\Python\Python313\site-packages\transformers\__init__.py", line 862, in _getattr
    return getattr(importlib.import_module(target, __name__), name)
                   ~~~~~~~~~~~~~~~~~~~~~~~^^^^^^^^^^^^^^^^^^
  File "C:\Python313\Lib\importlib\__init__.py", line 88, in import_module
    return _bootstrap._gcd_import(name[level:], package, level)
           ~~~~~~~~~~~~~~~~~~~~~~^^^^^^^^^^^^^^^^^^^^^^^^^^^^^^
  File "<frozen importlib._bootstrap>", line 1387, in _gcd_import
  File "<frozen importlib._bootstrap>", line 1360, in _find_and_load
  File "<frozen importlib._bootstrap>", line 1331, in _find_and_load_unlocked
  File "<frozen importlib._bootstrap>", line 935, in _load_unlocked
  File "<frozen importlib._bootstrap_external>", line 1026, in exec_module
  File "<frozen importlib._bootstrap>", line 488, in _call_with_frames_removed
  File "C:\Users\hp\AppData\Roaming\Python\Python313\site-packages\transformers\models\pp_ocrv5_server_rec\image_processing_pp_ocrv5_server_rec.py", line 24, in <module>
    import torchvision.transforms.v2.functional as tvF
ModuleNotFoundError: No module named 'torchvision'
2026-08-03 21:26:46.175 Examining the path of transformers.models.pp_ocrv6_small_rec.image_processing_pp_ocrv6_small_rec_fast raised:
Traceback (most recent call last):
  File "C:\Users\hp\AppData\Roaming\Python\Python313\site-packages\streamlit\watcher\local_sources_watcher.py", line 267, in get_module_paths
    potential_paths = extract_paths(module)
  File "C:\Users\hp\AppData\Roaming\Python\Python313\site-packages\streamlit\watcher\local_sources_watcher.py", line 255, in <lambda>
    if hasattr(m, "__path__")
       ~~~~~~~^^^^^^^^^^^^^^^
  File "C:\Users\hp\AppData\Roaming\Python\Python313\site-packages\transformers\__init__.py", line 862, in _getattr
    return getattr(importlib.import_module(target, __name__), name)
                   ~~~~~~~~~~~~~~~~~~~~~~~^^^^^^^^^^^^^^^^^^
  File "C:\Python313\Lib\importlib\__init__.py", line 88, in import_module
    return _bootstrap._gcd_import(name[level:], package, level)
           ~~~~~~~~~~~~~~~~~~~~~~^^^^^^^^^^^^^^^^^^^^^^^^^^^^^^
  File "<frozen importlib._bootstrap>", line 1387, in _gcd_import
  File "<frozen importlib._bootstrap>", line 1360, in _find_and_load
  File "<frozen importlib._bootstrap>", line 1331, in _find_and_load_unlocked
  File "<frozen importlib._bootstrap>", line 935, in _load_unlocked
  File "<frozen importlib._bootstrap_external>", line 1026, in exec_module
  File "<frozen importlib._bootstrap>", line 488, in _call_with_frames_removed
  File "C:\Users\hp\AppData\Roaming\Python\Python313\site-packages\transformers\models\pp_ocrv6_small_rec\image_processing_pp_ocrv6_small_rec.py", line 24, in <module>
    import torchvision.transforms.v2.functional as tvF
ModuleNotFoundError: No module named 'torchvision'
2026-08-03 21:26:46.187 Examining the path of transformers.models.prompt_depth_anything.image_processing_prompt_depth_anything_fast raised:
Traceback (most recent call last):
  File "C:\Users\hp\AppData\Roaming\Python\Python313\site-packages\streamlit\watcher\local_sources_watcher.py", line 267, in get_module_paths
    potential_paths = extract_paths(module)
  File "C:\Users\hp\AppData\Roaming\Python\Python313\site-packages\streamlit\watcher\local_sources_watcher.py", line 255, in <lambda>
    if hasattr(m, "__path__")
       ~~~~~~~^^^^^^^^^^^^^^^
  File "C:\Users\hp\AppData\Roaming\Python\Python313\site-packages\transformers\__init__.py", line 862, in _getattr
    return getattr(importlib.import_module(target, __name__), name)
                   ~~~~~~~~~~~~~~~~~~~~~~~^^^^^^^^^^^^^^^^^^
  File "C:\Python313\Lib\importlib\__init__.py", line 88, in import_module
    return _bootstrap._gcd_import(name[level:], package, level)
           ~~~~~~~~~~~~~~~~~~~~~~^^^^^^^^^^^^^^^^^^^^^^^^^^^^^^
  File "<frozen importlib._bootstrap>", line 1387, in _gcd_import
  File "<frozen importlib._bootstrap>", line 1360, in _find_and_load
  File "<frozen importlib._bootstrap>", line 1331, in _find_and_load_unlocked
  File "<frozen importlib._bootstrap>", line 935, in _load_unlocked
  File "<frozen importlib._bootstrap_external>", line 1026, in exec_module
  File "<frozen importlib._bootstrap>", line 488, in _call_with_frames_removed
  File "C:\Users\hp\AppData\Roaming\Python\Python313\site-packages\transformers\models\prompt_depth_anything\image_processing_prompt_depth_anything.py", line 42, in <module>
    from torchvision.transforms.v2 import functional as tvF
ModuleNotFoundError: No module named 'torchvision'
2026-08-03 21:26:46.210 Examining the path of transformers.models.qwen2_vl.image_processing_qwen2_vl_fast raised:
Traceback (most recent call last):
  File "C:\Users\hp\AppData\Roaming\Python\Python313\site-packages\streamlit\watcher\local_sources_watcher.py", line 267, in get_module_paths
    potential_paths = extract_paths(module)
  File "C:\Users\hp\AppData\Roaming\Python\Python313\site-packages\streamlit\watcher\local_sources_watcher.py", line 255, in <lambda>
    if hasattr(m, "__path__")
       ~~~~~~~^^^^^^^^^^^^^^^
  File "C:\Users\hp\AppData\Roaming\Python\Python313\site-packages\transformers\__init__.py", line 862, in _getattr
    return getattr(importlib.import_module(target, __name__), name)
                   ~~~~~~~~~~~~~~~~~~~~~~~^^^^^^^^^^^^^^^^^^
  File "C:\Python313\Lib\importlib\__init__.py", line 88, in import_module
    return _bootstrap._gcd_import(name[level:], package, level)
           ~~~~~~~~~~~~~~~~~~~~~~^^^^^^^^^^^^^^^^^^^^^^^^^^^^^^
  File "<frozen importlib._bootstrap>", line 1387, in _gcd_import
  File "<frozen importlib._bootstrap>", line 1360, in _find_and_load
  File "<frozen importlib._bootstrap>", line 1331, in _find_and_load_unlocked
  File "<frozen importlib._bootstrap>", line 935, in _load_unlocked
  File "<frozen importlib._bootstrap_external>", line 1026, in exec_module
  File "<frozen importlib._bootstrap>", line 488, in _call_with_frames_removed
  File "C:\Users\hp\AppData\Roaming\Python\Python313\site-packages\transformers\models\qwen2_vl\image_processing_qwen2_vl.py", line 25, in <module>
    from torchvision.transforms.v2 import functional as tvF
ModuleNotFoundError: No module named 'torchvision'
2026-08-03 21:26:46.217 Examining the path of transformers.models.rf_detr.image_processing_rf_detr_fast raised:
Traceback (most recent call last):
  File "C:\Users\hp\AppData\Roaming\Python\Python313\site-packages\streamlit\watcher\local_sources_watcher.py", line 267, in get_module_paths
    potential_paths = extract_paths(module)
  File "C:\Users\hp\AppData\Roaming\Python\Python313\site-packages\streamlit\watcher\local_sources_watcher.py", line 255, in <lambda>
    if hasattr(m, "__path__")
       ~~~~~~~^^^^^^^^^^^^^^^
  File "C:\Users\hp\AppData\Roaming\Python\Python313\site-packages\transformers\__init__.py", line 862, in _getattr
    return getattr(importlib.import_module(target, __name__), name)
                   ~~~~~~~~~~~~~~~~~~~~~~~^^^^^^^^^^^^^^^^^^
  File "C:\Python313\Lib\importlib\__init__.py", line 88, in import_module
    return _bootstrap._gcd_import(name[level:], package, level)
           ~~~~~~~~~~~~~~~~~~~~~~^^^^^^^^^^^^^^^^^^^^^^^^^^^^^^
  File "<frozen importlib._bootstrap>", line 1387, in _gcd_import
  File "<frozen importlib._bootstrap>", line 1360, in _find_and_load
  File "<frozen importlib._bootstrap>", line 1331, in _find_and_load_unlocked
  File "<frozen importlib._bootstrap>", line 935, in _load_unlocked
  File "<frozen importlib._bootstrap_external>", line 1026, in exec_module
  File "<frozen importlib._bootstrap>", line 488, in _call_with_frames_removed
  File "C:\Users\hp\AppData\Roaming\Python\Python313\site-packages\transformers\models\rf_detr\image_processing_rf_detr.py", line 26, in <module>
    from torchvision.transforms.v2 import functional as tvF
ModuleNotFoundError: No module named 'torchvision'
2026-08-03 21:26:46.231 Examining the path of transformers.models.rt_detr.image_processing_rt_detr_fast raised:
Traceback (most recent call last):
  File "C:\Users\hp\AppData\Roaming\Python\Python313\site-packages\streamlit\watcher\local_sources_watcher.py", line 267, in get_module_paths
    potential_paths = extract_paths(module)
  File "C:\Users\hp\AppData\Roaming\Python\Python313\site-packages\streamlit\watcher\local_sources_watcher.py", line 255, in <lambda>
    if hasattr(m, "__path__")
       ~~~~~~~^^^^^^^^^^^^^^^
  File "C:\Users\hp\AppData\Roaming\Python\Python313\site-packages\transformers\__init__.py", line 862, in _getattr
    return getattr(importlib.import_module(target, __name__), name)
                   ~~~~~~~~~~~~~~~~~~~~~~~^^^^^^^^^^^^^^^^^^
  File "C:\Python313\Lib\importlib\__init__.py", line 88, in import_module
    return _bootstrap._gcd_import(name[level:], package, level)
           ~~~~~~~~~~~~~~~~~~~~~~^^^^^^^^^^^^^^^^^^^^^^^^^^^^^^
  File "<frozen importlib._bootstrap>", line 1387, in _gcd_import
  File "<frozen importlib._bootstrap>", line 1360, in _find_and_load
  File "<frozen importlib._bootstrap>", line 1331, in _find_and_load_unlocked
  File "<frozen importlib._bootstrap>", line 935, in _load_unlocked
  File "<frozen importlib._bootstrap_external>", line 1026, in exec_module
  File "<frozen importlib._bootstrap>", line 488, in _call_with_frames_removed
  File "C:\Users\hp\AppData\Roaming\Python\Python313\site-packages\transformers\models\rt_detr\image_processing_rt_detr.py", line 24, in <module>
    from torchvision.transforms.v2 import functional as tvF
ModuleNotFoundError: No module named 'torchvision'
2026-08-03 21:26:46.249 Examining the path of transformers.models.sam.image_processing_sam_fast raised:
Traceback (most recent call last):
  File "C:\Users\hp\AppData\Roaming\Python\Python313\site-packages\streamlit\watcher\local_sources_watcher.py", line 267, in get_module_paths
    potential_paths = extract_paths(module)
  File "C:\Users\hp\AppData\Roaming\Python\Python313\site-packages\streamlit\watcher\local_sources_watcher.py", line 255, in <lambda>
    if hasattr(m, "__path__")
       ~~~~~~~^^^^^^^^^^^^^^^
  File "C:\Users\hp\AppData\Roaming\Python\Python313\site-packages\transformers\__init__.py", line 862, in _getattr
    return getattr(importlib.import_module(target, __name__), name)
                   ~~~~~~~~~~~~~~~~~~~~~~~^^^^^^^^^^^^^^^^^^
  File "C:\Python313\Lib\importlib\__init__.py", line 88, in import_module
    return _bootstrap._gcd_import(name[level:], package, level)
           ~~~~~~~~~~~~~~~~~~~~~~^^^^^^^^^^^^^^^^^^^^^^^^^^^^^^
  File "<frozen importlib._bootstrap>", line 1387, in _gcd_import
  File "<frozen importlib._bootstrap>", line 1360, in _find_and_load
  File "<frozen importlib._bootstrap>", line 1331, in _find_and_load_unlocked
  File "<frozen importlib._bootstrap>", line 935, in _load_unlocked
  File "<frozen importlib._bootstrap_external>", line 1026, in exec_module
  File "<frozen importlib._bootstrap>", line 488, in _call_with_frames_removed
  File "C:\Users\hp\AppData\Roaming\Python\Python313\site-packages\transformers\models\sam\image_processing_sam.py", line 25, in <module>
    from torchvision.ops.boxes import batched_nms
ModuleNotFoundError: No module named 'torchvision'
2026-08-03 21:26:46.256 Examining the path of transformers.models.sam2.image_processing_sam2_fast raised:
Traceback (most recent call last):
  File "C:\Users\hp\AppData\Roaming\Python\Python313\site-packages\streamlit\watcher\local_sources_watcher.py", line 267, in get_module_paths
    potential_paths = extract_paths(module)
  File "C:\Users\hp\AppData\Roaming\Python\Python313\site-packages\streamlit\watcher\local_sources_watcher.py", line 255, in <lambda>
    if hasattr(m, "__path__")
       ~~~~~~~^^^^^^^^^^^^^^^
  File "C:\Users\hp\AppData\Roaming\Python\Python313\site-packages\transformers\__init__.py", line 862, in _getattr
    return getattr(importlib.import_module(target, __name__), name)
                   ~~~~~~~~~~~~~~~~~~~~~~~^^^^^^^^^^^^^^^^^^
  File "C:\Python313\Lib\importlib\__init__.py", line 88, in import_module
    return _bootstrap._gcd_import(name[level:], package, level)
           ~~~~~~~~~~~~~~~~~~~~~~^^^^^^^^^^^^^^^^^^^^^^^^^^^^^^
  File "<frozen importlib._bootstrap>", line 1387, in _gcd_import
  File "<frozen importlib._bootstrap>", line 1360, in _find_and_load
  File "<frozen importlib._bootstrap>", line 1331, in _find_and_load_unlocked
  File "<frozen importlib._bootstrap>", line 935, in _load_unlocked
  File "<frozen importlib._bootstrap_external>", line 1026, in exec_module
  File "<frozen importlib._bootstrap>", line 488, in _call_with_frames_removed
  File "C:\Users\hp\AppData\Roaming\Python\Python313\site-packages\transformers\models\sam2\image_processing_sam2.py", line 28, in <module>
    from torchvision.ops.boxes import batched_nms
ModuleNotFoundError: No module named 'torchvision'
2026-08-03 21:26:46.264 Examining the path of transformers.models.sam3.image_processing_sam3_fast raised:
Traceback (most recent call last):
  File "C:\Users\hp\AppData\Roaming\Python\Python313\site-packages\streamlit\watcher\local_sources_watcher.py", line 267, in get_module_paths
    potential_paths = extract_paths(module)
  File "C:\Users\hp\AppData\Roaming\Python\Python313\site-packages\streamlit\watcher\local_sources_watcher.py", line 255, in <lambda>
    if hasattr(m, "__path__")
       ~~~~~~~^^^^^^^^^^^^^^^
  File "C:\Users\hp\AppData\Roaming\Python\Python313\site-packages\transformers\__init__.py", line 862, in _getattr
    return getattr(importlib.import_module(target, __name__), name)
                   ~~~~~~~~~~~~~~~~~~~~~~~^^^^^^^^^^^^^^^^^^
  File "C:\Python313\Lib\importlib\__init__.py", line 88, in import_module
    return _bootstrap._gcd_import(name[level:], package, level)
           ~~~~~~~~~~~~~~~~~~~~~~^^^^^^^^^^^^^^^^^^^^^^^^^^^^^^
  File "<frozen importlib._bootstrap>", line 1387, in _gcd_import
  File "<frozen importlib._bootstrap>", line 1360, in _find_and_load
  File "<frozen importlib._bootstrap>", line 1331, in _find_and_load_unlocked
  File "<frozen importlib._bootstrap>", line 935, in _load_unlocked
  File "<frozen importlib._bootstrap_external>", line 1026, in exec_module
  File "<frozen importlib._bootstrap>", line 488, in _call_with_frames_removed
  File "C:\Users\hp\AppData\Roaming\Python\Python313\site-packages\transformers\models\sam3\image_processing_sam3.py", line 30, in <module>
    from torchvision.ops.boxes import batched_nms
ModuleNotFoundError: No module named 'torchvision'
2026-08-03 21:26:46.271 Examining the path of transformers.models.sapiens2.image_processing_sapiens2_fast raised:
Traceback (most recent call last):
  File "C:\Users\hp\AppData\Roaming\Python\Python313\site-packages\streamlit\watcher\local_sources_watcher.py", line 267, in get_module_paths
    potential_paths = extract_paths(module)
  File "C:\Users\hp\AppData\Roaming\Python\Python313\site-packages\streamlit\watcher\local_sources_watcher.py", line 255, in <lambda>
    if hasattr(m, "__path__")
       ~~~~~~~^^^^^^^^^^^^^^^
  File "C:\Users\hp\AppData\Roaming\Python\Python313\site-packages\transformers\__init__.py", line 862, in _getattr
    return getattr(importlib.import_module(target, __name__), name)
                   ~~~~~~~~~~~~~~~~~~~~~~~^^^^^^^^^^^^^^^^^^
  File "C:\Python313\Lib\importlib\__init__.py", line 88, in import_module
    return _bootstrap._gcd_import(name[level:], package, level)
           ~~~~~~~~~~~~~~~~~~~~~~^^^^^^^^^^^^^^^^^^^^^^^^^^^^^^
  File "<frozen importlib._bootstrap>", line 1387, in _gcd_import
  File "<frozen importlib._bootstrap>", line 1360, in _find_and_load
  File "<frozen importlib._bootstrap>", line 1331, in _find_and_load_unlocked
  File "<frozen importlib._bootstrap>", line 935, in _load_unlocked
  File "<frozen importlib._bootstrap_external>", line 1026, in exec_module
  File "<frozen importlib._bootstrap>", line 488, in _call_with_frames_removed
  File "C:\Users\hp\AppData\Roaming\Python\Python313\site-packages\transformers\models\sapiens2\image_processing_sapiens2.py", line 23, in <module>
    from torchvision.transforms.v2 import functional as tvF
ModuleNotFoundError: No module named 'torchvision'
2026-08-03 21:26:46.282 Examining the path of transformers.models.segformer.image_processing_segformer_fast raised:
Traceback (most recent call last):
  File "C:\Users\hp\AppData\Roaming\Python\Python313\site-packages\streamlit\watcher\local_sources_watcher.py", line 267, in get_module_paths
    potential_paths = extract_paths(module)
  File "C:\Users\hp\AppData\Roaming\Python\Python313\site-packages\streamlit\watcher\local_sources_watcher.py", line 255, in <lambda>
    if hasattr(m, "__path__")
       ~~~~~~~^^^^^^^^^^^^^^^
  File "C:\Users\hp\AppData\Roaming\Python\Python313\site-packages\transformers\__init__.py", line 862, in _getattr
    return getattr(importlib.import_module(target, __name__), name)
                   ~~~~~~~~~~~~~~~~~~~~~~~^^^^^^^^^^^^^^^^^^
  File "C:\Python313\Lib\importlib\__init__.py", line 88, in import_module
    return _bootstrap._gcd_import(name[level:], package, level)
           ~~~~~~~~~~~~~~~~~~~~~~^^^^^^^^^^^^^^^^^^^^^^^^^^^^^^
  File "<frozen importlib._bootstrap>", line 1387, in _gcd_import
  File "<frozen importlib._bootstrap>", line 1360, in _find_and_load
  File "<frozen importlib._bootstrap>", line 1331, in _find_and_load_unlocked
  File "<frozen importlib._bootstrap>", line 935, in _load_unlocked
  File "<frozen importlib._bootstrap_external>", line 1026, in exec_module
  File "<frozen importlib._bootstrap>", line 488, in _call_with_frames_removed
  File "C:\Users\hp\AppData\Roaming\Python\Python313\site-packages\transformers\models\segformer\image_processing_segformer.py", line 25, in <module>
    import torchvision.transforms.v2.functional as tvF
ModuleNotFoundError: No module named 'torchvision'
2026-08-03 21:26:46.294 Examining the path of transformers.models.seggpt.image_processing_seggpt_fast raised:
Traceback (most recent call last):
  File "C:\Users\hp\AppData\Roaming\Python\Python313\site-packages\streamlit\watcher\local_sources_watcher.py", line 267, in get_module_paths
    potential_paths = extract_paths(module)
  File "C:\Users\hp\AppData\Roaming\Python\Python313\site-packages\streamlit\watcher\local_sources_watcher.py", line 255, in <lambda>
    if hasattr(m, "__path__")
       ~~~~~~~^^^^^^^^^^^^^^^
  File "C:\Users\hp\AppData\Roaming\Python\Python313\site-packages\transformers\__init__.py", line 862, in _getattr
    return getattr(importlib.import_module(target, __name__), name)
                   ~~~~~~~~~~~~~~~~~~~~~~~^^^^^^^^^^^^^^^^^^
  File "C:\Python313\Lib\importlib\__init__.py", line 88, in import_module
    return _bootstrap._gcd_import(name[level:], package, level)
           ~~~~~~~~~~~~~~~~~~~~~~^^^^^^^^^^^^^^^^^^^^^^^^^^^^^^
  File "<frozen importlib._bootstrap>", line 1387, in _gcd_import
  File "<frozen importlib._bootstrap>", line 1360, in _find_and_load
  File "<frozen importlib._bootstrap>", line 1331, in _find_and_load_unlocked
  File "<frozen importlib._bootstrap>", line 935, in _load_unlocked
  File "<frozen importlib._bootstrap_external>", line 1026, in exec_module
  File "<frozen importlib._bootstrap>", line 488, in _call_with_frames_removed
  File "C:\Users\hp\AppData\Roaming\Python\Python313\site-packages\transformers\models\seggpt\image_processing_seggpt.py", line 20, in <module>
    from torchvision.transforms.v2 import functional as tvF
ModuleNotFoundError: No module named 'torchvision'
2026-08-03 21:26:46.309 Examining the path of transformers.models.siglip2.image_processing_siglip2_fast raised:
Traceback (most recent call last):
  File "C:\Users\hp\AppData\Roaming\Python\Python313\site-packages\streamlit\watcher\local_sources_watcher.py", line 267, in get_module_paths
    potential_paths = extract_paths(module)
  File "C:\Users\hp\AppData\Roaming\Python\Python313\site-packages\streamlit\watcher\local_sources_watcher.py", line 255, in <lambda>
    if hasattr(m, "__path__")
       ~~~~~~~^^^^^^^^^^^^^^^
  File "C:\Users\hp\AppData\Roaming\Python\Python313\site-packages\transformers\__init__.py", line 862, in _getattr
    return getattr(importlib.import_module(target, __name__), name)
                   ~~~~~~~~~~~~~~~~~~~~~~~^^^^^^^^^^^^^^^^^^
  File "C:\Python313\Lib\importlib\__init__.py", line 88, in import_module
    return _bootstrap._gcd_import(name[level:], package, level)
           ~~~~~~~~~~~~~~~~~~~~~~^^^^^^^^^^^^^^^^^^^^^^^^^^^^^^
  File "<frozen importlib._bootstrap>", line 1387, in _gcd_import
  File "<frozen importlib._bootstrap>", line 1360, in _find_and_load
  File "<frozen importlib._bootstrap>", line 1331, in _find_and_load_unlocked
  File "<frozen importlib._bootstrap>", line 935, in _load_unlocked
  File "<frozen importlib._bootstrap_external>", line 1026, in exec_module
  File "<frozen importlib._bootstrap>", line 488, in _call_with_frames_removed
  File "C:\Users\hp\AppData\Roaming\Python\Python313\site-packages\transformers\models\siglip2\image_processing_siglip2.py", line 17, in <module>
    from torchvision.transforms.v2 import functional as tvF
ModuleNotFoundError: No module named 'torchvision'
2026-08-03 21:26:46.315 Examining the path of transformers.models.slanext.image_processing_slanext_fast raised:
Traceback (most recent call last):
  File "C:\Users\hp\AppData\Roaming\Python\Python313\site-packages\streamlit\watcher\local_sources_watcher.py", line 267, in get_module_paths
    potential_paths = extract_paths(module)
  File "C:\Users\hp\AppData\Roaming\Python\Python313\site-packages\streamlit\watcher\local_sources_watcher.py", line 255, in <lambda>
    if hasattr(m, "__path__")
       ~~~~~~~^^^^^^^^^^^^^^^
  File "C:\Users\hp\AppData\Roaming\Python\Python313\site-packages\transformers\__init__.py", line 862, in _getattr
    return getattr(importlib.import_module(target, __name__), name)
                   ~~~~~~~~~~~~~~~~~~~~~~~^^^^^^^^^^^^^^^^^^
  File "C:\Python313\Lib\importlib\__init__.py", line 88, in import_module
    return _bootstrap._gcd_import(name[level:], package, level)
           ~~~~~~~~~~~~~~~~~~~~~~^^^^^^^^^^^^^^^^^^^^^^^^^^^^^^
  File "<frozen importlib._bootstrap>", line 1387, in _gcd_import
  File "<frozen importlib._bootstrap>", line 1360, in _find_and_load
  File "<frozen importlib._bootstrap>", line 1331, in _find_and_load_unlocked
  File "<frozen importlib._bootstrap>", line 935, in _load_unlocked
  File "<frozen importlib._bootstrap_external>", line 1026, in exec_module
  File "<frozen importlib._bootstrap>", line 488, in _call_with_frames_removed
  File "C:\Users\hp\AppData\Roaming\Python\Python313\site-packages\transformers\models\slanext\image_processing_slanext.py", line 23, in <module>
    import torchvision.transforms.v2.functional as tvF
ModuleNotFoundError: No module named 'torchvision'
2026-08-03 21:26:46.328 Examining the path of transformers.models.smolvlm.image_processing_smolvlm_fast raised:
Traceback (most recent call last):
  File "C:\Users\hp\AppData\Roaming\Python\Python313\site-packages\streamlit\watcher\local_sources_watcher.py", line 267, in get_module_paths
    potential_paths = extract_paths(module)
  File "C:\Users\hp\AppData\Roaming\Python\Python313\site-packages\streamlit\watcher\local_sources_watcher.py", line 255, in <lambda>
    if hasattr(m, "__path__")
       ~~~~~~~^^^^^^^^^^^^^^^
  File "C:\Users\hp\AppData\Roaming\Python\Python313\site-packages\transformers\__init__.py", line 862, in _getattr
    return getattr(importlib.import_module(target, __name__), name)
                   ~~~~~~~~~~~~~~~~~~~~~~~^^^^^^^^^^^^^^^^^^
  File "C:\Python313\Lib\importlib\__init__.py", line 88, in import_module
    return _bootstrap._gcd_import(name[level:], package, level)
           ~~~~~~~~~~~~~~~~~~~~~~^^^^^^^^^^^^^^^^^^^^^^^^^^^^^^
  File "<frozen importlib._bootstrap>", line 1387, in _gcd_import
  File "<frozen importlib._bootstrap>", line 1360, in _find_and_load
  File "<frozen importlib._bootstrap>", line 1331, in _find_and_load_unlocked
  File "<frozen importlib._bootstrap>", line 935, in _load_unlocked
  File "<frozen importlib._bootstrap_external>", line 1026, in exec_module
  File "<frozen importlib._bootstrap>", line 488, in _call_with_frames_removed
  File "C:\Users\hp\AppData\Roaming\Python\Python313\site-packages\transformers\models\smolvlm\image_processing_smolvlm.py", line 27, in <module>
    from torchvision.transforms.v2 import functional as tvF
ModuleNotFoundError: No module named 'torchvision'
2026-08-03 21:26:46.339 Examining the path of transformers.models.superglue.image_processing_superglue_fast raised:
Traceback (most recent call last):
  File "C:\Users\hp\AppData\Roaming\Python\Python313\site-packages\streamlit\watcher\local_sources_watcher.py", line 267, in get_module_paths
    potential_paths = extract_paths(module)
  File "C:\Users\hp\AppData\Roaming\Python\Python313\site-packages\streamlit\watcher\local_sources_watcher.py", line 255, in <lambda>
    if hasattr(m, "__path__")
       ~~~~~~~^^^^^^^^^^^^^^^
  File "C:\Users\hp\AppData\Roaming\Python\Python313\site-packages\transformers\__init__.py", line 862, in _getattr
    return getattr(importlib.import_module(target, __name__), name)
                   ~~~~~~~~~~~~~~~~~~~~~~~^^^^^^^^^^^^^^^^^^
  File "C:\Python313\Lib\importlib\__init__.py", line 88, in import_module
    return _bootstrap._gcd_import(name[level:], package, level)
           ~~~~~~~~~~~~~~~~~~~~~~^^^^^^^^^^^^^^^^^^^^^^^^^^^^^^
  File "<frozen importlib._bootstrap>", line 1387, in _gcd_import
  File "<frozen importlib._bootstrap>", line 1360, in _find_and_load
  File "<frozen importlib._bootstrap>", line 1331, in _find_and_load_unlocked
  File "<frozen importlib._bootstrap>", line 935, in _load_unlocked
  File "<frozen importlib._bootstrap_external>", line 1026, in exec_module
  File "<frozen importlib._bootstrap>", line 488, in _call_with_frames_removed
  File "C:\Users\hp\AppData\Roaming\Python\Python313\site-packages\transformers\models\superglue\image_processing_superglue.py", line 47, in <module>
    from torchvision.transforms.v2 import functional as tvF
ModuleNotFoundError: No module named 'torchvision'
2026-08-03 21:26:46.343 Examining the path of transformers.models.superpoint.image_processing_superpoint_fast raised:
Traceback (most recent call last):
  File "C:\Users\hp\AppData\Roaming\Python\Python313\site-packages\streamlit\watcher\local_sources_watcher.py", line 267, in get_module_paths
    potential_paths = extract_paths(module)
  File "C:\Users\hp\AppData\Roaming\Python\Python313\site-packages\streamlit\watcher\local_sources_watcher.py", line 255, in <lambda>
    if hasattr(m, "__path__")
       ~~~~~~~^^^^^^^^^^^^^^^
  File "C:\Users\hp\AppData\Roaming\Python\Python313\site-packages\transformers\__init__.py", line 862, in _getattr
    return getattr(importlib.import_module(target, __name__), name)
                   ~~~~~~~~~~~~~~~~~~~~~~~^^^^^^^^^^^^^^^^^^
  File "C:\Python313\Lib\importlib\__init__.py", line 88, in import_module
    return _bootstrap._gcd_import(name[level:], package, level)
           ~~~~~~~~~~~~~~~~~~~~~~^^^^^^^^^^^^^^^^^^^^^^^^^^^^^^
  File "<frozen importlib._bootstrap>", line 1387, in _gcd_import
  File "<frozen importlib._bootstrap>", line 1360, in _find_and_load
  File "<frozen importlib._bootstrap>", line 1331, in _find_and_load_unlocked
  File "<frozen importlib._bootstrap>", line 935, in _load_unlocked
  File "<frozen importlib._bootstrap_external>", line 1026, in exec_module
  File "<frozen importlib._bootstrap>", line 488, in _call_with_frames_removed
  File "C:\Users\hp\AppData\Roaming\Python\Python313\site-packages\transformers\models\superpoint\image_processing_superpoint.py", line 31, in <module>
    from torchvision.transforms.v2 import functional as tvF
ModuleNotFoundError: No module named 'torchvision'
2026-08-03 21:26:46.354 Examining the path of transformers.models.swin2sr.image_processing_swin2sr_fast raised:
Traceback (most recent call last):
  File "C:\Users\hp\AppData\Roaming\Python\Python313\site-packages\streamlit\watcher\local_sources_watcher.py", line 267, in get_module_paths
    potential_paths = extract_paths(module)
  File "C:\Users\hp\AppData\Roaming\Python\Python313\site-packages\streamlit\watcher\local_sources_watcher.py", line 255, in <lambda>
    if hasattr(m, "__path__")
       ~~~~~~~^^^^^^^^^^^^^^^
  File "C:\Users\hp\AppData\Roaming\Python\Python313\site-packages\transformers\__init__.py", line 862, in _getattr
    return getattr(importlib.import_module(target, __name__), name)
                   ~~~~~~~~~~~~~~~~~~~~~~~^^^^^^^^^^^^^^^^^^
  File "C:\Python313\Lib\importlib\__init__.py", line 88, in import_module
    return _bootstrap._gcd_import(name[level:], package, level)
           ~~~~~~~~~~~~~~~~~~~~~~^^^^^^^^^^^^^^^^^^^^^^^^^^^^^^
  File "<frozen importlib._bootstrap>", line 1387, in _gcd_import
  File "<frozen importlib._bootstrap>", line 1360, in _find_and_load
  File "<frozen importlib._bootstrap>", line 1331, in _find_and_load_unlocked
  File "<frozen importlib._bootstrap>", line 935, in _load_unlocked
  File "<frozen importlib._bootstrap_external>", line 1026, in exec_module
  File "<frozen importlib._bootstrap>", line 488, in _call_with_frames_removed
  File "C:\Users\hp\AppData\Roaming\Python\Python313\site-packages\transformers\models\swin2sr\image_processing_swin2sr.py", line 17, in <module>
    from torchvision.transforms.v2 import functional as tvF
ModuleNotFoundError: No module named 'torchvision'
2026-08-03 21:26:46.364 Examining the path of transformers.models.textnet.image_processing_textnet_fast raised:
Traceback (most recent call last):
  File "C:\Users\hp\AppData\Roaming\Python\Python313\site-packages\streamlit\watcher\local_sources_watcher.py", line 267, in get_module_paths
    potential_paths = extract_paths(module)
  File "C:\Users\hp\AppData\Roaming\Python\Python313\site-packages\streamlit\watcher\local_sources_watcher.py", line 255, in <lambda>
    if hasattr(m, "__path__")
       ~~~~~~~^^^^^^^^^^^^^^^
  File "C:\Users\hp\AppData\Roaming\Python\Python313\site-packages\transformers\__init__.py", line 862, in _getattr
    return getattr(importlib.import_module(target, __name__), name)
                   ~~~~~~~~~~~~~~~~~~~~~~~^^^^^^^^^^^^^^^^^^
  File "C:\Python313\Lib\importlib\__init__.py", line 88, in import_module
    return _bootstrap._gcd_import(name[level:], package, level)
           ~~~~~~~~~~~~~~~~~~~~~~^^^^^^^^^^^^^^^^^^^^^^^^^^^^^^
  File "<frozen importlib._bootstrap>", line 1387, in _gcd_import
  File "<frozen importlib._bootstrap>", line 1360, in _find_and_load
  File "<frozen importlib._bootstrap>", line 1331, in _find_and_load_unlocked
  File "<frozen importlib._bootstrap>", line 935, in _load_unlocked
  File "<frozen importlib._bootstrap_external>", line 1026, in exec_module
  File "<frozen importlib._bootstrap>", line 488, in _call_with_frames_removed
  File "C:\Users\hp\AppData\Roaming\Python\Python313\site-packages\transformers\models\textnet\image_processing_textnet.py", line 17, in <module>
    from torchvision.transforms.v2 import functional as tvF
ModuleNotFoundError: No module named 'torchvision'
2026-08-03 21:26:46.388 Examining the path of transformers.models.tvp.image_processing_tvp_fast raised:
Traceback (most recent call last):
  File "C:\Users\hp\AppData\Roaming\Python\Python313\site-packages\streamlit\watcher\local_sources_watcher.py", line 267, in get_module_paths
    potential_paths = extract_paths(module)
  File "C:\Users\hp\AppData\Roaming\Python\Python313\site-packages\streamlit\watcher\local_sources_watcher.py", line 255, in <lambda>
    if hasattr(m, "__path__")
       ~~~~~~~^^^^^^^^^^^^^^^
  File "C:\Users\hp\AppData\Roaming\Python\Python313\site-packages\transformers\__init__.py", line 862, in _getattr
    return getattr(importlib.import_module(target, __name__), name)
                   ~~~~~~~~~~~~~~~~~~~~~~~^^^^^^^^^^^^^^^^^^
  File "C:\Python313\Lib\importlib\__init__.py", line 88, in import_module
    return _bootstrap._gcd_import(name[level:], package, level)
           ~~~~~~~~~~~~~~~~~~~~~~^^^^^^^^^^^^^^^^^^^^^^^^^^^^^^
  File "<frozen importlib._bootstrap>", line 1387, in _gcd_import
  File "<frozen importlib._bootstrap>", line 1360, in _find_and_load
  File "<frozen importlib._bootstrap>", line 1331, in _find_and_load_unlocked
  File "<frozen importlib._bootstrap>", line 935, in _load_unlocked
  File "<frozen importlib._bootstrap_external>", line 1026, in exec_module
  File "<frozen importlib._bootstrap>", line 488, in _call_with_frames_removed
  File "C:\Users\hp\AppData\Roaming\Python\Python313\site-packages\transformers\models\tvp\image_processing_tvp.py", line 17, in <module>
    from torchvision.transforms.v2 import functional as tvF
ModuleNotFoundError: No module named 'torchvision'
2026-08-03 21:26:46.427 Examining the path of transformers.models.videomae.image_processing_videomae_fast raised:
Traceback (most recent call last):
  File "C:\Users\hp\AppData\Roaming\Python\Python313\site-packages\streamlit\watcher\local_sources_watcher.py", line 267, in get_module_paths
    potential_paths = extract_paths(module)
  File "C:\Users\hp\AppData\Roaming\Python\Python313\site-packages\streamlit\watcher\local_sources_watcher.py", line 255, in <lambda>
    if hasattr(m, "__path__")
       ~~~~~~~^^^^^^^^^^^^^^^
  File "C:\Users\hp\AppData\Roaming\Python\Python313\site-packages\transformers\__init__.py", line 862, in _getattr
    return getattr(importlib.import_module(target, __name__), name)
                   ~~~~~~~~~~~~~~~~~~~~~~~^^^^^^^^^^^^^^^^^^
  File "C:\Python313\Lib\importlib\__init__.py", line 88, in import_module
    return _bootstrap._gcd_import(name[level:], package, level)
           ~~~~~~~~~~~~~~~~~~~~~~^^^^^^^^^^^^^^^^^^^^^^^^^^^^^^
  File "<frozen importlib._bootstrap>", line 1387, in _gcd_import
  File "<frozen importlib._bootstrap>", line 1360, in _find_and_load
  File "<frozen importlib._bootstrap>", line 1331, in _find_and_load_unlocked
  File "<frozen importlib._bootstrap>", line 935, in _load_unlocked
  File "<frozen importlib._bootstrap_external>", line 1026, in exec_module
  File "<frozen importlib._bootstrap>", line 488, in _call_with_frames_removed
  File "C:\Users\hp\AppData\Roaming\Python\Python313\site-packages\transformers\models\videomae\image_processing_videomae.py", line 17, in <module>
    from torchvision.transforms.v2 import functional as tvF
ModuleNotFoundError: No module named 'torchvision'
2026-08-03 21:26:46.434 Examining the path of transformers.models.vilt.image_processing_vilt_fast raised:
Traceback (most recent call last):
  File "C:\Users\hp\AppData\Roaming\Python\Python313\site-packages\streamlit\watcher\local_sources_watcher.py", line 267, in get_module_paths
    potential_paths = extract_paths(module)
  File "C:\Users\hp\AppData\Roaming\Python\Python313\site-packages\streamlit\watcher\local_sources_watcher.py", line 255, in <lambda>
    if hasattr(m, "__path__")
       ~~~~~~~^^^^^^^^^^^^^^^
  File "C:\Users\hp\AppData\Roaming\Python\Python313\site-packages\transformers\__init__.py", line 862, in _getattr
    return getattr(importlib.import_module(target, __name__), name)
                   ~~~~~~~~~~~~~~~~~~~~~~~^^^^^^^^^^^^^^^^^^
  File "C:\Python313\Lib\importlib\__init__.py", line 88, in import_module
    return _bootstrap._gcd_import(name[level:], package, level)
           ~~~~~~~~~~~~~~~~~~~~~~^^^^^^^^^^^^^^^^^^^^^^^^^^^^^^
  File "<frozen importlib._bootstrap>", line 1387, in _gcd_import
  File "<frozen importlib._bootstrap>", line 1360, in _find_and_load
  File "<frozen importlib._bootstrap>", line 1331, in _find_and_load_unlocked
  File "<frozen importlib._bootstrap>", line 935, in _load_unlocked
  File "<frozen importlib._bootstrap_external>", line 1026, in exec_module
  File "<frozen importlib._bootstrap>", line 488, in _call_with_frames_removed
  File "C:\Users\hp\AppData\Roaming\Python\Python313\site-packages\transformers\models\vilt\image_processing_vilt.py", line 17, in <module>
    from torchvision.transforms.v2 import functional as tvF
ModuleNotFoundError: No module named 'torchvision'
2026-08-03 21:26:46.450 Examining the path of transformers.models.vitmatte.image_processing_vitmatte_fast raised:
Traceback (most recent call last):
  File "C:\Users\hp\AppData\Roaming\Python\Python313\site-packages\streamlit\watcher\local_sources_watcher.py", line 267, in get_module_paths
    potential_paths = extract_paths(module)
  File "C:\Users\hp\AppData\Roaming\Python\Python313\site-packages\streamlit\watcher\local_sources_watcher.py", line 255, in <lambda>
    if hasattr(m, "__path__")
       ~~~~~~~^^^^^^^^^^^^^^^
  File "C:\Users\hp\AppData\Roaming\Python\Python313\site-packages\transformers\__init__.py", line 862, in _getattr
    return getattr(importlib.import_module(target, __name__), name)
                   ~~~~~~~~~~~~~~~~~~~~~~~^^^^^^^^^^^^^^^^^^
  File "C:\Python313\Lib\importlib\__init__.py", line 88, in import_module
    return _bootstrap._gcd_import(name[level:], package, level)
           ~~~~~~~~~~~~~~~~~~~~~~^^^^^^^^^^^^^^^^^^^^^^^^^^^^^^
  File "<frozen importlib._bootstrap>", line 1387, in _gcd_import
  File "<frozen importlib._bootstrap>", line 1360, in _find_and_load
  File "<frozen importlib._bootstrap>", line 1331, in _find_and_load_unlocked
  File "<frozen importlib._bootstrap>", line 935, in _load_unlocked
  File "<frozen importlib._bootstrap_external>", line 1026, in exec_module
  File "<frozen importlib._bootstrap>", line 488, in _call_with_frames_removed
  File "C:\Users\hp\AppData\Roaming\Python\Python313\site-packages\transformers\models\vitmatte\image_processing_vitmatte.py", line 19, in <module>
    from torchvision.transforms.v2 import functional as tvF
ModuleNotFoundError: No module named 'torchvision'
2026-08-03 21:26:46.462 Examining the path of transformers.models.vitpose.image_processing_vitpose_fast raised:
Traceback (most recent call last):
  File "C:\Users\hp\AppData\Roaming\Python\Python313\site-packages\streamlit\watcher\local_sources_watcher.py", line 267, in get_module_paths
    potential_paths = extract_paths(module)
  File "C:\Users\hp\AppData\Roaming\Python\Python313\site-packages\streamlit\watcher\local_sources_watcher.py", line 255, in <lambda>
    if hasattr(m, "__path__")
       ~~~~~~~^^^^^^^^^^^^^^^
  File "C:\Users\hp\AppData\Roaming\Python\Python313\site-packages\transformers\__init__.py", line 862, in _getattr
    return getattr(importlib.import_module(target, __name__), name)
                   ~~~~~~~~~~~~~~~~~~~~~~~^^^^^^^^^^^^^^^^^^
  File "C:\Python313\Lib\importlib\__init__.py", line 88, in import_module
    return _bootstrap._gcd_import(name[level:], package, level)
           ~~~~~~~~~~~~~~~~~~~~~~^^^^^^^^^^^^^^^^^^^^^^^^^^^^^^
  File "<frozen importlib._bootstrap>", line 1387, in _gcd_import
  File "<frozen importlib._bootstrap>", line 1360, in _find_and_load
  File "<frozen importlib._bootstrap>", line 1331, in _find_and_load_unlocked
  File "<frozen importlib._bootstrap>", line 935, in _load_unlocked
  File "<frozen importlib._bootstrap_external>", line 1026, in exec_module
  File "<frozen importlib._bootstrap>", line 488, in _call_with_frames_removed
  File "C:\Users\hp\AppData\Roaming\Python\Python313\site-packages\transformers\models\vitpose\image_processing_vitpose.py", line 22, in <module>
    from torchvision.transforms.v2 import functional as tvF
ModuleNotFoundError: No module named 'torchvision'
2026-08-03 21:26:46.478 Examining the path of transformers.models.yolos.image_processing_yolos_fast raised:
Traceback (most recent call last):
  File "C:\Users\hp\AppData\Roaming\Python\Python313\site-packages\streamlit\watcher\local_sources_watcher.py", line 267, in get_module_paths
    potential_paths = extract_paths(module)
  File "C:\Users\hp\AppData\Roaming\Python\Python313\site-packages\streamlit\watcher\local_sources_watcher.py", line 255, in <lambda>
    if hasattr(m, "__path__")
       ~~~~~~~^^^^^^^^^^^^^^^
  File "C:\Users\hp\AppData\Roaming\Python\Python313\site-packages\transformers\__init__.py", line 862, in _getattr
    return getattr(importlib.import_module(target, __name__), name)
                   ~~~~~~~~~~~~~~~~~~~~~~~^^^^^^^^^^^^^^^^^^
  File "C:\Python313\Lib\importlib\__init__.py", line 88, in import_module
    return _bootstrap._gcd_import(name[level:], package, level)
           ~~~~~~~~~~~~~~~~~~~~~~^^^^^^^^^^^^^^^^^^^^^^^^^^^^^^
  File "<frozen importlib._bootstrap>", line 1387, in _gcd_import
  File "<frozen importlib._bootstrap>", line 1360, in _find_and_load
  File "<frozen importlib._bootstrap>", line 1331, in _find_and_load_unlocked
  File "<frozen importlib._bootstrap>", line 935, in _load_unlocked
  File "<frozen importlib._bootstrap_external>", line 1026, in exec_module
  File "<frozen importlib._bootstrap>", line 488, in _call_with_frames_removed
  File "C:\Users\hp\AppData\Roaming\Python\Python313\site-packages\transformers\models\yolos\image_processing_yolos.py", line 12, in <module>
    from torchvision.io import read_image
ModuleNotFoundError: No module named 'torchvision'
2026-08-03 21:26:46.491 Examining the path of transformers.models.zoedepth.image_processing_zoedepth_fast raised:
Traceback (most recent call last):
  File "C:\Users\hp\AppData\Roaming\Python\Python313\site-packages\streamlit\watcher\local_sources_watcher.py", line 267, in get_module_paths
    potential_paths = extract_paths(module)
  File "C:\Users\hp\AppData\Roaming\Python\Python313\site-packages\streamlit\watcher\local_sources_watcher.py", line 255, in <lambda>
    if hasattr(m, "__path__")
       ~~~~~~~^^^^^^^^^^^^^^^
  File "C:\Users\hp\AppData\Roaming\Python\Python313\site-packages\transformers\__init__.py", line 862, in _getattr
    return getattr(importlib.import_module(target, __name__), name)
                   ~~~~~~~~~~~~~~~~~~~~~~~^^^^^^^^^^^^^^^^^^
  File "C:\Python313\Lib\importlib\__init__.py", line 88, in import_module
    return _bootstrap._gcd_import(name[level:], package, level)
           ~~~~~~~~~~~~~~~~~~~~~~^^^^^^^^^^^^^^^^^^^^^^^^^^^^^^
  File "<frozen importlib._bootstrap>", line 1387, in _gcd_import
  File "<frozen importlib._bootstrap>", line 1360, in _find_and_load
  File "<frozen importlib._bootstrap>", line 1331, in _find_and_load_unlocked
  File "<frozen importlib._bootstrap>", line 935, in _load_unlocked
  File "<frozen importlib._bootstrap_external>", line 1026, in exec_module
  File "<frozen importlib._bootstrap>", line 488, in _call_with_frames_removed
  File "C:\Users\hp\AppData\Roaming\Python\Python313\site-packages\transformers\models\zoedepth\image_processing_zoedepth.py", line 43, in <module>
    from torchvision.transforms.v2 import functional as tvF
ModuleNotFoundError: No module named 'torchvision'
2026-08-03 21:27:40.130 Examining the path of transformers.models.aria.image_processing_aria_fast raised:
Traceback (most recent call last):
  File "C:\Users\hp\AppData\Roaming\Python\Python313\site-packages\streamlit\watcher\local_sources_watcher.py", line 267, in get_module_paths
    potential_paths = extract_paths(module)
  File "C:\Users\hp\AppData\Roaming\Python\Python313\site-packages\streamlit\watcher\local_sources_watcher.py", line 255, in <lambda>
    if hasattr(m, "__path__")
       ~~~~~~~^^^^^^^^^^^^^^^
  File "C:\Users\hp\AppData\Roaming\Python\Python313\site-packages\transformers\__init__.py", line 862, in _getattr
    return getattr(importlib.import_module(target, __name__), name)
                   ~~~~~~~~~~~~~~~~~~~~~~~^^^^^^^^^^^^^^^^^^
  File "C:\Python313\Lib\importlib\__init__.py", line 88, in import_module
    return _bootstrap._gcd_import(name[level:], package, level)
           ~~~~~~~~~~~~~~~~~~~~~~^^^^^^^^^^^^^^^^^^^^^^^^^^^^^^
  File "<frozen importlib._bootstrap>", line 1387, in _gcd_import
  File "<frozen importlib._bootstrap>", line 1360, in _find_and_load
  File "<frozen importlib._bootstrap>", line 1331, in _find_and_load_unlocked
  File "<frozen importlib._bootstrap>", line 935, in _load_unlocked
  File "<frozen importlib._bootstrap_external>", line 1026, in exec_module
  File "<frozen importlib._bootstrap>", line 488, in _call_with_frames_removed
  File "C:\Users\hp\AppData\Roaming\Python\Python313\site-packages\transformers\models\aria\image_processing_aria.py", line 23, in <module>
    from torchvision.transforms.v2 import functional as tvF
ModuleNotFoundError: No module named 'torchvision'
2026-08-03 21:27:40.133 Examining the path of transformers.models.beit.image_processing_beit_fast raised:
Traceback (most recent call last):
  File "C:\Users\hp\AppData\Roaming\Python\Python313\site-packages\streamlit\watcher\local_sources_watcher.py", line 267, in get_module_paths
    potential_paths = extract_paths(module)
  File "C:\Users\hp\AppData\Roaming\Python\Python313\site-packages\streamlit\watcher\local_sources_watcher.py", line 255, in <lambda>
    if hasattr(m, "__path__")
       ~~~~~~~^^^^^^^^^^^^^^^
  File "C:\Users\hp\AppData\Roaming\Python\Python313\site-packages\transformers\__init__.py", line 862, in _getattr
    return getattr(importlib.import_module(target, __name__), name)
                   ~~~~~~~~~~~~~~~~~~~~~~~^^^^^^^^^^^^^^^^^^
  File "C:\Python313\Lib\importlib\__init__.py", line 88, in import_module
    return _bootstrap._gcd_import(name[level:], package, level)
           ~~~~~~~~~~~~~~~~~~~~~~^^^^^^^^^^^^^^^^^^^^^^^^^^^^^^
  File "<frozen importlib._bootstrap>", line 1387, in _gcd_import
  File "<frozen importlib._bootstrap>", line 1360, in _find_and_load
  File "<frozen importlib._bootstrap>", line 1331, in _find_and_load_unlocked
  File "<frozen importlib._bootstrap>", line 935, in _load_unlocked
  File "<frozen importlib._bootstrap_external>", line 1026, in exec_module
  File "<frozen importlib._bootstrap>", line 488, in _call_with_frames_removed
  File "C:\Users\hp\AppData\Roaming\Python\Python313\site-packages\transformers\models\beit\image_processing_beit.py", line 20, in <module>
    from torchvision.transforms.v2 import functional as tvF
ModuleNotFoundError: No module named 'torchvision'
2026-08-03 21:27:40.136 Examining the path of transformers.models.bridgetower.image_processing_bridgetower_fast raised:
Traceback (most recent call last):
  File "C:\Users\hp\AppData\Roaming\Python\Python313\site-packages\streamlit\watcher\local_sources_watcher.py", line 267, in get_module_paths
    potential_paths = extract_paths(module)
  File "C:\Users\hp\AppData\Roaming\Python\Python313\site-packages\streamlit\watcher\local_sources_watcher.py", line 255, in <lambda>
    if hasattr(m, "__path__")
       ~~~~~~~^^^^^^^^^^^^^^^
  File "C:\Users\hp\AppData\Roaming\Python\Python313\site-packages\transformers\__init__.py", line 862, in _getattr
    return getattr(importlib.import_module(target, __name__), name)
                   ~~~~~~~~~~~~~~~~~~~~~~~^^^^^^^^^^^^^^^^^^
  File "C:\Python313\Lib\importlib\__init__.py", line 88, in import_module
    return _bootstrap._gcd_import(name[level:], package, level)
           ~~~~~~~~~~~~~~~~~~~~~~^^^^^^^^^^^^^^^^^^^^^^^^^^^^^^
  File "<frozen importlib._bootstrap>", line 1387, in _gcd_import
  File "<frozen importlib._bootstrap>", line 1360, in _find_and_load
  File "<frozen importlib._bootstrap>", line 1331, in _find_and_load_unlocked
  File "<frozen importlib._bootstrap>", line 935, in _load_unlocked
  File "<frozen importlib._bootstrap_external>", line 1026, in exec_module
  File "<frozen importlib._bootstrap>", line 488, in _call_with_frames_removed
  File "C:\Users\hp\AppData\Roaming\Python\Python313\site-packages\transformers\models\bridgetower\image_processing_bridgetower.py", line 20, in <module>
    from torchvision.transforms.v2 import functional as tvF
ModuleNotFoundError: No module named 'torchvision'
2026-08-03 21:27:40.139 Examining the path of transformers.models.chmv2.image_processing_chmv2_fast raised:
Traceback (most recent call last):
  File "C:\Users\hp\AppData\Roaming\Python\Python313\site-packages\streamlit\watcher\local_sources_watcher.py", line 267, in get_module_paths
    potential_paths = extract_paths(module)
  File "C:\Users\hp\AppData\Roaming\Python\Python313\site-packages\streamlit\watcher\local_sources_watcher.py", line 255, in <lambda>
    if hasattr(m, "__path__")
       ~~~~~~~^^^^^^^^^^^^^^^
  File "C:\Users\hp\AppData\Roaming\Python\Python313\site-packages\transformers\__init__.py", line 862, in _getattr
    return getattr(importlib.import_module(target, __name__), name)
                   ~~~~~~~~~~~~~~~~~~~~~~~^^^^^^^^^^^^^^^^^^
  File "C:\Python313\Lib\importlib\__init__.py", line 88, in import_module
    return _bootstrap._gcd_import(name[level:], package, level)
           ~~~~~~~~~~~~~~~~~~~~~~^^^^^^^^^^^^^^^^^^^^^^^^^^^^^^
  File "<frozen importlib._bootstrap>", line 1387, in _gcd_import
  File "<frozen importlib._bootstrap>", line 1360, in _find_and_load
  File "<frozen importlib._bootstrap>", line 1331, in _find_and_load_unlocked
  File "<frozen importlib._bootstrap>", line 935, in _load_unlocked
  File "<frozen importlib._bootstrap_external>", line 1026, in exec_module
  File "<frozen importlib._bootstrap>", line 488, in _call_with_frames_removed
  File "C:\Users\hp\AppData\Roaming\Python\Python313\site-packages\transformers\models\chmv2\image_processing_chmv2.py", line 27, in <module>
    from torchvision.transforms.v2 import functional as tvF
ModuleNotFoundError: No module named 'torchvision'
2026-08-03 21:27:40.141 Examining the path of transformers.models.cohere2_vision.image_processing_cohere2_vision_fast raised:
Traceback (most recent call last):
  File "C:\Users\hp\AppData\Roaming\Python\Python313\site-packages\streamlit\watcher\local_sources_watcher.py", line 267, in get_module_paths
    potential_paths = extract_paths(module)
  File "C:\Users\hp\AppData\Roaming\Python\Python313\site-packages\streamlit\watcher\local_sources_watcher.py", line 255, in <lambda>
    if hasattr(m, "__path__")
       ~~~~~~~^^^^^^^^^^^^^^^
  File "C:\Users\hp\AppData\Roaming\Python\Python313\site-packages\transformers\__init__.py", line 862, in _getattr
    return getattr(importlib.import_module(target, __name__), name)
                   ~~~~~~~~~~~~~~~~~~~~~~~^^^^^^^^^^^^^^^^^^
  File "C:\Python313\Lib\importlib\__init__.py", line 88, in import_module
    return _bootstrap._gcd_import(name[level:], package, level)
           ~~~~~~~~~~~~~~~~~~~~~~^^^^^^^^^^^^^^^^^^^^^^^^^^^^^^
  File "<frozen importlib._bootstrap>", line 1387, in _gcd_import
  File "<frozen importlib._bootstrap>", line 1360, in _find_and_load
  File "<frozen importlib._bootstrap>", line 1331, in _find_and_load_unlocked
  File "<frozen importlib._bootstrap>", line 935, in _load_unlocked
  File "<frozen importlib._bootstrap_external>", line 1026, in exec_module
  File "<frozen importlib._bootstrap>", line 488, in _call_with_frames_removed
  File "C:\Users\hp\AppData\Roaming\Python\Python313\site-packages\transformers\models\cohere2_vision\image_processing_cohere2_vision.py", line 25, in <module>
    from torchvision.transforms.v2 import functional as tvF
ModuleNotFoundError: No module named 'torchvision'
2026-08-03 21:27:40.144 Examining the path of transformers.models.conditional_detr.image_processing_conditional_detr_fast raised:
Traceback (most recent call last):
  File "C:\Users\hp\AppData\Roaming\Python\Python313\site-packages\streamlit\watcher\local_sources_watcher.py", line 267, in get_module_paths
    potential_paths = extract_paths(module)
  File "C:\Users\hp\AppData\Roaming\Python\Python313\site-packages\streamlit\watcher\local_sources_watcher.py", line 255, in <lambda>
    if hasattr(m, "__path__")
       ~~~~~~~^^^^^^^^^^^^^^^
  File "C:\Users\hp\AppData\Roaming\Python\Python313\site-packages\transformers\__init__.py", line 862, in _getattr
    return getattr(importlib.import_module(target, __name__), name)
                   ~~~~~~~~~~~~~~~~~~~~~~~^^^^^^^^^^^^^^^^^^
  File "C:\Python313\Lib\importlib\__init__.py", line 88, in import_module
    return _bootstrap._gcd_import(name[level:], package, level)
           ~~~~~~~~~~~~~~~~~~~~~~^^^^^^^^^^^^^^^^^^^^^^^^^^^^^^
  File "<frozen importlib._bootstrap>", line 1387, in _gcd_import
  File "<frozen importlib._bootstrap>", line 1360, in _find_and_load
  File "<frozen importlib._bootstrap>", line 1331, in _find_and_load_unlocked
  File "<frozen importlib._bootstrap>", line 935, in _load_unlocked
  File "<frozen importlib._bootstrap_external>", line 1026, in exec_module
  File "<frozen importlib._bootstrap>", line 488, in _call_with_frames_removed
  File "C:\Users\hp\AppData\Roaming\Python\Python313\site-packages\transformers\models\conditional_detr\image_processing_conditional_detr.py", line 27, in <module>
    from torchvision.io import read_image
ModuleNotFoundError: No module named 'torchvision'
2026-08-03 21:27:40.148 Examining the path of transformers.models.convnext.image_processing_convnext_fast raised:
Traceback (most recent call last):
  File "C:\Users\hp\AppData\Roaming\Python\Python313\site-packages\streamlit\watcher\local_sources_watcher.py", line 267, in get_module_paths
    potential_paths = extract_paths(module)
  File "C:\Users\hp\AppData\Roaming\Python\Python313\site-packages\streamlit\watcher\local_sources_watcher.py", line 255, in <lambda>
    if hasattr(m, "__path__")
       ~~~~~~~^^^^^^^^^^^^^^^
  File "C:\Users\hp\AppData\Roaming\Python\Python313\site-packages\transformers\__init__.py", line 862, in _getattr
    return getattr(importlib.import_module(target, __name__), name)
                   ~~~~~~~~~~~~~~~~~~~~~~~^^^^^^^^^^^^^^^^^^
  File "C:\Python313\Lib\importlib\__init__.py", line 88, in import_module
    return _bootstrap._gcd_import(name[level:], package, level)
           ~~~~~~~~~~~~~~~~~~~~~~^^^^^^^^^^^^^^^^^^^^^^^^^^^^^^
  File "<frozen importlib._bootstrap>", line 1387, in _gcd_import
  File "<frozen importlib._bootstrap>", line 1360, in _find_and_load
  File "<frozen importlib._bootstrap>", line 1331, in _find_and_load_unlocked
  File "<frozen importlib._bootstrap>", line 935, in _load_unlocked
  File "<frozen importlib._bootstrap_external>", line 1026, in exec_module
  File "<frozen importlib._bootstrap>", line 488, in _call_with_frames_removed
  File "C:\Users\hp\AppData\Roaming\Python\Python313\site-packages\transformers\models\convnext\image_processing_convnext.py", line 17, in <module>
    from torchvision.transforms.v2 import functional as tvF
ModuleNotFoundError: No module named 'torchvision'
2026-08-03 21:27:40.151 Examining the path of transformers.models.deepseek_ocr2.image_processing_deepseek_ocr2_fast raised:
Traceback (most recent call last):
  File "C:\Users\hp\AppData\Roaming\Python\Python313\site-packages\streamlit\watcher\local_sources_watcher.py", line 267, in get_module_paths
    potential_paths = extract_paths(module)
  File "C:\Users\hp\AppData\Roaming\Python\Python313\site-packages\streamlit\watcher\local_sources_watcher.py", line 255, in <lambda>
    if hasattr(m, "__path__")
       ~~~~~~~^^^^^^^^^^^^^^^
  File "C:\Users\hp\AppData\Roaming\Python\Python313\site-packages\transformers\__init__.py", line 862, in _getattr
    return getattr(importlib.import_module(target, __name__), name)
                   ~~~~~~~~~~~~~~~~~~~~~~~^^^^^^^^^^^^^^^^^^
  File "C:\Python313\Lib\importlib\__init__.py", line 88, in import_module
    return _bootstrap._gcd_import(name[level:], package, level)
           ~~~~~~~~~~~~~~~~~~~~~~^^^^^^^^^^^^^^^^^^^^^^^^^^^^^^
  File "<frozen importlib._bootstrap>", line 1387, in _gcd_import
  File "<frozen importlib._bootstrap>", line 1360, in _find_and_load
  File "<frozen importlib._bootstrap>", line 1331, in _find_and_load_unlocked
  File "<frozen importlib._bootstrap>", line 935, in _load_unlocked
  File "<frozen importlib._bootstrap_external>", line 1026, in exec_module
  File "<frozen importlib._bootstrap>", line 488, in _call_with_frames_removed
  File "C:\Users\hp\AppData\Roaming\Python\Python313\site-packages\transformers\models\deepseek_ocr2\image_processing_deepseek_ocr2.py", line 24, in <module>
    from torchvision.transforms.v2 import functional as tvF
ModuleNotFoundError: No module named 'torchvision'
2026-08-03 21:27:40.153 Examining the path of transformers.models.deepseek_vl.image_processing_deepseek_vl_fast raised:
Traceback (most recent call last):
  File "C:\Users\hp\AppData\Roaming\Python\Python313\site-packages\streamlit\watcher\local_sources_watcher.py", line 267, in get_module_paths
    potential_paths = extract_paths(module)
  File "C:\Users\hp\AppData\Roaming\Python\Python313\site-packages\streamlit\watcher\local_sources_watcher.py", line 255, in <lambda>
    if hasattr(m, "__path__")
       ~~~~~~~^^^^^^^^^^^^^^^
  File "C:\Users\hp\AppData\Roaming\Python\Python313\site-packages\transformers\__init__.py", line 862, in _getattr
    return getattr(importlib.import_module(target, __name__), name)
                   ~~~~~~~~~~~~~~~~~~~~~~~^^^^^^^^^^^^^^^^^^
  File "C:\Python313\Lib\importlib\__init__.py", line 88, in import_module
    return _bootstrap._gcd_import(name[level:], package, level)
           ~~~~~~~~~~~~~~~~~~~~~~^^^^^^^^^^^^^^^^^^^^^^^^^^^^^^
  File "<frozen importlib._bootstrap>", line 1387, in _gcd_import
  File "<frozen importlib._bootstrap>", line 1360, in _find_and_load
  File "<frozen importlib._bootstrap>", line 1331, in _find_and_load_unlocked
  File "<frozen importlib._bootstrap>", line 935, in _load_unlocked
  File "<frozen importlib._bootstrap_external>", line 1026, in exec_module
  File "<frozen importlib._bootstrap>", line 488, in _call_with_frames_removed
  File "C:\Users\hp\AppData\Roaming\Python\Python313\site-packages\transformers\models\deepseek_vl\image_processing_deepseek_vl.py", line 23, in <module>
    import torchvision.transforms.v2.functional as tvF
ModuleNotFoundError: No module named 'torchvision'
2026-08-03 21:27:40.156 Examining the path of transformers.models.deepseek_vl_hybrid.image_processing_deepseek_vl_hybrid_fast raised:
Traceback (most recent call last):
  File "C:\Users\hp\AppData\Roaming\Python\Python313\site-packages\streamlit\watcher\local_sources_watcher.py", line 267, in get_module_paths
    potential_paths = extract_paths(module)
  File "C:\Users\hp\AppData\Roaming\Python\Python313\site-packages\streamlit\watcher\local_sources_watcher.py", line 255, in <lambda>
    if hasattr(m, "__path__")
       ~~~~~~~^^^^^^^^^^^^^^^
  File "C:\Users\hp\AppData\Roaming\Python\Python313\site-packages\transformers\__init__.py", line 862, in _getattr
    return getattr(importlib.import_module(target, __name__), name)
                   ~~~~~~~~~~~~~~~~~~~~~~~^^^^^^^^^^^^^^^^^^
  File "C:\Python313\Lib\importlib\__init__.py", line 88, in import_module
    return _bootstrap._gcd_import(name[level:], package, level)
           ~~~~~~~~~~~~~~~~~~~~~~^^^^^^^^^^^^^^^^^^^^^^^^^^^^^^
  File "<frozen importlib._bootstrap>", line 1387, in _gcd_import
  File "<frozen importlib._bootstrap>", line 1360, in _find_and_load
  File "<frozen importlib._bootstrap>", line 1331, in _find_and_load_unlocked
  File "<frozen importlib._bootstrap>", line 935, in _load_unlocked
  File "<frozen importlib._bootstrap_external>", line 1026, in exec_module
  File "<frozen importlib._bootstrap>", line 488, in _call_with_frames_removed
  File "C:\Users\hp\AppData\Roaming\Python\Python313\site-packages\transformers\models\deepseek_vl_hybrid\image_processing_deepseek_vl_hybrid.py", line 25, in <module>
    import torchvision.transforms.v2.functional as tvF
ModuleNotFoundError: No module named 'torchvision'
2026-08-03 21:27:40.158 Examining the path of transformers.models.deformable_detr.image_processing_deformable_detr_fast raised:
Traceback (most recent call last):
  File "C:\Users\hp\AppData\Roaming\Python\Python313\site-packages\streamlit\watcher\local_sources_watcher.py", line 267, in get_module_paths
    potential_paths = extract_paths(module)
  File "C:\Users\hp\AppData\Roaming\Python\Python313\site-packages\streamlit\watcher\local_sources_watcher.py", line 255, in <lambda>
    if hasattr(m, "__path__")
       ~~~~~~~^^^^^^^^^^^^^^^
  File "C:\Users\hp\AppData\Roaming\Python\Python313\site-packages\transformers\__init__.py", line 862, in _getattr
    return getattr(importlib.import_module(target, __name__), name)
                   ~~~~~~~~~~~~~~~~~~~~~~~^^^^^^^^^^^^^^^^^^
  File "C:\Python313\Lib\importlib\__init__.py", line 88, in import_module
    return _bootstrap._gcd_import(name[level:], package, level)
           ~~~~~~~~~~~~~~~~~~~~~~^^^^^^^^^^^^^^^^^^^^^^^^^^^^^^
  File "<frozen importlib._bootstrap>", line 1387, in _gcd_import
  File "<frozen importlib._bootstrap>", line 1360, in _find_and_load
  File "<frozen importlib._bootstrap>", line 1331, in _find_and_load_unlocked
  File "<frozen importlib._bootstrap>", line 935, in _load_unlocked
  File "<frozen importlib._bootstrap_external>", line 1026, in exec_module
  File "<frozen importlib._bootstrap>", line 488, in _call_with_frames_removed
  File "C:\Users\hp\AppData\Roaming\Python\Python313\site-packages\transformers\models\deformable_detr\image_processing_deformable_detr.py", line 25, in <module>
    from torchvision.io import read_image
ModuleNotFoundError: No module named 'torchvision'
2026-08-03 21:27:40.162 Examining the path of transformers.models.depth_pro.image_processing_depth_pro_fast raised:
Traceback (most recent call last):
  File "C:\Users\hp\AppData\Roaming\Python\Python313\site-packages\streamlit\watcher\local_sources_watcher.py", line 267, in get_module_paths
    potential_paths = extract_paths(module)
  File "C:\Users\hp\AppData\Roaming\Python\Python313\site-packages\streamlit\watcher\local_sources_watcher.py", line 255, in <lambda>
    if hasattr(m, "__path__")
       ~~~~~~~^^^^^^^^^^^^^^^
  File "C:\Users\hp\AppData\Roaming\Python\Python313\site-packages\transformers\__init__.py", line 862, in _getattr
    return getattr(importlib.import_module(target, __name__), name)
                   ~~~~~~~~~~~~~~~~~~~~~~~^^^^^^^^^^^^^^^^^^
  File "C:\Python313\Lib\importlib\__init__.py", line 88, in import_module
    return _bootstrap._gcd_import(name[level:], package, level)
           ~~~~~~~~~~~~~~~~~~~~~~^^^^^^^^^^^^^^^^^^^^^^^^^^^^^^
  File "<frozen importlib._bootstrap>", line 1387, in _gcd_import
  File "<frozen importlib._bootstrap>", line 1360, in _find_and_load
  File "<frozen importlib._bootstrap>", line 1331, in _find_and_load_unlocked
  File "<frozen importlib._bootstrap>", line 935, in _load_unlocked
  File "<frozen importlib._bootstrap_external>", line 1026, in exec_module
  File "<frozen importlib._bootstrap>", line 488, in _call_with_frames_removed
  File "C:\Users\hp\AppData\Roaming\Python\Python313\site-packages\transformers\models\depth_pro\image_processing_depth_pro.py", line 19, in <module>
    from torchvision.transforms.v2 import functional as tvF
ModuleNotFoundError: No module named 'torchvision'
2026-08-03 21:27:40.164 Examining the path of transformers.models.detr.image_processing_detr_fast raised:
Traceback (most recent call last):
  File "C:\Users\hp\AppData\Roaming\Python\Python313\site-packages\streamlit\watcher\local_sources_watcher.py", line 267, in get_module_paths
    potential_paths = extract_paths(module)
  File "C:\Users\hp\AppData\Roaming\Python\Python313\site-packages\streamlit\watcher\local_sources_watcher.py", line 255, in <lambda>
    if hasattr(m, "__path__")
       ~~~~~~~^^^^^^^^^^^^^^^
  File "C:\Users\hp\AppData\Roaming\Python\Python313\site-packages\transformers\__init__.py", line 862, in _getattr
    return getattr(importlib.import_module(target, __name__), name)
                   ~~~~~~~~~~~~~~~~~~~~~~~^^^^^^^^^^^^^^^^^^
  File "C:\Python313\Lib\importlib\__init__.py", line 88, in import_module
    return _bootstrap._gcd_import(name[level:], package, level)
           ~~~~~~~~~~~~~~~~~~~~~~^^^^^^^^^^^^^^^^^^^^^^^^^^^^^^
  File "<frozen importlib._bootstrap>", line 1387, in _gcd_import
  File "<frozen importlib._bootstrap>", line 1360, in _find_and_load
  File "<frozen importlib._bootstrap>", line 1331, in _find_and_load_unlocked
  File "<frozen importlib._bootstrap>", line 935, in _load_unlocked
  File "<frozen importlib._bootstrap_external>", line 1026, in exec_module
  File "<frozen importlib._bootstrap>", line 488, in _call_with_frames_removed
  File "C:\Users\hp\AppData\Roaming\Python\Python313\site-packages\transformers\models\detr\image_processing_detr.py", line 22, in <module>
    from torchvision.io import read_image
ModuleNotFoundError: No module named 'torchvision'
2026-08-03 21:27:40.167 Examining the path of transformers.models.dinov3_vit.image_processing_dinov3_vit_fast raised:
Traceback (most recent call last):
  File "C:\Users\hp\AppData\Roaming\Python\Python313\site-packages\streamlit\watcher\local_sources_watcher.py", line 267, in get_module_paths
    potential_paths = extract_paths(module)
  File "C:\Users\hp\AppData\Roaming\Python\Python313\site-packages\streamlit\watcher\local_sources_watcher.py", line 255, in <lambda>
    if hasattr(m, "__path__")
       ~~~~~~~^^^^^^^^^^^^^^^
  File "C:\Users\hp\AppData\Roaming\Python\Python313\site-packages\transformers\__init__.py", line 862, in _getattr
    return getattr(importlib.import_module(target, __name__), name)
                   ~~~~~~~~~~~~~~~~~~~~~~~^^^^^^^^^^^^^^^^^^
  File "C:\Python313\Lib\importlib\__init__.py", line 88, in import_module
    return _bootstrap._gcd_import(name[level:], package, level)
           ~~~~~~~~~~~~~~~~~~~~~~^^^^^^^^^^^^^^^^^^^^^^^^^^^^^^
  File "<frozen importlib._bootstrap>", line 1387, in _gcd_import
  File "<frozen importlib._bootstrap>", line 1360, in _find_and_load
  File "<frozen importlib._bootstrap>", line 1331, in _find_and_load_unlocked
  File "<frozen importlib._bootstrap>", line 935, in _load_unlocked
  File "<frozen importlib._bootstrap_external>", line 1026, in exec_module
  File "<frozen importlib._bootstrap>", line 488, in _call_with_frames_removed
  File "C:\Users\hp\AppData\Roaming\Python\Python313\site-packages\transformers\models\dinov3_vit\image_processing_dinov3_vit.py", line 17, in <module>
    from torchvision.transforms.v2 import functional as tvF
ModuleNotFoundError: No module named 'torchvision'
2026-08-03 21:27:40.169 Examining the path of transformers.models.donut.image_processing_donut_fast raised:
Traceback (most recent call last):
  File "C:\Users\hp\AppData\Roaming\Python\Python313\site-packages\streamlit\watcher\local_sources_watcher.py", line 267, in get_module_paths
    potential_paths = extract_paths(module)
  File "C:\Users\hp\AppData\Roaming\Python\Python313\site-packages\streamlit\watcher\local_sources_watcher.py", line 255, in <lambda>
    if hasattr(m, "__path__")
       ~~~~~~~^^^^^^^^^^^^^^^
  File "C:\Users\hp\AppData\Roaming\Python\Python313\site-packages\transformers\__init__.py", line 862, in _getattr
    return getattr(importlib.import_module(target, __name__), name)
                   ~~~~~~~~~~~~~~~~~~~~~~~^^^^^^^^^^^^^^^^^^
  File "C:\Python313\Lib\importlib\__init__.py", line 88, in import_module
    return _bootstrap._gcd_import(name[level:], package, level)
           ~~~~~~~~~~~~~~~~~~~~~~^^^^^^^^^^^^^^^^^^^^^^^^^^^^^^
  File "<frozen importlib._bootstrap>", line 1387, in _gcd_import
  File "<frozen importlib._bootstrap>", line 1360, in _find_and_load
  File "<frozen importlib._bootstrap>", line 1331, in _find_and_load_unlocked
  File "<frozen importlib._bootstrap>", line 935, in _load_unlocked
  File "<frozen importlib._bootstrap_external>", line 1026, in exec_module
  File "<frozen importlib._bootstrap>", line 488, in _call_with_frames_removed
  File "C:\Users\hp\AppData\Roaming\Python\Python313\site-packages\transformers\models\donut\image_processing_donut.py", line 17, in <module>
    from torchvision.transforms.v2 import functional as tvF
ModuleNotFoundError: No module named 'torchvision'
2026-08-03 21:27:40.172 Examining the path of transformers.models.dpt.image_processing_dpt_fast raised:
Traceback (most recent call last):
  File "C:\Users\hp\AppData\Roaming\Python\Python313\site-packages\streamlit\watcher\local_sources_watcher.py", line 267, in get_module_paths
    potential_paths = extract_paths(module)
  File "C:\Users\hp\AppData\Roaming\Python\Python313\site-packages\streamlit\watcher\local_sources_watcher.py", line 255, in <lambda>
    if hasattr(m, "__path__")
       ~~~~~~~^^^^^^^^^^^^^^^
  File "C:\Users\hp\AppData\Roaming\Python\Python313\site-packages\transformers\__init__.py", line 862, in _getattr
    return getattr(importlib.import_module(target, __name__), name)
                   ~~~~~~~~~~~~~~~~~~~~~~~^^^^^^^^^^^^^^^^^^
  File "C:\Python313\Lib\importlib\__init__.py", line 88, in import_module
    return _bootstrap._gcd_import(name[level:], package, level)
           ~~~~~~~~~~~~~~~~~~~~~~^^^^^^^^^^^^^^^^^^^^^^^^^^^^^^
  File "<frozen importlib._bootstrap>", line 1387, in _gcd_import
  File "<frozen importlib._bootstrap>", line 1360, in _find_and_load
  File "<frozen importlib._bootstrap>", line 1331, in _find_and_load_unlocked
  File "<frozen importlib._bootstrap>", line 935, in _load_unlocked
  File "<frozen importlib._bootstrap_external>", line 1026, in exec_module
  File "<frozen importlib._bootstrap>", line 488, in _call_with_frames_removed
  File "C:\Users\hp\AppData\Roaming\Python\Python313\site-packages\transformers\models\dpt\image_processing_dpt.py", line 28, in <module>
    from torchvision.transforms.v2 import functional as tvF
ModuleNotFoundError: No module named 'torchvision'
2026-08-03 21:27:40.174 Examining the path of transformers.models.efficientloftr.image_processing_efficientloftr_fast raised:
Traceback (most recent call last):
  File "C:\Users\hp\AppData\Roaming\Python\Python313\site-packages\streamlit\watcher\local_sources_watcher.py", line 267, in get_module_paths
    potential_paths = extract_paths(module)
  File "C:\Users\hp\AppData\Roaming\Python\Python313\site-packages\streamlit\watcher\local_sources_watcher.py", line 255, in <lambda>
    if hasattr(m, "__path__")
       ~~~~~~~^^^^^^^^^^^^^^^
  File "C:\Users\hp\AppData\Roaming\Python\Python313\site-packages\transformers\__init__.py", line 862, in _getattr
    return getattr(importlib.import_module(target, __name__), name)
                   ~~~~~~~~~~~~~~~~~~~~~~~^^^^^^^^^^^^^^^^^^
  File "C:\Python313\Lib\importlib\__init__.py", line 88, in import_module
    return _bootstrap._gcd_import(name[level:], package, level)
           ~~~~~~~~~~~~~~~~~~~~~~^^^^^^^^^^^^^^^^^^^^^^^^^^^^^^
  File "<frozen importlib._bootstrap>", line 1387, in _gcd_import
  File "<frozen importlib._bootstrap>", line 1360, in _find_and_load
  File "<frozen importlib._bootstrap>", line 1331, in _find_and_load_unlocked
  File "<frozen importlib._bootstrap>", line 935, in _load_unlocked
  File "<frozen importlib._bootstrap_external>", line 1026, in exec_module
  File "<frozen importlib._bootstrap>", line 488, in _call_with_frames_removed
  File "C:\Users\hp\AppData\Roaming\Python\Python313\site-packages\transformers\models\efficientloftr\image_processing_efficientloftr.py", line 10, in <module>
    from torchvision.transforms.v2 import functional as tvF
ModuleNotFoundError: No module named 'torchvision'
2026-08-03 21:27:40.177 Examining the path of transformers.models.efficientnet.image_processing_efficientnet_fast raised:
Traceback (most recent call last):
  File "C:\Users\hp\AppData\Roaming\Python\Python313\site-packages\streamlit\watcher\local_sources_watcher.py", line 267, in get_module_paths
    potential_paths = extract_paths(module)
  File "C:\Users\hp\AppData\Roaming\Python\Python313\site-packages\streamlit\watcher\local_sources_watcher.py", line 255, in <lambda>
    if hasattr(m, "__path__")
       ~~~~~~~^^^^^^^^^^^^^^^
  File "C:\Users\hp\AppData\Roaming\Python\Python313\site-packages\transformers\__init__.py", line 862, in _getattr
    return getattr(importlib.import_module(target, __name__), name)
                   ~~~~~~~~~~~~~~~~~~~~~~~^^^^^^^^^^^^^^^^^^
  File "C:\Python313\Lib\importlib\__init__.py", line 88, in import_module
    return _bootstrap._gcd_import(name[level:], package, level)
           ~~~~~~~~~~~~~~~~~~~~~~^^^^^^^^^^^^^^^^^^^^^^^^^^^^^^
  File "<frozen importlib._bootstrap>", line 1387, in _gcd_import
  File "<frozen importlib._bootstrap>", line 1360, in _find_and_load
  File "<frozen importlib._bootstrap>", line 1331, in _find_and_load_unlocked
  File "<frozen importlib._bootstrap>", line 935, in _load_unlocked
  File "<frozen importlib._bootstrap_external>", line 1026, in exec_module
  File "<frozen importlib._bootstrap>", line 488, in _call_with_frames_removed
  File "C:\Users\hp\AppData\Roaming\Python\Python313\site-packages\transformers\models\efficientnet\image_processing_efficientnet.py", line 20, in <module>
    from torchvision.transforms.v2 import functional as tvF
ModuleNotFoundError: No module named 'torchvision'
2026-08-03 21:27:40.180 Examining the path of transformers.models.eomt.image_processing_eomt_fast raised:
Traceback (most recent call last):
  File "C:\Users\hp\AppData\Roaming\Python\Python313\site-packages\streamlit\watcher\local_sources_watcher.py", line 267, in get_module_paths
    potential_paths = extract_paths(module)
  File "C:\Users\hp\AppData\Roaming\Python\Python313\site-packages\streamlit\watcher\local_sources_watcher.py", line 255, in <lambda>
    if hasattr(m, "__path__")
       ~~~~~~~^^^^^^^^^^^^^^^
  File "C:\Users\hp\AppData\Roaming\Python\Python313\site-packages\transformers\__init__.py", line 862, in _getattr
    return getattr(importlib.import_module(target, __name__), name)
                   ~~~~~~~~~~~~~~~~~~~~~~~^^^^^^^^^^^^^^^^^^
  File "C:\Python313\Lib\importlib\__init__.py", line 88, in import_module
    return _bootstrap._gcd_import(name[level:], package, level)
           ~~~~~~~~~~~~~~~~~~~~~~^^^^^^^^^^^^^^^^^^^^^^^^^^^^^^
  File "<frozen importlib._bootstrap>", line 1387, in _gcd_import
  File "<frozen importlib._bootstrap>", line 1360, in _find_and_load
  File "<frozen importlib._bootstrap>", line 1331, in _find_and_load_unlocked
  File "<frozen importlib._bootstrap>", line 935, in _load_unlocked
  File "<frozen importlib._bootstrap_external>", line 1026, in exec_module
  File "<frozen importlib._bootstrap>", line 488, in _call_with_frames_removed
  File "C:\Users\hp\AppData\Roaming\Python\Python313\site-packages\transformers\models\eomt\image_processing_eomt.py", line 20, in <module>
    from torchvision.transforms.v2 import functional as tvF
ModuleNotFoundError: No module named 'torchvision'
2026-08-03 21:27:40.183 Examining the path of transformers.models.ernie4_5_vl_moe.image_processing_ernie4_5_vl_moe_fast raised:
Traceback (most recent call last):
  File "C:\Users\hp\AppData\Roaming\Python\Python313\site-packages\streamlit\watcher\local_sources_watcher.py", line 267, in get_module_paths
    potential_paths = extract_paths(module)
  File "C:\Users\hp\AppData\Roaming\Python\Python313\site-packages\streamlit\watcher\local_sources_watcher.py", line 255, in <lambda>
    if hasattr(m, "__path__")
       ~~~~~~~^^^^^^^^^^^^^^^
  File "C:\Users\hp\AppData\Roaming\Python\Python313\site-packages\transformers\__init__.py", line 862, in _getattr
    return getattr(importlib.import_module(target, __name__), name)
                   ~~~~~~~~~~~~~~~~~~~~~~~^^^^^^^^^^^^^^^^^^
  File "C:\Python313\Lib\importlib\__init__.py", line 88, in import_module
    return _bootstrap._gcd_import(name[level:], package, level)
           ~~~~~~~~~~~~~~~~~~~~~~^^^^^^^^^^^^^^^^^^^^^^^^^^^^^^
  File "<frozen importlib._bootstrap>", line 1387, in _gcd_import
  File "<frozen importlib._bootstrap>", line 1360, in _find_and_load
  File "<frozen importlib._bootstrap>", line 1331, in _find_and_load_unlocked
  File "<frozen importlib._bootstrap>", line 935, in _load_unlocked
  File "<frozen importlib._bootstrap_external>", line 1026, in exec_module
  File "<frozen importlib._bootstrap>", line 488, in _call_with_frames_removed
  File "C:\Users\hp\AppData\Roaming\Python\Python313\site-packages\transformers\models\ernie4_5_vl_moe\image_processing_ernie4_5_vl_moe.py", line 23, in <module>
    from torchvision.transforms.v2 import functional as tvF
ModuleNotFoundError: No module named 'torchvision'
2026-08-03 21:27:40.185 Examining the path of transformers.models.flava.image_processing_flava_fast raised:
Traceback (most recent call last):
  File "C:\Users\hp\AppData\Roaming\Python\Python313\site-packages\streamlit\watcher\local_sources_watcher.py", line 267, in get_module_paths
    potential_paths = extract_paths(module)
  File "C:\Users\hp\AppData\Roaming\Python\Python313\site-packages\streamlit\watcher\local_sources_watcher.py", line 255, in <lambda>
    if hasattr(m, "__path__")
       ~~~~~~~^^^^^^^^^^^^^^^
  File "C:\Users\hp\AppData\Roaming\Python\Python313\site-packages\transformers\__init__.py", line 862, in _getattr
    return getattr(importlib.import_module(target, __name__), name)
                   ~~~~~~~~~~~~~~~~~~~~~~~^^^^^^^^^^^^^^^^^^
  File "C:\Python313\Lib\importlib\__init__.py", line 88, in import_module
    return _bootstrap._gcd_import(name[level:], package, level)
           ~~~~~~~~~~~~~~~~~~~~~~^^^^^^^^^^^^^^^^^^^^^^^^^^^^^^
  File "<frozen importlib._bootstrap>", line 1387, in _gcd_import
  File "<frozen importlib._bootstrap>", line 1360, in _find_and_load
  File "<frozen importlib._bootstrap>", line 1331, in _find_and_load_unlocked
  File "<frozen importlib._bootstrap>", line 935, in _load_unlocked
  File "<frozen importlib._bootstrap_external>", line 1026, in exec_module
  File "<frozen importlib._bootstrap>", line 488, in _call_with_frames_removed
  File "C:\Users\hp\AppData\Roaming\Python\Python313\site-packages\transformers\models\flava\image_processing_flava.py", line 23, in <module>
    from torchvision.transforms.v2 import functional as tvF
ModuleNotFoundError: No module named 'torchvision'
2026-08-03 21:27:40.188 Examining the path of transformers.models.fuyu.image_processing_fuyu_fast raised:
Traceback (most recent call last):
  File "C:\Users\hp\AppData\Roaming\Python\Python313\site-packages\streamlit\watcher\local_sources_watcher.py", line 267, in get_module_paths
    potential_paths = extract_paths(module)
  File "C:\Users\hp\AppData\Roaming\Python\Python313\site-packages\streamlit\watcher\local_sources_watcher.py", line 255, in <lambda>
    if hasattr(m, "__path__")
       ~~~~~~~^^^^^^^^^^^^^^^
  File "C:\Users\hp\AppData\Roaming\Python\Python313\site-packages\transformers\__init__.py", line 862, in _getattr
    return getattr(importlib.import_module(target, __name__), name)
                   ~~~~~~~~~~~~~~~~~~~~~~~^^^^^^^^^^^^^^^^^^
  File "C:\Python313\Lib\importlib\__init__.py", line 88, in import_module
    return _bootstrap._gcd_import(name[level:], package, level)
           ~~~~~~~~~~~~~~~~~~~~~~^^^^^^^^^^^^^^^^^^^^^^^^^^^^^^
  File "<frozen importlib._bootstrap>", line 1387, in _gcd_import
  File "<frozen importlib._bootstrap>", line 1360, in _find_and_load
  File "<frozen importlib._bootstrap>", line 1331, in _find_and_load_unlocked
  File "<frozen importlib._bootstrap>", line 935, in _load_unlocked
  File "<frozen importlib._bootstrap_external>", line 1026, in exec_module
  File "<frozen importlib._bootstrap>", line 488, in _call_with_frames_removed
  File "C:\Users\hp\AppData\Roaming\Python\Python313\site-packages\transformers\models\fuyu\image_processing_fuyu.py", line 19, in <module>
    from torchvision.transforms.v2 import functional as tvF
ModuleNotFoundError: No module named 'torchvision'
2026-08-03 21:27:40.191 Examining the path of transformers.models.gemma3.image_processing_gemma3_fast raised:
Traceback (most recent call last):
  File "C:\Users\hp\AppData\Roaming\Python\Python313\site-packages\streamlit\watcher\local_sources_watcher.py", line 267, in get_module_paths
    potential_paths = extract_paths(module)
  File "C:\Users\hp\AppData\Roaming\Python\Python313\site-packages\streamlit\watcher\local_sources_watcher.py", line 255, in <lambda>
    if hasattr(m, "__path__")
       ~~~~~~~^^^^^^^^^^^^^^^
  File "C:\Users\hp\AppData\Roaming\Python\Python313\site-packages\transformers\__init__.py", line 862, in _getattr
    return getattr(importlib.import_module(target, __name__), name)
                   ~~~~~~~~~~~~~~~~~~~~~~~^^^^^^^^^^^^^^^^^^
  File "C:\Python313\Lib\importlib\__init__.py", line 88, in import_module
    return _bootstrap._gcd_import(name[level:], package, level)
           ~~~~~~~~~~~~~~~~~~~~~~^^^^^^^^^^^^^^^^^^^^^^^^^^^^^^
  File "<frozen importlib._bootstrap>", line 1387, in _gcd_import
  File "<frozen importlib._bootstrap>", line 1360, in _find_and_load
  File "<frozen importlib._bootstrap>", line 1331, in _find_and_load_unlocked
  File "<frozen importlib._bootstrap>", line 935, in _load_unlocked
  File "<frozen importlib._bootstrap_external>", line 1026, in exec_module
  File "<frozen importlib._bootstrap>", line 488, in _call_with_frames_removed
  File "C:\Users\hp\AppData\Roaming\Python\Python313\site-packages\transformers\models\gemma3\image_processing_gemma3.py", line 20, in <module>
    from torchvision.transforms.v2 import functional as tvF
ModuleNotFoundError: No module named 'torchvision'
2026-08-03 21:27:40.194 Examining the path of transformers.models.gemma4.image_processing_gemma4_fast raised:
Traceback (most recent call last):
  File "C:\Users\hp\AppData\Roaming\Python\Python313\site-packages\streamlit\watcher\local_sources_watcher.py", line 267, in get_module_paths
    potential_paths = extract_paths(module)
  File "C:\Users\hp\AppData\Roaming\Python\Python313\site-packages\streamlit\watcher\local_sources_watcher.py", line 255, in <lambda>
    if hasattr(m, "__path__")
       ~~~~~~~^^^^^^^^^^^^^^^
  File "C:\Users\hp\AppData\Roaming\Python\Python313\site-packages\transformers\__init__.py", line 862, in _getattr
    return getattr(importlib.import_module(target, __name__), name)
                   ~~~~~~~~~~~~~~~~~~~~~~~^^^^^^^^^^^^^^^^^^
  File "C:\Python313\Lib\importlib\__init__.py", line 88, in import_module
    return _bootstrap._gcd_import(name[level:], package, level)
           ~~~~~~~~~~~~~~~~~~~~~~^^^^^^^^^^^^^^^^^^^^^^^^^^^^^^
  File "<frozen importlib._bootstrap>", line 1387, in _gcd_import
  File "<frozen importlib._bootstrap>", line 1360, in _find_and_load
  File "<frozen importlib._bootstrap>", line 1331, in _find_and_load_unlocked
  File "<frozen importlib._bootstrap>", line 935, in _load_unlocked
  File "<frozen importlib._bootstrap_external>", line 1026, in exec_module
  File "<frozen importlib._bootstrap>", line 488, in _call_with_frames_removed
  File "C:\Users\hp\AppData\Roaming\Python\Python313\site-packages\transformers\models\gemma4\image_processing_gemma4.py", line 17, in <module>
    from torchvision.transforms.v2 import functional as tvF
ModuleNotFoundError: No module named 'torchvision'
2026-08-03 21:27:40.198 Examining the path of transformers.models.gemma4_unified.image_processing_gemma4_unified_fast raised:
Traceback (most recent call last):
  File "C:\Users\hp\AppData\Roaming\Python\Python313\site-packages\streamlit\watcher\local_sources_watcher.py", line 267, in get_module_paths
    potential_paths = extract_paths(module)
  File "C:\Users\hp\AppData\Roaming\Python\Python313\site-packages\streamlit\watcher\local_sources_watcher.py", line 255, in <lambda>
    if hasattr(m, "__path__")
       ~~~~~~~^^^^^^^^^^^^^^^
  File "C:\Users\hp\AppData\Roaming\Python\Python313\site-packages\transformers\__init__.py", line 862, in _getattr
    return getattr(importlib.import_module(target, __name__), name)
                   ~~~~~~~~~~~~~~~~~~~~~~~^^^^^^^^^^^^^^^^^^
  File "C:\Python313\Lib\importlib\__init__.py", line 88, in import_module
    return _bootstrap._gcd_import(name[level:], package, level)
           ~~~~~~~~~~~~~~~~~~~~~~^^^^^^^^^^^^^^^^^^^^^^^^^^^^^^
  File "<frozen importlib._bootstrap>", line 1387, in _gcd_import
  File "<frozen importlib._bootstrap>", line 1360, in _find_and_load
  File "<frozen importlib._bootstrap>", line 1331, in _find_and_load_unlocked
  File "<frozen importlib._bootstrap>", line 935, in _load_unlocked
  File "<frozen importlib._bootstrap_external>", line 1026, in exec_module
  File "<frozen importlib._bootstrap>", line 488, in _call_with_frames_removed
  File "C:\Users\hp\AppData\Roaming\Python\Python313\site-packages\transformers\models\gemma4_unified\image_processing_gemma4_unified.py", line 23, in <module>
    from torchvision.transforms.v2 import functional as tvF
ModuleNotFoundError: No module named 'torchvision'
2026-08-03 21:27:40.201 Examining the path of transformers.models.glm46v.image_processing_glm46v_fast raised:
Traceback (most recent call last):
  File "C:\Users\hp\AppData\Roaming\Python\Python313\site-packages\streamlit\watcher\local_sources_watcher.py", line 267, in get_module_paths
    potential_paths = extract_paths(module)
  File "C:\Users\hp\AppData\Roaming\Python\Python313\site-packages\streamlit\watcher\local_sources_watcher.py", line 255, in <lambda>
    if hasattr(m, "__path__")
       ~~~~~~~^^^^^^^^^^^^^^^
  File "C:\Users\hp\AppData\Roaming\Python\Python313\site-packages\transformers\__init__.py", line 862, in _getattr
    return getattr(importlib.import_module(target, __name__), name)
                   ~~~~~~~~~~~~~~~~~~~~~~~^^^^^^^^^^^^^^^^^^
  File "C:\Python313\Lib\importlib\__init__.py", line 88, in import_module
    return _bootstrap._gcd_import(name[level:], package, level)
           ~~~~~~~~~~~~~~~~~~~~~~^^^^^^^^^^^^^^^^^^^^^^^^^^^^^^
  File "<frozen importlib._bootstrap>", line 1387, in _gcd_import
  File "<frozen importlib._bootstrap>", line 1360, in _find_and_load
  File "<frozen importlib._bootstrap>", line 1331, in _find_and_load_unlocked
  File "<frozen importlib._bootstrap>", line 935, in _load_unlocked
  File "<frozen importlib._bootstrap_external>", line 1026, in exec_module
  File "<frozen importlib._bootstrap>", line 488, in _call_with_frames_removed
  File "C:\Users\hp\AppData\Roaming\Python\Python313\site-packages\transformers\models\glm46v\image_processing_glm46v.py", line 25, in <module>
    from torchvision.transforms.v2 import functional as tvF
ModuleNotFoundError: No module named 'torchvision'
2026-08-03 21:27:40.204 Examining the path of transformers.models.glm4v.image_processing_glm4v_fast raised:
Traceback (most recent call last):
  File "C:\Users\hp\AppData\Roaming\Python\Python313\site-packages\streamlit\watcher\local_sources_watcher.py", line 267, in get_module_paths
    potential_paths = extract_paths(module)
  File "C:\Users\hp\AppData\Roaming\Python\Python313\site-packages\streamlit\watcher\local_sources_watcher.py", line 255, in <lambda>
    if hasattr(m, "__path__")
       ~~~~~~~^^^^^^^^^^^^^^^
  File "C:\Users\hp\AppData\Roaming\Python\Python313\site-packages\transformers\__init__.py", line 862, in _getattr
    return getattr(importlib.import_module(target, __name__), name)
                   ~~~~~~~~~~~~~~~~~~~~~~~^^^^^^^^^^^^^^^^^^
  File "C:\Python313\Lib\importlib\__init__.py", line 88, in import_module
    return _bootstrap._gcd_import(name[level:], package, level)
           ~~~~~~~~~~~~~~~~~~~~~~^^^^^^^^^^^^^^^^^^^^^^^^^^^^^^
  File "<frozen importlib._bootstrap>", line 1387, in _gcd_import
  File "<frozen importlib._bootstrap>", line 1360, in _find_and_load
  File "<frozen importlib._bootstrap>", line 1331, in _find_and_load_unlocked
  File "<frozen importlib._bootstrap>", line 935, in _load_unlocked
  File "<frozen importlib._bootstrap_external>", line 1026, in exec_module
  File "<frozen importlib._bootstrap>", line 488, in _call_with_frames_removed
  File "C:\Users\hp\AppData\Roaming\Python\Python313\site-packages\transformers\models\glm4v\image_processing_glm4v.py", line 19, in <module>
    from torchvision.transforms.v2 import functional as tvF
ModuleNotFoundError: No module named 'torchvision'
2026-08-03 21:27:40.207 Examining the path of transformers.models.glm_image.image_processing_glm_image_fast raised:
Traceback (most recent call last):
  File "C:\Users\hp\AppData\Roaming\Python\Python313\site-packages\streamlit\watcher\local_sources_watcher.py", line 267, in get_module_paths
    potential_paths = extract_paths(module)
  File "C:\Users\hp\AppData\Roaming\Python\Python313\site-packages\streamlit\watcher\local_sources_watcher.py", line 255, in <lambda>
    if hasattr(m, "__path__")
       ~~~~~~~^^^^^^^^^^^^^^^
  File "C:\Users\hp\AppData\Roaming\Python\Python313\site-packages\transformers\__init__.py", line 862, in _getattr
    return getattr(importlib.import_module(target, __name__), name)
                   ~~~~~~~~~~~~~~~~~~~~~~~^^^^^^^^^^^^^^^^^^
  File "C:\Python313\Lib\importlib\__init__.py", line 88, in import_module
    return _bootstrap._gcd_import(name[level:], package, level)
           ~~~~~~~~~~~~~~~~~~~~~~^^^^^^^^^^^^^^^^^^^^^^^^^^^^^^
  File "<frozen importlib._bootstrap>", line 1387, in _gcd_import
  File "<frozen importlib._bootstrap>", line 1360, in _find_and_load
  File "<frozen importlib._bootstrap>", line 1331, in _find_and_load_unlocked
  File "<frozen importlib._bootstrap>", line 935, in _load_unlocked
  File "<frozen importlib._bootstrap_external>", line 1026, in exec_module
  File "<frozen importlib._bootstrap>", line 488, in _call_with_frames_removed
  File "C:\Users\hp\AppData\Roaming\Python\Python313\site-packages\transformers\models\glm_image\image_processing_glm_image.py", line 25, in <module>
    from torchvision.transforms.v2 import functional as tvF
ModuleNotFoundError: No module named 'torchvision'
2026-08-03 21:27:40.210 Examining the path of transformers.models.glmga.image_processing_glmga_fast raised:
Traceback (most recent call last):
  File "C:\Users\hp\AppData\Roaming\Python\Python313\site-packages\streamlit\watcher\local_sources_watcher.py", line 267, in get_module_paths
    potential_paths = extract_paths(module)
  File "C:\Users\hp\AppData\Roaming\Python\Python313\site-packages\streamlit\watcher\local_sources_watcher.py", line 255, in <lambda>
    if hasattr(m, "__path__")
       ~~~~~~~^^^^^^^^^^^^^^^
  File "C:\Users\hp\AppData\Roaming\Python\Python313\site-packages\transformers\__init__.py", line 862, in _getattr
    return getattr(importlib.import_module(target, __name__), name)
                   ~~~~~~~~~~~~~~~~~~~~~~~^^^^^^^^^^^^^^^^^^
  File "C:\Python313\Lib\importlib\__init__.py", line 88, in import_module
    return _bootstrap._gcd_import(name[level:], package, level)
           ~~~~~~~~~~~~~~~~~~~~~~^^^^^^^^^^^^^^^^^^^^^^^^^^^^^^
  File "<frozen importlib._bootstrap>", line 1387, in _gcd_import
  File "<frozen importlib._bootstrap>", line 1360, in _find_and_load
  File "<frozen importlib._bootstrap>", line 1331, in _find_and_load_unlocked
  File "<frozen importlib._bootstrap>", line 935, in _load_unlocked
  File "<frozen importlib._bootstrap_external>", line 1026, in exec_module
  File "<frozen importlib._bootstrap>", line 488, in _call_with_frames_removed
  File "C:\Users\hp\AppData\Roaming\Python\Python313\site-packages\transformers\models\glmga\image_processing_glmga.py", line 24, in <module>
    from torchvision.transforms.v2 import functional as tvF
ModuleNotFoundError: No module named 'torchvision'
2026-08-03 21:27:40.213 Examining the path of transformers.models.glpn.image_processing_glpn_fast raised:
Traceback (most recent call last):
  File "C:\Users\hp\AppData\Roaming\Python\Python313\site-packages\streamlit\watcher\local_sources_watcher.py", line 267, in get_module_paths
    potential_paths = extract_paths(module)
  File "C:\Users\hp\AppData\Roaming\Python\Python313\site-packages\streamlit\watcher\local_sources_watcher.py", line 255, in <lambda>
    if hasattr(m, "__path__")
       ~~~~~~~^^^^^^^^^^^^^^^
  File "C:\Users\hp\AppData\Roaming\Python\Python313\site-packages\transformers\__init__.py", line 862, in _getattr
    return getattr(importlib.import_module(target, __name__), name)
                   ~~~~~~~~~~~~~~~~~~~~~~~^^^^^^^^^^^^^^^^^^
  File "C:\Python313\Lib\importlib\__init__.py", line 88, in import_module
    return _bootstrap._gcd_import(name[level:], package, level)
           ~~~~~~~~~~~~~~~~~~~~~~^^^^^^^^^^^^^^^^^^^^^^^^^^^^^^
  File "<frozen importlib._bootstrap>", line 1387, in _gcd_import
  File "<frozen importlib._bootstrap>", line 1360, in _find_and_load
  File "<frozen importlib._bootstrap>", line 1331, in _find_and_load_unlocked
  File "<frozen importlib._bootstrap>", line 935, in _load_unlocked
  File "<frozen importlib._bootstrap_external>", line 1026, in exec_module
  File "<frozen importlib._bootstrap>", line 488, in _call_with_frames_removed
  File "C:\Users\hp\AppData\Roaming\Python\Python313\site-packages\transformers\models\glpn\image_processing_glpn.py", line 34, in <module>
    from torchvision.transforms.v2 import functional as tvF
ModuleNotFoundError: No module named 'torchvision'
2026-08-03 21:27:40.215 Examining the path of transformers.models.got_ocr2.image_processing_got_ocr2_fast raised:
Traceback (most recent call last):
  File "C:\Users\hp\AppData\Roaming\Python\Python313\site-packages\streamlit\watcher\local_sources_watcher.py", line 267, in get_module_paths
    potential_paths = extract_paths(module)
  File "C:\Users\hp\AppData\Roaming\Python\Python313\site-packages\streamlit\watcher\local_sources_watcher.py", line 255, in <lambda>
    if hasattr(m, "__path__")
       ~~~~~~~^^^^^^^^^^^^^^^
  File "C:\Users\hp\AppData\Roaming\Python\Python313\site-packages\transformers\__init__.py", line 862, in _getattr
    return getattr(importlib.import_module(target, __name__), name)
                   ~~~~~~~~~~~~~~~~~~~~~~~^^^^^^^^^^^^^^^^^^
  File "C:\Python313\Lib\importlib\__init__.py", line 88, in import_module
    return _bootstrap._gcd_import(name[level:], package, level)
           ~~~~~~~~~~~~~~~~~~~~~~^^^^^^^^^^^^^^^^^^^^^^^^^^^^^^
  File "<frozen importlib._bootstrap>", line 1387, in _gcd_import
  File "<frozen importlib._bootstrap>", line 1360, in _find_and_load
  File "<frozen importlib._bootstrap>", line 1331, in _find_and_load_unlocked
  File "<frozen importlib._bootstrap>", line 935, in _load_unlocked
  File "<frozen importlib._bootstrap_external>", line 1026, in exec_module
  File "<frozen importlib._bootstrap>", line 488, in _call_with_frames_removed
  File "C:\Users\hp\AppData\Roaming\Python\Python313\site-packages\transformers\models\got_ocr2\image_processing_got_ocr2.py", line 19, in <module>
    from torchvision.transforms.v2 import functional as tvF
ModuleNotFoundError: No module named 'torchvision'
2026-08-03 21:27:40.218 Examining the path of transformers.models.grounding_dino.image_processing_grounding_dino_fast raised:
Traceback (most recent call last):
  File "C:\Users\hp\AppData\Roaming\Python\Python313\site-packages\streamlit\watcher\local_sources_watcher.py", line 267, in get_module_paths
    potential_paths = extract_paths(module)
  File "C:\Users\hp\AppData\Roaming\Python\Python313\site-packages\streamlit\watcher\local_sources_watcher.py", line 255, in <lambda>
    if hasattr(m, "__path__")
       ~~~~~~~^^^^^^^^^^^^^^^
  File "C:\Users\hp\AppData\Roaming\Python\Python313\site-packages\transformers\__init__.py", line 862, in _getattr
    return getattr(importlib.import_module(target, __name__), name)
                   ~~~~~~~~~~~~~~~~~~~~~~~^^^^^^^^^^^^^^^^^^
  File "C:\Python313\Lib\importlib\__init__.py", line 88, in import_module
    return _bootstrap._gcd_import(name[level:], package, level)
           ~~~~~~~~~~~~~~~~~~~~~~^^^^^^^^^^^^^^^^^^^^^^^^^^^^^^
  File "<frozen importlib._bootstrap>", line 1387, in _gcd_import
  File "<frozen importlib._bootstrap>", line 1360, in _find_and_load
  File "<frozen importlib._bootstrap>", line 1331, in _find_and_load_unlocked
  File "<frozen importlib._bootstrap>", line 935, in _load_unlocked
  File "<frozen importlib._bootstrap_external>", line 1026, in exec_module
  File "<frozen importlib._bootstrap>", line 488, in _call_with_frames_removed
  File "C:\Users\hp\AppData\Roaming\Python\Python313\site-packages\transformers\models\grounding_dino\image_processing_grounding_dino.py", line 30, in <module>
    from torchvision.io import read_image
ModuleNotFoundError: No module named 'torchvision'
2026-08-03 21:27:40.221 Examining the path of transformers.models.hunyuan_vl.image_processing_hunyuan_vl_fast raised:
Traceback (most recent call last):
  File "C:\Users\hp\AppData\Roaming\Python\Python313\site-packages\streamlit\watcher\local_sources_watcher.py", line 267, in get_module_paths
    potential_paths = extract_paths(module)
  File "C:\Users\hp\AppData\Roaming\Python\Python313\site-packages\streamlit\watcher\local_sources_watcher.py", line 255, in <lambda>
    if hasattr(m, "__path__")
       ~~~~~~~^^^^^^^^^^^^^^^
  File "C:\Users\hp\AppData\Roaming\Python\Python313\site-packages\transformers\__init__.py", line 862, in _getattr
    return getattr(importlib.import_module(target, __name__), name)
                   ~~~~~~~~~~~~~~~~~~~~~~~^^^^^^^^^^^^^^^^^^
  File "C:\Python313\Lib\importlib\__init__.py", line 88, in import_module
    return _bootstrap._gcd_import(name[level:], package, level)
           ~~~~~~~~~~~~~~~~~~~~~~^^^^^^^^^^^^^^^^^^^^^^^^^^^^^^
  File "<frozen importlib._bootstrap>", line 1387, in _gcd_import
  File "<frozen importlib._bootstrap>", line 1360, in _find_and_load
  File "<frozen importlib._bootstrap>", line 1331, in _find_and_load_unlocked
  File "<frozen importlib._bootstrap>", line 935, in _load_unlocked
  File "<frozen importlib._bootstrap_external>", line 1026, in exec_module
  File "<frozen importlib._bootstrap>", line 488, in _call_with_frames_removed
  File "C:\Users\hp\AppData\Roaming\Python\Python313\site-packages\transformers\models\hunyuan_vl\image_processing_hunyuan_vl.py", line 25, in <module>
    from torchvision.transforms.v2 import functional as tvF
ModuleNotFoundError: No module named 'torchvision'
2026-08-03 21:27:40.223 Examining the path of transformers.models.idefics2.image_processing_idefics2_fast raised:
Traceback (most recent call last):
  File "C:\Users\hp\AppData\Roaming\Python\Python313\site-packages\streamlit\watcher\local_sources_watcher.py", line 267, in get_module_paths
    potential_paths = extract_paths(module)
  File "C:\Users\hp\AppData\Roaming\Python\Python313\site-packages\streamlit\watcher\local_sources_watcher.py", line 255, in <lambda>
    if hasattr(m, "__path__")
       ~~~~~~~^^^^^^^^^^^^^^^
  File "C:\Users\hp\AppData\Roaming\Python\Python313\site-packages\transformers\__init__.py", line 862, in _getattr
    return getattr(importlib.import_module(target, __name__), name)
                   ~~~~~~~~~~~~~~~~~~~~~~~^^^^^^^^^^^^^^^^^^
  File "C:\Python313\Lib\importlib\__init__.py", line 88, in import_module
    return _bootstrap._gcd_import(name[level:], package, level)
           ~~~~~~~~~~~~~~~~~~~~~~^^^^^^^^^^^^^^^^^^^^^^^^^^^^^^
  File "<frozen importlib._bootstrap>", line 1387, in _gcd_import
  File "<frozen importlib._bootstrap>", line 1360, in _find_and_load
  File "<frozen importlib._bootstrap>", line 1331, in _find_and_load_unlocked
  File "<frozen importlib._bootstrap>", line 935, in _load_unlocked
  File "<frozen importlib._bootstrap_external>", line 1026, in exec_module
  File "<frozen importlib._bootstrap>", line 488, in _call_with_frames_removed
  File "C:\Users\hp\AppData\Roaming\Python\Python313\site-packages\transformers\models\idefics2\image_processing_idefics2.py", line 37, in <module>
    from torchvision.transforms.v2 import functional as tvF
ModuleNotFoundError: No module named 'torchvision'
2026-08-03 21:27:40.226 Examining the path of transformers.models.idefics3.image_processing_idefics3_fast raised:
Traceback (most recent call last):
  File "C:\Users\hp\AppData\Roaming\Python\Python313\site-packages\streamlit\watcher\local_sources_watcher.py", line 267, in get_module_paths
    potential_paths = extract_paths(module)
  File "C:\Users\hp\AppData\Roaming\Python\Python313\site-packages\streamlit\watcher\local_sources_watcher.py", line 255, in <lambda>
    if hasattr(m, "__path__")
       ~~~~~~~^^^^^^^^^^^^^^^
  File "C:\Users\hp\AppData\Roaming\Python\Python313\site-packages\transformers\__init__.py", line 862, in _getattr
    return getattr(importlib.import_module(target, __name__), name)
                   ~~~~~~~~~~~~~~~~~~~~~~~^^^^^^^^^^^^^^^^^^
  File "C:\Python313\Lib\importlib\__init__.py", line 88, in import_module
    return _bootstrap._gcd_import(name[level:], package, level)
           ~~~~~~~~~~~~~~~~~~~~~~^^^^^^^^^^^^^^^^^^^^^^^^^^^^^^
  File "<frozen importlib._bootstrap>", line 1387, in _gcd_import
  File "<frozen importlib._bootstrap>", line 1360, in _find_and_load
  File "<frozen importlib._bootstrap>", line 1331, in _find_and_load_unlocked
  File "<frozen importlib._bootstrap>", line 935, in _load_unlocked
  File "<frozen importlib._bootstrap_external>", line 1026, in exec_module
  File "<frozen importlib._bootstrap>", line 488, in _call_with_frames_removed
  File "C:\Users\hp\AppData\Roaming\Python\Python313\site-packages\transformers\models\idefics3\image_processing_idefics3.py", line 20, in <module>
    from torchvision.transforms.v2 import functional as tvF
ModuleNotFoundError: No module named 'torchvision'
2026-08-03 21:27:40.229 Examining the path of transformers.models.imagegpt.image_processing_imagegpt_fast raised:
Traceback (most recent call last):
  File "C:\Users\hp\AppData\Roaming\Python\Python313\site-packages\streamlit\watcher\local_sources_watcher.py", line 267, in get_module_paths
    potential_paths = extract_paths(module)
  File "C:\Users\hp\AppData\Roaming\Python\Python313\site-packages\streamlit\watcher\local_sources_watcher.py", line 255, in <lambda>
    if hasattr(m, "__path__")
       ~~~~~~~^^^^^^^^^^^^^^^
  File "C:\Users\hp\AppData\Roaming\Python\Python313\site-packages\transformers\__init__.py", line 862, in _getattr
    return getattr(importlib.import_module(target, __name__), name)
                   ~~~~~~~~~~~~~~~~~~~~~~~^^^^^^^^^^^^^^^^^^
  File "C:\Python313\Lib\importlib\__init__.py", line 88, in import_module
    return _bootstrap._gcd_import(name[level:], package, level)
           ~~~~~~~~~~~~~~~~~~~~~~^^^^^^^^^^^^^^^^^^^^^^^^^^^^^^
  File "<frozen importlib._bootstrap>", line 1387, in _gcd_import
  File "<frozen importlib._bootstrap>", line 1360, in _find_and_load
  File "<frozen importlib._bootstrap>", line 1331, in _find_and_load_unlocked
  File "<frozen importlib._bootstrap>", line 935, in _load_unlocked
  File "<frozen importlib._bootstrap_external>", line 1026, in exec_module
  File "<frozen importlib._bootstrap>", line 488, in _call_with_frames_removed
  File "C:\Users\hp\AppData\Roaming\Python\Python313\site-packages\transformers\models\imagegpt\image_processing_imagegpt.py", line 20, in <module>
    from torchvision.transforms.v2 import functional as tvF
ModuleNotFoundError: No module named 'torchvision'
2026-08-03 21:27:40.231 Examining the path of transformers.models.inkling.image_processing_inkling_fast raised:
Traceback (most recent call last):
  File "C:\Users\hp\AppData\Roaming\Python\Python313\site-packages\streamlit\watcher\local_sources_watcher.py", line 267, in get_module_paths
    potential_paths = extract_paths(module)
  File "C:\Users\hp\AppData\Roaming\Python\Python313\site-packages\streamlit\watcher\local_sources_watcher.py", line 255, in <lambda>
    if hasattr(m, "__path__")
       ~~~~~~~^^^^^^^^^^^^^^^
  File "C:\Users\hp\AppData\Roaming\Python\Python313\site-packages\transformers\__init__.py", line 862, in _getattr
    return getattr(importlib.import_module(target, __name__), name)
                   ~~~~~~~~~~~~~~~~~~~~~~~^^^^^^^^^^^^^^^^^^
  File "C:\Python313\Lib\importlib\__init__.py", line 88, in import_module
    return _bootstrap._gcd_import(name[level:], package, level)
           ~~~~~~~~~~~~~~~~~~~~~~^^^^^^^^^^^^^^^^^^^^^^^^^^^^^^
  File "<frozen importlib._bootstrap>", line 1387, in _gcd_import
  File "<frozen importlib._bootstrap>", line 1360, in _find_and_load
  File "<frozen importlib._bootstrap>", line 1331, in _find_and_load_unlocked
  File "<frozen importlib._bootstrap>", line 935, in _load_unlocked
  File "<frozen importlib._bootstrap_external>", line 1026, in exec_module
  File "<frozen importlib._bootstrap>", line 488, in _call_with_frames_removed
  File "C:\Users\hp\AppData\Roaming\Python\Python313\site-packages\transformers\models\inkling\image_processing_inkling.py", line 19, in <module>
    from torchvision.transforms.v2 import functional as tvF
ModuleNotFoundError: No module named 'torchvision'
2026-08-03 21:27:40.234 Examining the path of transformers.models.janus.image_processing_janus_fast raised:
Traceback (most recent call last):
  File "C:\Users\hp\AppData\Roaming\Python\Python313\site-packages\streamlit\watcher\local_sources_watcher.py", line 267, in get_module_paths
    potential_paths = extract_paths(module)
  File "C:\Users\hp\AppData\Roaming\Python\Python313\site-packages\streamlit\watcher\local_sources_watcher.py", line 255, in <lambda>
    if hasattr(m, "__path__")
       ~~~~~~~^^^^^^^^^^^^^^^
  File "C:\Users\hp\AppData\Roaming\Python\Python313\site-packages\transformers\__init__.py", line 862, in _getattr
    return getattr(importlib.import_module(target, __name__), name)
                   ~~~~~~~~~~~~~~~~~~~~~~~^^^^^^^^^^^^^^^^^^
  File "C:\Python313\Lib\importlib\__init__.py", line 88, in import_module
    return _bootstrap._gcd_import(name[level:], package, level)
           ~~~~~~~~~~~~~~~~~~~~~~^^^^^^^^^^^^^^^^^^^^^^^^^^^^^^
  File "<frozen importlib._bootstrap>", line 1387, in _gcd_import
  File "<frozen importlib._bootstrap>", line 1360, in _find_and_load
  File "<frozen importlib._bootstrap>", line 1331, in _find_and_load_unlocked
  File "<frozen importlib._bootstrap>", line 935, in _load_unlocked
  File "<frozen importlib._bootstrap_external>", line 1026, in exec_module
  File "<frozen importlib._bootstrap>", line 488, in _call_with_frames_removed
  File "C:\Users\hp\AppData\Roaming\Python\Python313\site-packages\transformers\models\janus\image_processing_janus.py", line 17, in <module>
    import torchvision.transforms.v2.functional as tvF
ModuleNotFoundError: No module named 'torchvision'
2026-08-03 21:27:40.237 Examining the path of transformers.models.kimi_k25.image_processing_kimi_k25_fast raised:
Traceback (most recent call last):
  File "C:\Users\hp\AppData\Roaming\Python\Python313\site-packages\streamlit\watcher\local_sources_watcher.py", line 267, in get_module_paths
    potential_paths = extract_paths(module)
  File "C:\Users\hp\AppData\Roaming\Python\Python313\site-packages\streamlit\watcher\local_sources_watcher.py", line 255, in <lambda>
    if hasattr(m, "__path__")
       ~~~~~~~^^^^^^^^^^^^^^^
  File "C:\Users\hp\AppData\Roaming\Python\Python313\site-packages\transformers\__init__.py", line 862, in _getattr
    return getattr(importlib.import_module(target, __name__), name)
                   ~~~~~~~~~~~~~~~~~~~~~~~^^^^^^^^^^^^^^^^^^
  File "C:\Python313\Lib\importlib\__init__.py", line 88, in import_module
    return _bootstrap._gcd_import(name[level:], package, level)
           ~~~~~~~~~~~~~~~~~~~~~~^^^^^^^^^^^^^^^^^^^^^^^^^^^^^^
  File "<frozen importlib._bootstrap>", line 1387, in _gcd_import
  File "<frozen importlib._bootstrap>", line 1360, in _find_and_load
  File "<frozen importlib._bootstrap>", line 1331, in _find_and_load_unlocked
  File "<frozen importlib._bootstrap>", line 935, in _load_unlocked
  File "<frozen importlib._bootstrap_external>", line 1026, in exec_module
  File "<frozen importlib._bootstrap>", line 488, in _call_with_frames_removed
  File "C:\Users\hp\AppData\Roaming\Python\Python313\site-packages\transformers\models\kimi_k25\image_processing_kimi_k25.py", line 19, in <module>
    from torchvision.transforms.v2 import functional as tvF
ModuleNotFoundError: No module named 'torchvision'
2026-08-03 21:27:40.239 Examining the path of transformers.models.layoutlmv2.image_processing_layoutlmv2_fast raised:
Traceback (most recent call last):
  File "C:\Users\hp\AppData\Roaming\Python\Python313\site-packages\streamlit\watcher\local_sources_watcher.py", line 267, in get_module_paths
    potential_paths = extract_paths(module)
  File "C:\Users\hp\AppData\Roaming\Python\Python313\site-packages\streamlit\watcher\local_sources_watcher.py", line 255, in <lambda>
    if hasattr(m, "__path__")
       ~~~~~~~^^^^^^^^^^^^^^^
  File "C:\Users\hp\AppData\Roaming\Python\Python313\site-packages\transformers\__init__.py", line 862, in _getattr
    return getattr(importlib.import_module(target, __name__), name)
                   ~~~~~~~~~~~~~~~~~~~~~~~^^^^^^^^^^^^^^^^^^
  File "C:\Python313\Lib\importlib\__init__.py", line 88, in import_module
    return _bootstrap._gcd_import(name[level:], package, level)
           ~~~~~~~~~~~~~~~~~~~~~~^^^^^^^^^^^^^^^^^^^^^^^^^^^^^^
  File "<frozen importlib._bootstrap>", line 1387, in _gcd_import
  File "<frozen importlib._bootstrap>", line 1360, in _find_and_load
  File "<frozen importlib._bootstrap>", line 1331, in _find_and_load_unlocked
  File "<frozen importlib._bootstrap>", line 935, in _load_unlocked
  File "<frozen importlib._bootstrap_external>", line 1026, in exec_module
  File "<frozen importlib._bootstrap>", line 488, in _call_with_frames_removed
  File "C:\Users\hp\AppData\Roaming\Python\Python313\site-packages\transformers\models\layoutlmv2\image_processing_layoutlmv2.py", line 36, in <module>
    from torchvision.transforms.v2 import functional as tvF
ModuleNotFoundError: No module named 'torchvision'
2026-08-03 21:27:40.242 Examining the path of transformers.models.layoutlmv3.image_processing_layoutlmv3_fast raised:
Traceback (most recent call last):
  File "C:\Users\hp\AppData\Roaming\Python\Python313\site-packages\streamlit\watcher\local_sources_watcher.py", line 267, in get_module_paths
    potential_paths = extract_paths(module)
  File "C:\Users\hp\AppData\Roaming\Python\Python313\site-packages\streamlit\watcher\local_sources_watcher.py", line 255, in <lambda>
    if hasattr(m, "__path__")
       ~~~~~~~^^^^^^^^^^^^^^^
  File "C:\Users\hp\AppData\Roaming\Python\Python313\site-packages\transformers\__init__.py", line 862, in _getattr
    return getattr(importlib.import_module(target, __name__), name)
                   ~~~~~~~~~~~~~~~~~~~~~~~^^^^^^^^^^^^^^^^^^
  File "C:\Python313\Lib\importlib\__init__.py", line 88, in import_module
    return _bootstrap._gcd_import(name[level:], package, level)
           ~~~~~~~~~~~~~~~~~~~~~~^^^^^^^^^^^^^^^^^^^^^^^^^^^^^^
  File "<frozen importlib._bootstrap>", line 1387, in _gcd_import
  File "<frozen importlib._bootstrap>", line 1360, in _find_and_load
  File "<frozen importlib._bootstrap>", line 1331, in _find_and_load_unlocked
  File "<frozen importlib._bootstrap>", line 935, in _load_unlocked
  File "<frozen importlib._bootstrap_external>", line 1026, in exec_module
  File "<frozen importlib._bootstrap>", line 488, in _call_with_frames_removed
  File "C:\Users\hp\AppData\Roaming\Python\Python313\site-packages\transformers\models\layoutlmv3\image_processing_layoutlmv3.py", line 42, in <module>
    from torchvision.transforms.v2 import functional as tvF
ModuleNotFoundError: No module named 'torchvision'
2026-08-03 21:27:40.244 Examining the path of transformers.models.levit.image_processing_levit_fast raised:
Traceback (most recent call last):
  File "C:\Users\hp\AppData\Roaming\Python\Python313\site-packages\streamlit\watcher\local_sources_watcher.py", line 267, in get_module_paths
    potential_paths = extract_paths(module)
  File "C:\Users\hp\AppData\Roaming\Python\Python313\site-packages\streamlit\watcher\local_sources_watcher.py", line 255, in <lambda>
    if hasattr(m, "__path__")
       ~~~~~~~^^^^^^^^^^^^^^^
  File "C:\Users\hp\AppData\Roaming\Python\Python313\site-packages\transformers\__init__.py", line 862, in _getattr
    return getattr(importlib.import_module(target, __name__), name)
                   ~~~~~~~~~~~~~~~~~~~~~~~^^^^^^^^^^^^^^^^^^
  File "C:\Python313\Lib\importlib\__init__.py", line 88, in import_module
    return _bootstrap._gcd_import(name[level:], package, level)
           ~~~~~~~~~~~~~~~~~~~~~~^^^^^^^^^^^^^^^^^^^^^^^^^^^^^^
  File "<frozen importlib._bootstrap>", line 1387, in _gcd_import
  File "<frozen importlib._bootstrap>", line 1360, in _find_and_load
  File "<frozen importlib._bootstrap>", line 1331, in _find_and_load_unlocked
  File "<frozen importlib._bootstrap>", line 935, in _load_unlocked
  File "<frozen importlib._bootstrap_external>", line 1026, in exec_module
  File "<frozen importlib._bootstrap>", line 488, in _call_with_frames_removed
  File "C:\Users\hp\AppData\Roaming\Python\Python313\site-packages\transformers\models\levit\image_processing_levit.py", line 17, in <module>
    from torchvision.transforms.v2 import functional as tvF
ModuleNotFoundError: No module named 'torchvision'
2026-08-03 21:27:40.247 Examining the path of transformers.models.lfm2_vl.image_processing_lfm2_vl_fast raised:
Traceback (most recent call last):
  File "C:\Users\hp\AppData\Roaming\Python\Python313\site-packages\streamlit\watcher\local_sources_watcher.py", line 267, in get_module_paths
    potential_paths = extract_paths(module)
  File "C:\Users\hp\AppData\Roaming\Python\Python313\site-packages\streamlit\watcher\local_sources_watcher.py", line 255, in <lambda>
    if hasattr(m, "__path__")
       ~~~~~~~^^^^^^^^^^^^^^^
  File "C:\Users\hp\AppData\Roaming\Python\Python313\site-packages\transformers\__init__.py", line 862, in _getattr
    return getattr(importlib.import_module(target, __name__), name)
                   ~~~~~~~~~~~~~~~~~~~~~~~^^^^^^^^^^^^^^^^^^
  File "C:\Python313\Lib\importlib\__init__.py", line 88, in import_module
    return _bootstrap._gcd_import(name[level:], package, level)
           ~~~~~~~~~~~~~~~~~~~~~~^^^^^^^^^^^^^^^^^^^^^^^^^^^^^^
  File "<frozen importlib._bootstrap>", line 1387, in _gcd_import
  File "<frozen importlib._bootstrap>", line 1360, in _find_and_load
  File "<frozen importlib._bootstrap>", line 1331, in _find_and_load_unlocked
  File "<frozen importlib._bootstrap>", line 935, in _load_unlocked
  File "<frozen importlib._bootstrap_external>", line 1026, in exec_module
  File "<frozen importlib._bootstrap>", line 488, in _call_with_frames_removed
  File "C:\Users\hp\AppData\Roaming\Python\Python313\site-packages\transformers\models\lfm2_vl\image_processing_lfm2_vl.py", line 18, in <module>
    from torchvision.transforms.v2 import functional as tvF
ModuleNotFoundError: No module named 'torchvision'
2026-08-03 21:27:40.250 Examining the path of transformers.models.lightglue.image_processing_lightglue_fast raised:
Traceback (most recent call last):
  File "C:\Users\hp\AppData\Roaming\Python\Python313\site-packages\streamlit\watcher\local_sources_watcher.py", line 267, in get_module_paths
    potential_paths = extract_paths(module)
  File "C:\Users\hp\AppData\Roaming\Python\Python313\site-packages\streamlit\watcher\local_sources_watcher.py", line 255, in <lambda>
    if hasattr(m, "__path__")
       ~~~~~~~^^^^^^^^^^^^^^^
  File "C:\Users\hp\AppData\Roaming\Python\Python313\site-packages\transformers\__init__.py", line 862, in _getattr
    return getattr(importlib.import_module(target, __name__), name)
                   ~~~~~~~~~~~~~~~~~~~~~~~^^^^^^^^^^^^^^^^^^
  File "C:\Python313\Lib\importlib\__init__.py", line 88, in import_module
    return _bootstrap._gcd_import(name[level:], package, level)
           ~~~~~~~~~~~~~~~~~~~~~~^^^^^^^^^^^^^^^^^^^^^^^^^^^^^^
  File "<frozen importlib._bootstrap>", line 1387, in _gcd_import
  File "<frozen importlib._bootstrap>", line 1360, in _find_and_load
  File "<frozen importlib._bootstrap>", line 1331, in _find_and_load_unlocked
  File "<frozen importlib._bootstrap>", line 935, in _load_unlocked
  File "<frozen importlib._bootstrap_external>", line 1026, in exec_module
  File "<frozen importlib._bootstrap>", line 488, in _call_with_frames_removed
  File "C:\Users\hp\AppData\Roaming\Python\Python313\site-packages\transformers\models\lightglue\image_processing_lightglue.py", line 24, in <module>
    from torchvision.transforms.v2 import functional as tvF
ModuleNotFoundError: No module named 'torchvision'
2026-08-03 21:27:40.252 Examining the path of transformers.models.llama4.image_processing_llama4_fast raised:
Traceback (most recent call last):
  File "C:\Users\hp\AppData\Roaming\Python\Python313\site-packages\streamlit\watcher\local_sources_watcher.py", line 267, in get_module_paths
    potential_paths = extract_paths(module)
  File "C:\Users\hp\AppData\Roaming\Python\Python313\site-packages\streamlit\watcher\local_sources_watcher.py", line 255, in <lambda>
    if hasattr(m, "__path__")
       ~~~~~~~^^^^^^^^^^^^^^^
  File "C:\Users\hp\AppData\Roaming\Python\Python313\site-packages\transformers\__init__.py", line 862, in _getattr
    return getattr(importlib.import_module(target, __name__), name)
                   ~~~~~~~~~~~~~~~~~~~~~~~^^^^^^^^^^^^^^^^^^
  File "C:\Python313\Lib\importlib\__init__.py", line 88, in import_module
    return _bootstrap._gcd_import(name[level:], package, level)
           ~~~~~~~~~~~~~~~~~~~~~~^^^^^^^^^^^^^^^^^^^^^^^^^^^^^^
  File "<frozen importlib._bootstrap>", line 1387, in _gcd_import
  File "<frozen importlib._bootstrap>", line 1360, in _find_and_load
  File "<frozen importlib._bootstrap>", line 1331, in _find_and_load_unlocked
  File "<frozen importlib._bootstrap>", line 935, in _load_unlocked
  File "<frozen importlib._bootstrap_external>", line 1026, in exec_module
  File "<frozen importlib._bootstrap>", line 488, in _call_with_frames_removed
  File "C:\Users\hp\AppData\Roaming\Python\Python313\site-packages\transformers\models\llama4\image_processing_llama4.py", line 21, in <module>
    from torchvision.transforms.v2 import functional as tvF
ModuleNotFoundError: No module named 'torchvision'
2026-08-03 21:27:40.255 Examining the path of transformers.models.llava.image_processing_llava_fast raised:
Traceback (most recent call last):
  File "C:\Users\hp\AppData\Roaming\Python\Python313\site-packages\streamlit\watcher\local_sources_watcher.py", line 267, in get_module_paths
    potential_paths = extract_paths(module)
  File "C:\Users\hp\AppData\Roaming\Python\Python313\site-packages\streamlit\watcher\local_sources_watcher.py", line 255, in <lambda>
    if hasattr(m, "__path__")
       ~~~~~~~^^^^^^^^^^^^^^^
  File "C:\Users\hp\AppData\Roaming\Python\Python313\site-packages\transformers\__init__.py", line 862, in _getattr
    return getattr(importlib.import_module(target, __name__), name)
                   ~~~~~~~~~~~~~~~~~~~~~~~^^^^^^^^^^^^^^^^^^
  File "C:\Python313\Lib\importlib\__init__.py", line 88, in import_module
    return _bootstrap._gcd_import(name[level:], package, level)
           ~~~~~~~~~~~~~~~~~~~~~~^^^^^^^^^^^^^^^^^^^^^^^^^^^^^^
  File "<frozen importlib._bootstrap>", line 1387, in _gcd_import
  File "<frozen importlib._bootstrap>", line 1360, in _find_and_load
  File "<frozen importlib._bootstrap>", line 1331, in _find_and_load_unlocked
  File "<frozen importlib._bootstrap>", line 935, in _load_unlocked
  File "<frozen importlib._bootstrap_external>", line 1026, in exec_module
  File "<frozen importlib._bootstrap>", line 488, in _call_with_frames_removed
  File "C:\Users\hp\AppData\Roaming\Python\Python313\site-packages\transformers\models\llava\image_processing_llava.py", line 19, in <module>
    from torchvision.transforms.v2 import functional as tvF
ModuleNotFoundError: No module named 'torchvision'
2026-08-03 21:27:40.258 Examining the path of transformers.models.llava_next.image_processing_llava_next_fast raised:
Traceback (most recent call last):
  File "C:\Users\hp\AppData\Roaming\Python\Python313\site-packages\streamlit\watcher\local_sources_watcher.py", line 267, in get_module_paths
    potential_paths = extract_paths(module)
  File "C:\Users\hp\AppData\Roaming\Python\Python313\site-packages\streamlit\watcher\local_sources_watcher.py", line 255, in <lambda>
    if hasattr(m, "__path__")
       ~~~~~~~^^^^^^^^^^^^^^^
  File "C:\Users\hp\AppData\Roaming\Python\Python313\site-packages\transformers\__init__.py", line 862, in _getattr
    return getattr(importlib.import_module(target, __name__), name)
                   ~~~~~~~~~~~~~~~~~~~~~~~^^^^^^^^^^^^^^^^^^
  File "C:\Python313\Lib\importlib\__init__.py", line 88, in import_module
    return _bootstrap._gcd_import(name[level:], package, level)
           ~~~~~~~~~~~~~~~~~~~~~~^^^^^^^^^^^^^^^^^^^^^^^^^^^^^^
  File "<frozen importlib._bootstrap>", line 1387, in _gcd_import
  File "<frozen importlib._bootstrap>", line 1360, in _find_and_load
  File "<frozen importlib._bootstrap>", line 1331, in _find_and_load_unlocked
  File "<frozen importlib._bootstrap>", line 935, in _load_unlocked
  File "<frozen importlib._bootstrap_external>", line 1026, in exec_module
  File "<frozen importlib._bootstrap>", line 488, in _call_with_frames_removed
  File "C:\Users\hp\AppData\Roaming\Python\Python313\site-packages\transformers\models\llava_next\image_processing_llava_next.py", line 19, in <module>
    from torchvision.transforms.v2 import functional as tvF
ModuleNotFoundError: No module named 'torchvision'
2026-08-03 21:27:40.260 Examining the path of transformers.models.llava_onevision.image_processing_llava_onevision_fast raised:
Traceback (most recent call last):
  File "C:\Users\hp\AppData\Roaming\Python\Python313\site-packages\streamlit\watcher\local_sources_watcher.py", line 267, in get_module_paths
    potential_paths = extract_paths(module)
  File "C:\Users\hp\AppData\Roaming\Python\Python313\site-packages\streamlit\watcher\local_sources_watcher.py", line 255, in <lambda>
    if hasattr(m, "__path__")
       ~~~~~~~^^^^^^^^^^^^^^^
  File "C:\Users\hp\AppData\Roaming\Python\Python313\site-packages\transformers\__init__.py", line 862, in _getattr
    return getattr(importlib.import_module(target, __name__), name)
                   ~~~~~~~~~~~~~~~~~~~~~~~^^^^^^^^^^^^^^^^^^
  File "C:\Python313\Lib\importlib\__init__.py", line 88, in import_module
    return _bootstrap._gcd_import(name[level:], package, level)
           ~~~~~~~~~~~~~~~~~~~~~~^^^^^^^^^^^^^^^^^^^^^^^^^^^^^^
  File "<frozen importlib._bootstrap>", line 1387, in _gcd_import
  File "<frozen importlib._bootstrap>", line 1360, in _find_and_load
  File "<frozen importlib._bootstrap>", line 1331, in _find_and_load_unlocked
  File "<frozen importlib._bootstrap>", line 935, in _load_unlocked
  File "<frozen importlib._bootstrap_external>", line 1026, in exec_module
  File "<frozen importlib._bootstrap>", line 488, in _call_with_frames_removed
  File "C:\Users\hp\AppData\Roaming\Python\Python313\site-packages\transformers\models\llava_onevision\image_processing_llava_onevision.py", line 24, in <module>
    import torchvision.transforms.v2.functional as tvF
ModuleNotFoundError: No module named 'torchvision'
2026-08-03 21:27:40.263 Examining the path of transformers.models.mask2former.image_processing_mask2former_fast raised:
Traceback (most recent call last):
  File "C:\Users\hp\AppData\Roaming\Python\Python313\site-packages\streamlit\watcher\local_sources_watcher.py", line 267, in get_module_paths
    potential_paths = extract_paths(module)
  File "C:\Users\hp\AppData\Roaming\Python\Python313\site-packages\streamlit\watcher\local_sources_watcher.py", line 255, in <lambda>
    if hasattr(m, "__path__")
       ~~~~~~~^^^^^^^^^^^^^^^
  File "C:\Users\hp\AppData\Roaming\Python\Python313\site-packages\transformers\__init__.py", line 862, in _getattr
    return getattr(importlib.import_module(target, __name__), name)
                   ~~~~~~~~~~~~~~~~~~~~~~~^^^^^^^^^^^^^^^^^^
  File "C:\Python313\Lib\importlib\__init__.py", line 88, in import_module
    return _bootstrap._gcd_import(name[level:], package, level)
           ~~~~~~~~~~~~~~~~~~~~~~^^^^^^^^^^^^^^^^^^^^^^^^^^^^^^
  File "<frozen importlib._bootstrap>", line 1387, in _gcd_import
  File "<frozen importlib._bootstrap>", line 1360, in _find_and_load
  File "<frozen importlib._bootstrap>", line 1331, in _find_and_load_unlocked
  File "<frozen importlib._bootstrap>", line 935, in _load_unlocked
  File "<frozen importlib._bootstrap_external>", line 1026, in exec_module
  File "<frozen importlib._bootstrap>", line 488, in _call_with_frames_removed
  File "C:\Users\hp\AppData\Roaming\Python\Python313\site-packages\transformers\models\mask2former\image_processing_mask2former.py", line 27, in <module>
    from torchvision.transforms.v2 import functional as tvF
ModuleNotFoundError: No module named 'torchvision'
2026-08-03 21:27:40.266 Examining the path of transformers.models.maskformer.image_processing_maskformer_fast raised:
Traceback (most recent call last):
  File "C:\Users\hp\AppData\Roaming\Python\Python313\site-packages\streamlit\watcher\local_sources_watcher.py", line 267, in get_module_paths
    potential_paths = extract_paths(module)
  File "C:\Users\hp\AppData\Roaming\Python\Python313\site-packages\streamlit\watcher\local_sources_watcher.py", line 255, in <lambda>
    if hasattr(m, "__path__")
       ~~~~~~~^^^^^^^^^^^^^^^
  File "C:\Users\hp\AppData\Roaming\Python\Python313\site-packages\transformers\__init__.py", line 862, in _getattr
    return getattr(importlib.import_module(target, __name__), name)
                   ~~~~~~~~~~~~~~~~~~~~~~~^^^^^^^^^^^^^^^^^^
  File "C:\Python313\Lib\importlib\__init__.py", line 88, in import_module
    return _bootstrap._gcd_import(name[level:], package, level)
           ~~~~~~~~~~~~~~~~~~~~~~^^^^^^^^^^^^^^^^^^^^^^^^^^^^^^
  File "<frozen importlib._bootstrap>", line 1387, in _gcd_import
  File "<frozen importlib._bootstrap>", line 1360, in _find_and_load
  File "<frozen importlib._bootstrap>", line 1331, in _find_and_load_unlocked
  File "<frozen importlib._bootstrap>", line 935, in _load_unlocked
  File "<frozen importlib._bootstrap_external>", line 1026, in exec_module
  File "<frozen importlib._bootstrap>", line 488, in _call_with_frames_removed
  File "C:\Users\hp\AppData\Roaming\Python\Python313\site-packages\transformers\models\maskformer\image_processing_maskformer.py", line 22, in <module>
    from torchvision.transforms.v2 import functional as tvF
ModuleNotFoundError: No module named 'torchvision'
2026-08-03 21:27:40.269 Examining the path of transformers.models.minimax_m3_vl.image_processing_minimax_m3_vl_fast raised:
Traceback (most recent call last):
  File "C:\Users\hp\AppData\Roaming\Python\Python313\site-packages\streamlit\watcher\local_sources_watcher.py", line 267, in get_module_paths
    potential_paths = extract_paths(module)
  File "C:\Users\hp\AppData\Roaming\Python\Python313\site-packages\streamlit\watcher\local_sources_watcher.py", line 255, in <lambda>
    if hasattr(m, "__path__")
       ~~~~~~~^^^^^^^^^^^^^^^
  File "C:\Users\hp\AppData\Roaming\Python\Python313\site-packages\transformers\__init__.py", line 862, in _getattr
    return getattr(importlib.import_module(target, __name__), name)
                   ~~~~~~~~~~~~~~~~~~~~~~~^^^^^^^^^^^^^^^^^^
  File "C:\Python313\Lib\importlib\__init__.py", line 88, in import_module
    return _bootstrap._gcd_import(name[level:], package, level)
           ~~~~~~~~~~~~~~~~~~~~~~^^^^^^^^^^^^^^^^^^^^^^^^^^^^^^
  File "<frozen importlib._bootstrap>", line 1387, in _gcd_import
  File "<frozen importlib._bootstrap>", line 1360, in _find_and_load
  File "<frozen importlib._bootstrap>", line 1331, in _find_and_load_unlocked
  File "<frozen importlib._bootstrap>", line 935, in _load_unlocked
  File "<frozen importlib._bootstrap_external>", line 1026, in exec_module
  File "<frozen importlib._bootstrap>", line 488, in _call_with_frames_removed
  File "C:\Users\hp\AppData\Roaming\Python\Python313\site-packages\transformers\models\minimax_m3_vl\image_processing_minimax_m3_vl.py", line 18, in <module>
    from torchvision.transforms.v2 import functional as tvF
ModuleNotFoundError: No module named 'torchvision'
2026-08-03 21:27:40.272 Examining the path of transformers.models.mllama.image_processing_mllama_fast raised:
Traceback (most recent call last):
  File "C:\Users\hp\AppData\Roaming\Python\Python313\site-packages\streamlit\watcher\local_sources_watcher.py", line 267, in get_module_paths
    potential_paths = extract_paths(module)
  File "C:\Users\hp\AppData\Roaming\Python\Python313\site-packages\streamlit\watcher\local_sources_watcher.py", line 255, in <lambda>
    if hasattr(m, "__path__")
       ~~~~~~~^^^^^^^^^^^^^^^
  File "C:\Users\hp\AppData\Roaming\Python\Python313\site-packages\transformers\__init__.py", line 862, in _getattr
    return getattr(importlib.import_module(target, __name__), name)
                   ~~~~~~~~~~~~~~~~~~~~~~~^^^^^^^^^^^^^^^^^^
  File "C:\Python313\Lib\importlib\__init__.py", line 88, in import_module
    return _bootstrap._gcd_import(name[level:], package, level)
           ~~~~~~~~~~~~~~~~~~~~~~^^^^^^^^^^^^^^^^^^^^^^^^^^^^^^
  File "<frozen importlib._bootstrap>", line 1387, in _gcd_import
  File "<frozen importlib._bootstrap>", line 1360, in _find_and_load
  File "<frozen importlib._bootstrap>", line 1331, in _find_and_load_unlocked
  File "<frozen importlib._bootstrap>", line 935, in _load_unlocked
  File "<frozen importlib._bootstrap_external>", line 1026, in exec_module
  File "<frozen importlib._bootstrap>", line 488, in _call_with_frames_removed
  File "C:\Users\hp\AppData\Roaming\Python\Python313\site-packages\transformers\models\mllama\image_processing_mllama.py", line 40, in <module>
    from torchvision.transforms.v2 import functional as tvF
ModuleNotFoundError: No module named 'torchvision'
2026-08-03 21:27:40.274 Examining the path of transformers.models.mobilenet_v2.image_processing_mobilenet_v2_fast raised:
Traceback (most recent call last):
  File "C:\Users\hp\AppData\Roaming\Python\Python313\site-packages\streamlit\watcher\local_sources_watcher.py", line 267, in get_module_paths
    potential_paths = extract_paths(module)
  File "C:\Users\hp\AppData\Roaming\Python\Python313\site-packages\streamlit\watcher\local_sources_watcher.py", line 255, in <lambda>
    if hasattr(m, "__path__")
       ~~~~~~~^^^^^^^^^^^^^^^
  File "C:\Users\hp\AppData\Roaming\Python\Python313\site-packages\transformers\__init__.py", line 862, in _getattr
    return getattr(importlib.import_module(target, __name__), name)
                   ~~~~~~~~~~~~~~~~~~~~~~~^^^^^^^^^^^^^^^^^^
  File "C:\Python313\Lib\importlib\__init__.py", line 88, in import_module
    return _bootstrap._gcd_import(name[level:], package, level)
           ~~~~~~~~~~~~~~~~~~~~~~^^^^^^^^^^^^^^^^^^^^^^^^^^^^^^
  File "<frozen importlib._bootstrap>", line 1387, in _gcd_import
  File "<frozen importlib._bootstrap>", line 1360, in _find_and_load
  File "<frozen importlib._bootstrap>", line 1331, in _find_and_load_unlocked
  File "<frozen importlib._bootstrap>", line 935, in _load_unlocked
  File "<frozen importlib._bootstrap_external>", line 1026, in exec_module
  File "<frozen importlib._bootstrap>", line 488, in _call_with_frames_removed
  File "C:\Users\hp\AppData\Roaming\Python\Python313\site-packages\transformers\models\mobilenet_v2\image_processing_mobilenet_v2.py", line 19, in <module>
    from torchvision.transforms.v2 import functional as tvF
ModuleNotFoundError: No module named 'torchvision'
2026-08-03 21:27:40.277 Examining the path of transformers.models.mobilevit.image_processing_mobilevit_fast raised:
Traceback (most recent call last):
  File "C:\Users\hp\AppData\Roaming\Python\Python313\site-packages\streamlit\watcher\local_sources_watcher.py", line 267, in get_module_paths
    potential_paths = extract_paths(module)
  File "C:\Users\hp\AppData\Roaming\Python\Python313\site-packages\streamlit\watcher\local_sources_watcher.py", line 255, in <lambda>
    if hasattr(m, "__path__")
       ~~~~~~~^^^^^^^^^^^^^^^
  File "C:\Users\hp\AppData\Roaming\Python\Python313\site-packages\transformers\__init__.py", line 862, in _getattr
    return getattr(importlib.import_module(target, __name__), name)
                   ~~~~~~~~~~~~~~~~~~~~~~~^^^^^^^^^^^^^^^^^^
  File "C:\Python313\Lib\importlib\__init__.py", line 88, in import_module
    return _bootstrap._gcd_import(name[level:], package, level)
           ~~~~~~~~~~~~~~~~~~~~~~^^^^^^^^^^^^^^^^^^^^^^^^^^^^^^
  File "<frozen importlib._bootstrap>", line 1387, in _gcd_import
  File "<frozen importlib._bootstrap>", line 1360, in _find_and_load
  File "<frozen importlib._bootstrap>", line 1331, in _find_and_load_unlocked
  File "<frozen importlib._bootstrap>", line 935, in _load_unlocked
  File "<frozen importlib._bootstrap_external>", line 1026, in exec_module
  File "<frozen importlib._bootstrap>", line 488, in _call_with_frames_removed
  File "C:\Users\hp\AppData\Roaming\Python\Python313\site-packages\transformers\models\mobilevit\image_processing_mobilevit.py", line 19, in <module>
    from torchvision.transforms.v2 import functional as tvF
ModuleNotFoundError: No module named 'torchvision'
2026-08-03 21:27:40.280 Examining the path of transformers.models.nougat.image_processing_nougat_fast raised:
Traceback (most recent call last):
  File "C:\Users\hp\AppData\Roaming\Python\Python313\site-packages\streamlit\watcher\local_sources_watcher.py", line 267, in get_module_paths
    potential_paths = extract_paths(module)
  File "C:\Users\hp\AppData\Roaming\Python\Python313\site-packages\streamlit\watcher\local_sources_watcher.py", line 255, in <lambda>
    if hasattr(m, "__path__")
       ~~~~~~~^^^^^^^^^^^^^^^
  File "C:\Users\hp\AppData\Roaming\Python\Python313\site-packages\transformers\__init__.py", line 862, in _getattr
    return getattr(importlib.import_module(target, __name__), name)
                   ~~~~~~~~~~~~~~~~~~~~~~~^^^^^^^^^^^^^^^^^^
  File "C:\Python313\Lib\importlib\__init__.py", line 88, in import_module
    return _bootstrap._gcd_import(name[level:], package, level)
           ~~~~~~~~~~~~~~~~~~~~~~^^^^^^^^^^^^^^^^^^^^^^^^^^^^^^
  File "<frozen importlib._bootstrap>", line 1387, in _gcd_import
  File "<frozen importlib._bootstrap>", line 1360, in _find_and_load
  File "<frozen importlib._bootstrap>", line 1331, in _find_and_load_unlocked
  File "<frozen importlib._bootstrap>", line 935, in _load_unlocked
  File "<frozen importlib._bootstrap_external>", line 1026, in exec_module
  File "<frozen importlib._bootstrap>", line 488, in _call_with_frames_removed
  File "C:\Users\hp\AppData\Roaming\Python\Python313\site-packages\transformers\models\nougat\image_processing_nougat.py", line 17, in <module>
    from torchvision.transforms.v2 import functional as tvF
ModuleNotFoundError: No module named 'torchvision'
2026-08-03 21:27:40.282 Examining the path of transformers.models.oneformer.image_processing_oneformer_fast raised:
Traceback (most recent call last):
  File "C:\Users\hp\AppData\Roaming\Python\Python313\site-packages\streamlit\watcher\local_sources_watcher.py", line 267, in get_module_paths
    potential_paths = extract_paths(module)
  File "C:\Users\hp\AppData\Roaming\Python\Python313\site-packages\streamlit\watcher\local_sources_watcher.py", line 255, in <lambda>
    if hasattr(m, "__path__")
       ~~~~~~~^^^^^^^^^^^^^^^
  File "C:\Users\hp\AppData\Roaming\Python\Python313\site-packages\transformers\__init__.py", line 862, in _getattr
    return getattr(importlib.import_module(target, __name__), name)
                   ~~~~~~~~~~~~~~~~~~~~~~~^^^^^^^^^^^^^^^^^^
  File "C:\Python313\Lib\importlib\__init__.py", line 88, in import_module
    return _bootstrap._gcd_import(name[level:], package, level)
           ~~~~~~~~~~~~~~~~~~~~~~^^^^^^^^^^^^^^^^^^^^^^^^^^^^^^
  File "<frozen importlib._bootstrap>", line 1387, in _gcd_import
  File "<frozen importlib._bootstrap>", line 1360, in _find_and_load
  File "<frozen importlib._bootstrap>", line 1331, in _find_and_load_unlocked
  File "<frozen importlib._bootstrap>", line 935, in _load_unlocked
  File "<frozen importlib._bootstrap_external>", line 1026, in exec_module
  File "<frozen importlib._bootstrap>", line 488, in _call_with_frames_removed
  File "C:\Users\hp\AppData\Roaming\Python\Python313\site-packages\transformers\models\oneformer\image_processing_oneformer.py", line 23, in <module>
    from torchvision.transforms.v2 import functional as tvF
ModuleNotFoundError: No module named 'torchvision'
2026-08-03 21:27:40.285 Examining the path of transformers.models.ovis2.image_processing_ovis2_fast raised:
Traceback (most recent call last):
  File "C:\Users\hp\AppData\Roaming\Python\Python313\site-packages\streamlit\watcher\local_sources_watcher.py", line 267, in get_module_paths
    potential_paths = extract_paths(module)
  File "C:\Users\hp\AppData\Roaming\Python\Python313\site-packages\streamlit\watcher\local_sources_watcher.py", line 255, in <lambda>
    if hasattr(m, "__path__")
       ~~~~~~~^^^^^^^^^^^^^^^
  File "C:\Users\hp\AppData\Roaming\Python\Python313\site-packages\transformers\__init__.py", line 862, in _getattr
    return getattr(importlib.import_module(target, __name__), name)
                   ~~~~~~~~~~~~~~~~~~~~~~~^^^^^^^^^^^^^^^^^^
  File "C:\Python313\Lib\importlib\__init__.py", line 88, in import_module
    return _bootstrap._gcd_import(name[level:], package, level)
           ~~~~~~~~~~~~~~~~~~~~~~^^^^^^^^^^^^^^^^^^^^^^^^^^^^^^
  File "<frozen importlib._bootstrap>", line 1387, in _gcd_import
  File "<frozen importlib._bootstrap>", line 1360, in _find_and_load
  File "<frozen importlib._bootstrap>", line 1331, in _find_and_load_unlocked
  File "<frozen importlib._bootstrap>", line 935, in _load_unlocked
  File "<frozen importlib._bootstrap_external>", line 1026, in exec_module
  File "<frozen importlib._bootstrap>", line 488, in _call_with_frames_removed
  File "C:\Users\hp\AppData\Roaming\Python\Python313\site-packages\transformers\models\ovis2\image_processing_ovis2.py", line 19, in <module>
    from torchvision.transforms.v2 import functional as tvF
ModuleNotFoundError: No module named 'torchvision'
2026-08-03 21:27:40.288 Examining the path of transformers.models.owlv2.image_processing_owlv2_fast raised:
Traceback (most recent call last):
  File "C:\Users\hp\AppData\Roaming\Python\Python313\site-packages\streamlit\watcher\local_sources_watcher.py", line 267, in get_module_paths
    potential_paths = extract_paths(module)
  File "C:\Users\hp\AppData\Roaming\Python\Python313\site-packages\streamlit\watcher\local_sources_watcher.py", line 255, in <lambda>
    if hasattr(m, "__path__")
       ~~~~~~~^^^^^^^^^^^^^^^
  File "C:\Users\hp\AppData\Roaming\Python\Python313\site-packages\transformers\__init__.py", line 862, in _getattr
    return getattr(importlib.import_module(target, __name__), name)
                   ~~~~~~~~~~~~~~~~~~~~~~~^^^^^^^^^^^^^^^^^^
  File "C:\Python313\Lib\importlib\__init__.py", line 88, in import_module
    return _bootstrap._gcd_import(name[level:], package, level)
           ~~~~~~~~~~~~~~~~~~~~~~^^^^^^^^^^^^^^^^^^^^^^^^^^^^^^
  File "<frozen importlib._bootstrap>", line 1387, in _gcd_import
  File "<frozen importlib._bootstrap>", line 1360, in _find_and_load
  File "<frozen importlib._bootstrap>", line 1331, in _find_and_load_unlocked
  File "<frozen importlib._bootstrap>", line 935, in _load_unlocked
  File "<frozen importlib._bootstrap_external>", line 1026, in exec_module
  File "<frozen importlib._bootstrap>", line 488, in _call_with_frames_removed
  File "C:\Users\hp\AppData\Roaming\Python\Python313\site-packages\transformers\models\owlv2\image_processing_owlv2.py", line 25, in <module>
    import torchvision.transforms.v2.functional as tvF
ModuleNotFoundError: No module named 'torchvision'
2026-08-03 21:27:40.290 Examining the path of transformers.models.perceiver.image_processing_perceiver_fast raised:
Traceback (most recent call last):
  File "C:\Users\hp\AppData\Roaming\Python\Python313\site-packages\streamlit\watcher\local_sources_watcher.py", line 267, in get_module_paths
    potential_paths = extract_paths(module)
  File "C:\Users\hp\AppData\Roaming\Python\Python313\site-packages\streamlit\watcher\local_sources_watcher.py", line 255, in <lambda>
    if hasattr(m, "__path__")
       ~~~~~~~^^^^^^^^^^^^^^^
  File "C:\Users\hp\AppData\Roaming\Python\Python313\site-packages\transformers\__init__.py", line 862, in _getattr
    return getattr(importlib.import_module(target, __name__), name)
                   ~~~~~~~~~~~~~~~~~~~~~~~^^^^^^^^^^^^^^^^^^
  File "C:\Python313\Lib\importlib\__init__.py", line 88, in import_module
    return _bootstrap._gcd_import(name[level:], package, level)
           ~~~~~~~~~~~~~~~~~~~~~~^^^^^^^^^^^^^^^^^^^^^^^^^^^^^^
  File "<frozen importlib._bootstrap>", line 1387, in _gcd_import
  File "<frozen importlib._bootstrap>", line 1360, in _find_and_load
  File "<frozen importlib._bootstrap>", line 1331, in _find_and_load_unlocked
  File "<frozen importlib._bootstrap>", line 935, in _load_unlocked
  File "<frozen importlib._bootstrap_external>", line 1026, in exec_module
  File "<frozen importlib._bootstrap>", line 488, in _call_with_frames_removed
  File "C:\Users\hp\AppData\Roaming\Python\Python313\site-packages\transformers\models\perceiver\image_processing_perceiver.py", line 17, in <module>
    from torchvision.transforms.v2 import functional as tvF
ModuleNotFoundError: No module named 'torchvision'
2026-08-03 21:27:40.293 Examining the path of transformers.models.perception_lm.image_processing_perception_lm_fast raised:
Traceback (most recent call last):
  File "C:\Users\hp\AppData\Roaming\Python\Python313\site-packages\streamlit\watcher\local_sources_watcher.py", line 267, in get_module_paths
    potential_paths = extract_paths(module)
  File "C:\Users\hp\AppData\Roaming\Python\Python313\site-packages\streamlit\watcher\local_sources_watcher.py", line 255, in <lambda>
    if hasattr(m, "__path__")
       ~~~~~~~^^^^^^^^^^^^^^^
  File "C:\Users\hp\AppData\Roaming\Python\Python313\site-packages\transformers\__init__.py", line 862, in _getattr
    return getattr(importlib.import_module(target, __name__), name)
                   ~~~~~~~~~~~~~~~~~~~~~~~^^^^^^^^^^^^^^^^^^
  File "C:\Python313\Lib\importlib\__init__.py", line 88, in import_module
    return _bootstrap._gcd_import(name[level:], package, level)
           ~~~~~~~~~~~~~~~~~~~~~~^^^^^^^^^^^^^^^^^^^^^^^^^^^^^^
  File "<frozen importlib._bootstrap>", line 1387, in _gcd_import
  File "<frozen importlib._bootstrap>", line 1360, in _find_and_load
  File "<frozen importlib._bootstrap>", line 1331, in _find_and_load_unlocked
  File "<frozen importlib._bootstrap>", line 935, in _load_unlocked
  File "<frozen importlib._bootstrap_external>", line 1026, in exec_module
  File "<frozen importlib._bootstrap>", line 488, in _call_with_frames_removed
  File "C:\Users\hp\AppData\Roaming\Python\Python313\site-packages\transformers\models\perception_lm\image_processing_perception_lm.py", line 19, in <module>
    from torchvision.transforms.v2 import functional as tvF
ModuleNotFoundError: No module named 'torchvision'
2026-08-03 21:27:40.296 Examining the path of transformers.models.phi4_multimodal.image_processing_phi4_multimodal_fast raised:
Traceback (most recent call last):
  File "C:\Users\hp\AppData\Roaming\Python\Python313\site-packages\streamlit\watcher\local_sources_watcher.py", line 267, in get_module_paths
    potential_paths = extract_paths(module)
  File "C:\Users\hp\AppData\Roaming\Python\Python313\site-packages\streamlit\watcher\local_sources_watcher.py", line 255, in <lambda>
    if hasattr(m, "__path__")
       ~~~~~~~^^^^^^^^^^^^^^^
  File "C:\Users\hp\AppData\Roaming\Python\Python313\site-packages\transformers\__init__.py", line 862, in _getattr
    return getattr(importlib.import_module(target, __name__), name)
                   ~~~~~~~~~~~~~~~~~~~~~~~^^^^^^^^^^^^^^^^^^
  File "C:\Python313\Lib\importlib\__init__.py", line 88, in import_module
    return _bootstrap._gcd_import(name[level:], package, level)
           ~~~~~~~~~~~~~~~~~~~~~~^^^^^^^^^^^^^^^^^^^^^^^^^^^^^^
  File "<frozen importlib._bootstrap>", line 1387, in _gcd_import
  File "<frozen importlib._bootstrap>", line 1360, in _find_and_load
  File "<frozen importlib._bootstrap>", line 1331, in _find_and_load_unlocked
  File "<frozen importlib._bootstrap>", line 935, in _load_unlocked
  File "<frozen importlib._bootstrap_external>", line 1026, in exec_module
  File "<frozen importlib._bootstrap>", line 488, in _call_with_frames_removed
  File "C:\Users\hp\AppData\Roaming\Python\Python313\site-packages\transformers\models\phi4_multimodal\image_processing_phi4_multimodal.py", line 19, in <module>
    from torchvision.transforms.v2 import functional as tvF
ModuleNotFoundError: No module named 'torchvision'
2026-08-03 21:27:40.299 Examining the path of transformers.models.pix2struct.image_processing_pix2struct_fast raised:
Traceback (most recent call last):
  File "C:\Users\hp\AppData\Roaming\Python\Python313\site-packages\streamlit\watcher\local_sources_watcher.py", line 267, in get_module_paths
    potential_paths = extract_paths(module)
  File "C:\Users\hp\AppData\Roaming\Python\Python313\site-packages\streamlit\watcher\local_sources_watcher.py", line 255, in <lambda>
    if hasattr(m, "__path__")
       ~~~~~~~^^^^^^^^^^^^^^^
  File "C:\Users\hp\AppData\Roaming\Python\Python313\site-packages\transformers\__init__.py", line 862, in _getattr
    return getattr(importlib.import_module(target, __name__), name)
                   ~~~~~~~~~~~~~~~~~~~~~~~^^^^^^^^^^^^^^^^^^
  File "C:\Python313\Lib\importlib\__init__.py", line 88, in import_module
    return _bootstrap._gcd_import(name[level:], package, level)
           ~~~~~~~~~~~~~~~~~~~~~~^^^^^^^^^^^^^^^^^^^^^^^^^^^^^^
  File "<frozen importlib._bootstrap>", line 1387, in _gcd_import
  File "<frozen importlib._bootstrap>", line 1360, in _find_and_load
  File "<frozen importlib._bootstrap>", line 1331, in _find_and_load_unlocked
  File "<frozen importlib._bootstrap>", line 935, in _load_unlocked
  File "<frozen importlib._bootstrap_external>", line 1026, in exec_module
  File "<frozen importlib._bootstrap>", line 488, in _call_with_frames_removed
  File "C:\Users\hp\AppData\Roaming\Python\Python313\site-packages\transformers\models\pix2struct\image_processing_pix2struct.py", line 21, in <module>
    import torchvision.transforms.v2.functional as tvF
ModuleNotFoundError: No module named 'torchvision'
2026-08-03 21:27:40.302 Examining the path of transformers.models.pixtral.image_processing_pixtral_fast raised:
Traceback (most recent call last):
  File "C:\Users\hp\AppData\Roaming\Python\Python313\site-packages\streamlit\watcher\local_sources_watcher.py", line 267, in get_module_paths
    potential_paths = extract_paths(module)
  File "C:\Users\hp\AppData\Roaming\Python\Python313\site-packages\streamlit\watcher\local_sources_watcher.py", line 255, in <lambda>
    if hasattr(m, "__path__")
       ~~~~~~~^^^^^^^^^^^^^^^
  File "C:\Users\hp\AppData\Roaming\Python\Python313\site-packages\transformers\__init__.py", line 862, in _getattr
    return getattr(importlib.import_module(target, __name__), name)
                   ~~~~~~~~~~~~~~~~~~~~~~~^^^^^^^^^^^^^^^^^^
  File "C:\Python313\Lib\importlib\__init__.py", line 88, in import_module
    return _bootstrap._gcd_import(name[level:], package, level)
           ~~~~~~~~~~~~~~~~~~~~~~^^^^^^^^^^^^^^^^^^^^^^^^^^^^^^
  File "<frozen importlib._bootstrap>", line 1387, in _gcd_import
  File "<frozen importlib._bootstrap>", line 1360, in _find_and_load
  File "<frozen importlib._bootstrap>", line 1331, in _find_and_load_unlocked
  File "<frozen importlib._bootstrap>", line 935, in _load_unlocked
  File "<frozen importlib._bootstrap_external>", line 1026, in exec_module
  File "<frozen importlib._bootstrap>", line 488, in _call_with_frames_removed
  File "C:\Users\hp\AppData\Roaming\Python\Python313\site-packages\transformers\models\pixtral\image_processing_pixtral.py", line 19, in <module>
    from torchvision.transforms.v2 import functional as tvF
ModuleNotFoundError: No module named 'torchvision'
2026-08-03 21:27:40.305 Examining the path of transformers.models.poolformer.image_processing_poolformer_fast raised:
Traceback (most recent call last):
  File "C:\Users\hp\AppData\Roaming\Python\Python313\site-packages\streamlit\watcher\local_sources_watcher.py", line 267, in get_module_paths
    potential_paths = extract_paths(module)
  File "C:\Users\hp\AppData\Roaming\Python\Python313\site-packages\streamlit\watcher\local_sources_watcher.py", line 255, in <lambda>
    if hasattr(m, "__path__")
       ~~~~~~~^^^^^^^^^^^^^^^
  File "C:\Users\hp\AppData\Roaming\Python\Python313\site-packages\transformers\__init__.py", line 862, in _getattr
    return getattr(importlib.import_module(target, __name__), name)
                   ~~~~~~~~~~~~~~~~~~~~~~~^^^^^^^^^^^^^^^^^^
  File "C:\Python313\Lib\importlib\__init__.py", line 88, in import_module
    return _bootstrap._gcd_import(name[level:], package, level)
           ~~~~~~~~~~~~~~~~~~~~~~^^^^^^^^^^^^^^^^^^^^^^^^^^^^^^
  File "<frozen importlib._bootstrap>", line 1387, in _gcd_import
  File "<frozen importlib._bootstrap>", line 1360, in _find_and_load
  File "<frozen importlib._bootstrap>", line 1331, in _find_and_load_unlocked
  File "<frozen importlib._bootstrap>", line 935, in _load_unlocked
  File "<frozen importlib._bootstrap_external>", line 1026, in exec_module
  File "<frozen importlib._bootstrap>", line 488, in _call_with_frames_removed
  File "C:\Users\hp\AppData\Roaming\Python\Python313\site-packages\transformers\models\poolformer\image_processing_poolformer.py", line 17, in <module>
    from torchvision.transforms.v2 import functional as tvF
ModuleNotFoundError: No module named 'torchvision'
2026-08-03 21:27:40.307 Examining the path of transformers.models.pp_doclayout_v2.image_processing_pp_doclayout_v2_fast raised:
Traceback (most recent call last):
  File "C:\Users\hp\AppData\Roaming\Python\Python313\site-packages\streamlit\watcher\local_sources_watcher.py", line 267, in get_module_paths
    potential_paths = extract_paths(module)
  File "C:\Users\hp\AppData\Roaming\Python\Python313\site-packages\streamlit\watcher\local_sources_watcher.py", line 255, in <lambda>
    if hasattr(m, "__path__")
       ~~~~~~~^^^^^^^^^^^^^^^
  File "C:\Users\hp\AppData\Roaming\Python\Python313\site-packages\transformers\__init__.py", line 862, in _getattr
    return getattr(importlib.import_module(target, __name__), name)
                   ~~~~~~~~~~~~~~~~~~~~~~~^^^^^^^^^^^^^^^^^^
  File "C:\Python313\Lib\importlib\__init__.py", line 88, in import_module
    return _bootstrap._gcd_import(name[level:], package, level)
           ~~~~~~~~~~~~~~~~~~~~~~^^^^^^^^^^^^^^^^^^^^^^^^^^^^^^
  File "<frozen importlib._bootstrap>", line 1387, in _gcd_import
  File "<frozen importlib._bootstrap>", line 1360, in _find_and_load
  File "<frozen importlib._bootstrap>", line 1331, in _find_and_load_unlocked
  File "<frozen importlib._bootstrap>", line 935, in _load_unlocked
  File "<frozen importlib._bootstrap_external>", line 1026, in exec_module
  File "<frozen importlib._bootstrap>", line 488, in _call_with_frames_removed
  File "C:\Users\hp\AppData\Roaming\Python\Python313\site-packages\transformers\models\pp_doclayout_v2\image_processing_pp_doclayout_v2.py", line 23, in <module>
    from torchvision.transforms.v2 import functional as tvF
ModuleNotFoundError: No module named 'torchvision'
2026-08-03 21:27:40.310 Examining the path of transformers.models.pp_doclayout_v3.image_processing_pp_doclayout_v3_fast raised:
Traceback (most recent call last):
  File "C:\Users\hp\AppData\Roaming\Python\Python313\site-packages\streamlit\watcher\local_sources_watcher.py", line 267, in get_module_paths
    potential_paths = extract_paths(module)
  File "C:\Users\hp\AppData\Roaming\Python\Python313\site-packages\streamlit\watcher\local_sources_watcher.py", line 255, in <lambda>
    if hasattr(m, "__path__")
       ~~~~~~~^^^^^^^^^^^^^^^
  File "C:\Users\hp\AppData\Roaming\Python\Python313\site-packages\transformers\__init__.py", line 862, in _getattr
    return getattr(importlib.import_module(target, __name__), name)
                   ~~~~~~~~~~~~~~~~~~~~~~~^^^^^^^^^^^^^^^^^^
  File "C:\Python313\Lib\importlib\__init__.py", line 88, in import_module
    return _bootstrap._gcd_import(name[level:], package, level)
           ~~~~~~~~~~~~~~~~~~~~~~^^^^^^^^^^^^^^^^^^^^^^^^^^^^^^
  File "<frozen importlib._bootstrap>", line 1387, in _gcd_import
  File "<frozen importlib._bootstrap>", line 1360, in _find_and_load
  File "<frozen importlib._bootstrap>", line 1331, in _find_and_load_unlocked
  File "<frozen importlib._bootstrap>", line 935, in _load_unlocked
  File "<frozen importlib._bootstrap_external>", line 1026, in exec_module
  File "<frozen importlib._bootstrap>", line 488, in _call_with_frames_removed
  File "C:\Users\hp\AppData\Roaming\Python\Python313\site-packages\transformers\models\pp_doclayout_v3\image_processing_pp_doclayout_v3.py", line 24, in <module>
    from torchvision.transforms.v2 import functional as tvF
ModuleNotFoundError: No module named 'torchvision'
2026-08-03 21:27:40.313 Examining the path of transformers.models.pp_formulanet.image_processing_pp_formulanet_fast raised:
Traceback (most recent call last):
  File "C:\Users\hp\AppData\Roaming\Python\Python313\site-packages\streamlit\watcher\local_sources_watcher.py", line 267, in get_module_paths
    potential_paths = extract_paths(module)
  File "C:\Users\hp\AppData\Roaming\Python\Python313\site-packages\streamlit\watcher\local_sources_watcher.py", line 255, in <lambda>
    if hasattr(m, "__path__")
       ~~~~~~~^^^^^^^^^^^^^^^
  File "C:\Users\hp\AppData\Roaming\Python\Python313\site-packages\transformers\__init__.py", line 862, in _getattr
    return getattr(importlib.import_module(target, __name__), name)
                   ~~~~~~~~~~~~~~~~~~~~~~~^^^^^^^^^^^^^^^^^^
  File "C:\Python313\Lib\importlib\__init__.py", line 88, in import_module
    return _bootstrap._gcd_import(name[level:], package, level)
           ~~~~~~~~~~~~~~~~~~~~~~^^^^^^^^^^^^^^^^^^^^^^^^^^^^^^
  File "<frozen importlib._bootstrap>", line 1387, in _gcd_import
  File "<frozen importlib._bootstrap>", line 1360, in _find_and_load
  File "<frozen importlib._bootstrap>", line 1331, in _find_and_load_unlocked
  File "<frozen importlib._bootstrap>", line 935, in _load_unlocked
  File "<frozen importlib._bootstrap_external>", line 1026, in exec_module
  File "<frozen importlib._bootstrap>", line 488, in _call_with_frames_removed
  File "C:\Users\hp\AppData\Roaming\Python\Python313\site-packages\transformers\models\pp_formulanet\image_processing_pp_formulanet.py", line 23, in <module>
    from torchvision.transforms.v2 import functional as tvF
ModuleNotFoundError: No module named 'torchvision'
2026-08-03 21:27:40.316 Examining the path of transformers.models.pp_lcnet.image_processing_pp_lcnet_fast raised:
Traceback (most recent call last):
  File "C:\Users\hp\AppData\Roaming\Python\Python313\site-packages\streamlit\watcher\local_sources_watcher.py", line 267, in get_module_paths
    potential_paths = extract_paths(module)
  File "C:\Users\hp\AppData\Roaming\Python\Python313\site-packages\streamlit\watcher\local_sources_watcher.py", line 255, in <lambda>
    if hasattr(m, "__path__")
       ~~~~~~~^^^^^^^^^^^^^^^
  File "C:\Users\hp\AppData\Roaming\Python\Python313\site-packages\transformers\__init__.py", line 862, in _getattr
    return getattr(importlib.import_module(target, __name__), name)
                   ~~~~~~~~~~~~~~~~~~~~~~~^^^^^^^^^^^^^^^^^^
  File "C:\Python313\Lib\importlib\__init__.py", line 88, in import_module
    return _bootstrap._gcd_import(name[level:], package, level)
           ~~~~~~~~~~~~~~~~~~~~~~^^^^^^^^^^^^^^^^^^^^^^^^^^^^^^
  File "<frozen importlib._bootstrap>", line 1387, in _gcd_import
  File "<frozen importlib._bootstrap>", line 1360, in _find_and_load
  File "<frozen importlib._bootstrap>", line 1331, in _find_and_load_unlocked
  File "<frozen importlib._bootstrap>", line 935, in _load_unlocked
  File "<frozen importlib._bootstrap_external>", line 1026, in exec_module
  File "<frozen importlib._bootstrap>", line 488, in _call_with_frames_removed
  File "C:\Users\hp\AppData\Roaming\Python\Python313\site-packages\transformers\models\pp_lcnet\image_processing_pp_lcnet.py", line 24, in <module>
    import torchvision.transforms.v2.functional as tvF
ModuleNotFoundError: No module named 'torchvision'
2026-08-03 21:27:40.318 Examining the path of transformers.models.pp_ocrv5_server_det.image_processing_pp_ocrv5_server_det_fast raised:
Traceback (most recent call last):
  File "C:\Users\hp\AppData\Roaming\Python\Python313\site-packages\streamlit\watcher\local_sources_watcher.py", line 267, in get_module_paths
    potential_paths = extract_paths(module)
  File "C:\Users\hp\AppData\Roaming\Python\Python313\site-packages\streamlit\watcher\local_sources_watcher.py", line 255, in <lambda>
    if hasattr(m, "__path__")
       ~~~~~~~^^^^^^^^^^^^^^^
  File "C:\Users\hp\AppData\Roaming\Python\Python313\site-packages\transformers\__init__.py", line 862, in _getattr
    return getattr(importlib.import_module(target, __name__), name)
                   ~~~~~~~~~~~~~~~~~~~~~~~^^^^^^^^^^^^^^^^^^
  File "C:\Python313\Lib\importlib\__init__.py", line 88, in import_module
    return _bootstrap._gcd_import(name[level:], package, level)
           ~~~~~~~~~~~~~~~~~~~~~~^^^^^^^^^^^^^^^^^^^^^^^^^^^^^^
  File "<frozen importlib._bootstrap>", line 1387, in _gcd_import
  File "<frozen importlib._bootstrap>", line 1360, in _find_and_load
  File "<frozen importlib._bootstrap>", line 1331, in _find_and_load_unlocked
  File "<frozen importlib._bootstrap>", line 935, in _load_unlocked
  File "<frozen importlib._bootstrap_external>", line 1026, in exec_module
  File "<frozen importlib._bootstrap>", line 488, in _call_with_frames_removed
  File "C:\Users\hp\AppData\Roaming\Python\Python313\site-packages\transformers\models\pp_ocrv5_server_det\image_processing_pp_ocrv5_server_det.py", line 25, in <module>
    import torchvision.transforms.v2.functional as tvF
ModuleNotFoundError: No module named 'torchvision'
2026-08-03 21:27:40.321 Examining the path of transformers.models.pp_ocrv5_server_rec.image_processing_pp_ocrv5_server_rec_fast raised:
Traceback (most recent call last):
  File "C:\Users\hp\AppData\Roaming\Python\Python313\site-packages\streamlit\watcher\local_sources_watcher.py", line 267, in get_module_paths
    potential_paths = extract_paths(module)
  File "C:\Users\hp\AppData\Roaming\Python\Python313\site-packages\streamlit\watcher\local_sources_watcher.py", line 255, in <lambda>
    if hasattr(m, "__path__")
       ~~~~~~~^^^^^^^^^^^^^^^
  File "C:\Users\hp\AppData\Roaming\Python\Python313\site-packages\transformers\__init__.py", line 862, in _getattr
    return getattr(importlib.import_module(target, __name__), name)
                   ~~~~~~~~~~~~~~~~~~~~~~~^^^^^^^^^^^^^^^^^^
  File "C:\Python313\Lib\importlib\__init__.py", line 88, in import_module
    return _bootstrap._gcd_import(name[level:], package, level)
           ~~~~~~~~~~~~~~~~~~~~~~^^^^^^^^^^^^^^^^^^^^^^^^^^^^^^
  File "<frozen importlib._bootstrap>", line 1387, in _gcd_import
  File "<frozen importlib._bootstrap>", line 1360, in _find_and_load
  File "<frozen importlib._bootstrap>", line 1331, in _find_and_load_unlocked
  File "<frozen importlib._bootstrap>", line 935, in _load_unlocked
  File "<frozen importlib._bootstrap_external>", line 1026, in exec_module
  File "<frozen importlib._bootstrap>", line 488, in _call_with_frames_removed
  File "C:\Users\hp\AppData\Roaming\Python\Python313\site-packages\transformers\models\pp_ocrv5_server_rec\image_processing_pp_ocrv5_server_rec.py", line 24, in <module>
    import torchvision.transforms.v2.functional as tvF
ModuleNotFoundError: No module named 'torchvision'
2026-08-03 21:27:40.323 Examining the path of transformers.models.pp_ocrv6_small_rec.image_processing_pp_ocrv6_small_rec_fast raised:
Traceback (most recent call last):
  File "C:\Users\hp\AppData\Roaming\Python\Python313\site-packages\streamlit\watcher\local_sources_watcher.py", line 267, in get_module_paths
    potential_paths = extract_paths(module)
  File "C:\Users\hp\AppData\Roaming\Python\Python313\site-packages\streamlit\watcher\local_sources_watcher.py", line 255, in <lambda>
    if hasattr(m, "__path__")
       ~~~~~~~^^^^^^^^^^^^^^^
  File "C:\Users\hp\AppData\Roaming\Python\Python313\site-packages\transformers\__init__.py", line 862, in _getattr
    return getattr(importlib.import_module(target, __name__), name)
                   ~~~~~~~~~~~~~~~~~~~~~~~^^^^^^^^^^^^^^^^^^
  File "C:\Python313\Lib\importlib\__init__.py", line 88, in import_module
    return _bootstrap._gcd_import(name[level:], package, level)
           ~~~~~~~~~~~~~~~~~~~~~~^^^^^^^^^^^^^^^^^^^^^^^^^^^^^^
  File "<frozen importlib._bootstrap>", line 1387, in _gcd_import
  File "<frozen importlib._bootstrap>", line 1360, in _find_and_load
  File "<frozen importlib._bootstrap>", line 1331, in _find_and_load_unlocked
  File "<frozen importlib._bootstrap>", line 935, in _load_unlocked
  File "<frozen importlib._bootstrap_external>", line 1026, in exec_module
  File "<frozen importlib._bootstrap>", line 488, in _call_with_frames_removed
  File "C:\Users\hp\AppData\Roaming\Python\Python313\site-packages\transformers\models\pp_ocrv6_small_rec\image_processing_pp_ocrv6_small_rec.py", line 24, in <module>
    import torchvision.transforms.v2.functional as tvF
ModuleNotFoundError: No module named 'torchvision'
2026-08-03 21:27:40.326 Examining the path of transformers.models.prompt_depth_anything.image_processing_prompt_depth_anything_fast raised:
Traceback (most recent call last):
  File "C:\Users\hp\AppData\Roaming\Python\Python313\site-packages\streamlit\watcher\local_sources_watcher.py", line 267, in get_module_paths
    potential_paths = extract_paths(module)
  File "C:\Users\hp\AppData\Roaming\Python\Python313\site-packages\streamlit\watcher\local_sources_watcher.py", line 255, in <lambda>
    if hasattr(m, "__path__")
       ~~~~~~~^^^^^^^^^^^^^^^
  File "C:\Users\hp\AppData\Roaming\Python\Python313\site-packages\transformers\__init__.py", line 862, in _getattr
    return getattr(importlib.import_module(target, __name__), name)
                   ~~~~~~~~~~~~~~~~~~~~~~~^^^^^^^^^^^^^^^^^^
  File "C:\Python313\Lib\importlib\__init__.py", line 88, in import_module
    return _bootstrap._gcd_import(name[level:], package, level)
           ~~~~~~~~~~~~~~~~~~~~~~^^^^^^^^^^^^^^^^^^^^^^^^^^^^^^
  File "<frozen importlib._bootstrap>", line 1387, in _gcd_import
  File "<frozen importlib._bootstrap>", line 1360, in _find_and_load
  File "<frozen importlib._bootstrap>", line 1331, in _find_and_load_unlocked
  File "<frozen importlib._bootstrap>", line 935, in _load_unlocked
  File "<frozen importlib._bootstrap_external>", line 1026, in exec_module
  File "<frozen importlib._bootstrap>", line 488, in _call_with_frames_removed
  File "C:\Users\hp\AppData\Roaming\Python\Python313\site-packages\transformers\models\prompt_depth_anything\image_processing_prompt_depth_anything.py", line 42, in <module>
    from torchvision.transforms.v2 import functional as tvF
ModuleNotFoundError: No module named 'torchvision'
2026-08-03 21:27:40.329 Examining the path of transformers.models.qwen2_vl.image_processing_qwen2_vl_fast raised:
Traceback (most recent call last):
  File "C:\Users\hp\AppData\Roaming\Python\Python313\site-packages\streamlit\watcher\local_sources_watcher.py", line 267, in get_module_paths
    potential_paths = extract_paths(module)
  File "C:\Users\hp\AppData\Roaming\Python\Python313\site-packages\streamlit\watcher\local_sources_watcher.py", line 255, in <lambda>
    if hasattr(m, "__path__")
       ~~~~~~~^^^^^^^^^^^^^^^
  File "C:\Users\hp\AppData\Roaming\Python\Python313\site-packages\transformers\__init__.py", line 862, in _getattr
    return getattr(importlib.import_module(target, __name__), name)
                   ~~~~~~~~~~~~~~~~~~~~~~~^^^^^^^^^^^^^^^^^^
  File "C:\Python313\Lib\importlib\__init__.py", line 88, in import_module
    return _bootstrap._gcd_import(name[level:], package, level)
           ~~~~~~~~~~~~~~~~~~~~~~^^^^^^^^^^^^^^^^^^^^^^^^^^^^^^
  File "<frozen importlib._bootstrap>", line 1387, in _gcd_import
  File "<frozen importlib._bootstrap>", line 1360, in _find_and_load
  File "<frozen importlib._bootstrap>", line 1331, in _find_and_load_unlocked
  File "<frozen importlib._bootstrap>", line 935, in _load_unlocked
  File "<frozen importlib._bootstrap_external>", line 1026, in exec_module
  File "<frozen importlib._bootstrap>", line 488, in _call_with_frames_removed
  File "C:\Users\hp\AppData\Roaming\Python\Python313\site-packages\transformers\models\qwen2_vl\image_processing_qwen2_vl.py", line 25, in <module>
    from torchvision.transforms.v2 import functional as tvF
ModuleNotFoundError: No module named 'torchvision'
2026-08-03 21:27:40.332 Examining the path of transformers.models.rf_detr.image_processing_rf_detr_fast raised:
Traceback (most recent call last):
  File "C:\Users\hp\AppData\Roaming\Python\Python313\site-packages\streamlit\watcher\local_sources_watcher.py", line 267, in get_module_paths
    potential_paths = extract_paths(module)
  File "C:\Users\hp\AppData\Roaming\Python\Python313\site-packages\streamlit\watcher\local_sources_watcher.py", line 255, in <lambda>
    if hasattr(m, "__path__")
       ~~~~~~~^^^^^^^^^^^^^^^
  File "C:\Users\hp\AppData\Roaming\Python\Python313\site-packages\transformers\__init__.py", line 862, in _getattr
    return getattr(importlib.import_module(target, __name__), name)
                   ~~~~~~~~~~~~~~~~~~~~~~~^^^^^^^^^^^^^^^^^^
  File "C:\Python313\Lib\importlib\__init__.py", line 88, in import_module
    return _bootstrap._gcd_import(name[level:], package, level)
           ~~~~~~~~~~~~~~~~~~~~~~^^^^^^^^^^^^^^^^^^^^^^^^^^^^^^
  File "<frozen importlib._bootstrap>", line 1387, in _gcd_import
  File "<frozen importlib._bootstrap>", line 1360, in _find_and_load
  File "<frozen importlib._bootstrap>", line 1331, in _find_and_load_unlocked
  File "<frozen importlib._bootstrap>", line 935, in _load_unlocked
  File "<frozen importlib._bootstrap_external>", line 1026, in exec_module
  File "<frozen importlib._bootstrap>", line 488, in _call_with_frames_removed
  File "C:\Users\hp\AppData\Roaming\Python\Python313\site-packages\transformers\models\rf_detr\image_processing_rf_detr.py", line 26, in <module>
    from torchvision.transforms.v2 import functional as tvF
ModuleNotFoundError: No module named 'torchvision'
2026-08-03 21:27:40.335 Examining the path of transformers.models.rt_detr.image_processing_rt_detr_fast raised:
Traceback (most recent call last):
  File "C:\Users\hp\AppData\Roaming\Python\Python313\site-packages\streamlit\watcher\local_sources_watcher.py", line 267, in get_module_paths
    potential_paths = extract_paths(module)
  File "C:\Users\hp\AppData\Roaming\Python\Python313\site-packages\streamlit\watcher\local_sources_watcher.py", line 255, in <lambda>
    if hasattr(m, "__path__")
       ~~~~~~~^^^^^^^^^^^^^^^
  File "C:\Users\hp\AppData\Roaming\Python\Python313\site-packages\transformers\__init__.py", line 862, in _getattr
    return getattr(importlib.import_module(target, __name__), name)
                   ~~~~~~~~~~~~~~~~~~~~~~~^^^^^^^^^^^^^^^^^^
  File "C:\Python313\Lib\importlib\__init__.py", line 88, in import_module
    return _bootstrap._gcd_import(name[level:], package, level)
           ~~~~~~~~~~~~~~~~~~~~~~^^^^^^^^^^^^^^^^^^^^^^^^^^^^^^
  File "<frozen importlib._bootstrap>", line 1387, in _gcd_import
  File "<frozen importlib._bootstrap>", line 1360, in _find_and_load
  File "<frozen importlib._bootstrap>", line 1331, in _find_and_load_unlocked
  File "<frozen importlib._bootstrap>", line 935, in _load_unlocked
  File "<frozen importlib._bootstrap_external>", line 1026, in exec_module
  File "<frozen importlib._bootstrap>", line 488, in _call_with_frames_removed
  File "C:\Users\hp\AppData\Roaming\Python\Python313\site-packages\transformers\models\rt_detr\image_processing_rt_detr.py", line 24, in <module>
    from torchvision.transforms.v2 import functional as tvF
ModuleNotFoundError: No module named 'torchvision'
2026-08-03 21:27:40.338 Examining the path of transformers.models.sam.image_processing_sam_fast raised:
Traceback (most recent call last):
  File "C:\Users\hp\AppData\Roaming\Python\Python313\site-packages\streamlit\watcher\local_sources_watcher.py", line 267, in get_module_paths
    potential_paths = extract_paths(module)
  File "C:\Users\hp\AppData\Roaming\Python\Python313\site-packages\streamlit\watcher\local_sources_watcher.py", line 255, in <lambda>
    if hasattr(m, "__path__")
       ~~~~~~~^^^^^^^^^^^^^^^
  File "C:\Users\hp\AppData\Roaming\Python\Python313\site-packages\transformers\__init__.py", line 862, in _getattr
    return getattr(importlib.import_module(target, __name__), name)
                   ~~~~~~~~~~~~~~~~~~~~~~~^^^^^^^^^^^^^^^^^^
  File "C:\Python313\Lib\importlib\__init__.py", line 88, in import_module
    return _bootstrap._gcd_import(name[level:], package, level)
           ~~~~~~~~~~~~~~~~~~~~~~^^^^^^^^^^^^^^^^^^^^^^^^^^^^^^
  File "<frozen importlib._bootstrap>", line 1387, in _gcd_import
  File "<frozen importlib._bootstrap>", line 1360, in _find_and_load
  File "<frozen importlib._bootstrap>", line 1331, in _find_and_load_unlocked
  File "<frozen importlib._bootstrap>", line 935, in _load_unlocked
  File "<frozen importlib._bootstrap_external>", line 1026, in exec_module
  File "<frozen importlib._bootstrap>", line 488, in _call_with_frames_removed
  File "C:\Users\hp\AppData\Roaming\Python\Python313\site-packages\transformers\models\sam\image_processing_sam.py", line 25, in <module>
    from torchvision.ops.boxes import batched_nms
ModuleNotFoundError: No module named 'torchvision'
2026-08-03 21:27:40.340 Examining the path of transformers.models.sam2.image_processing_sam2_fast raised:
Traceback (most recent call last):
  File "C:\Users\hp\AppData\Roaming\Python\Python313\site-packages\streamlit\watcher\local_sources_watcher.py", line 267, in get_module_paths
    potential_paths = extract_paths(module)
  File "C:\Users\hp\AppData\Roaming\Python\Python313\site-packages\streamlit\watcher\local_sources_watcher.py", line 255, in <lambda>
    if hasattr(m, "__path__")
       ~~~~~~~^^^^^^^^^^^^^^^
  File "C:\Users\hp\AppData\Roaming\Python\Python313\site-packages\transformers\__init__.py", line 862, in _getattr
    return getattr(importlib.import_module(target, __name__), name)
                   ~~~~~~~~~~~~~~~~~~~~~~~^^^^^^^^^^^^^^^^^^
  File "C:\Python313\Lib\importlib\__init__.py", line 88, in import_module
    return _bootstrap._gcd_import(name[level:], package, level)
           ~~~~~~~~~~~~~~~~~~~~~~^^^^^^^^^^^^^^^^^^^^^^^^^^^^^^
  File "<frozen importlib._bootstrap>", line 1387, in _gcd_import
  File "<frozen importlib._bootstrap>", line 1360, in _find_and_load
  File "<frozen importlib._bootstrap>", line 1331, in _find_and_load_unlocked
  File "<frozen importlib._bootstrap>", line 935, in _load_unlocked
  File "<frozen importlib._bootstrap_external>", line 1026, in exec_module
  File "<frozen importlib._bootstrap>", line 488, in _call_with_frames_removed
  File "C:\Users\hp\AppData\Roaming\Python\Python313\site-packages\transformers\models\sam2\image_processing_sam2.py", line 28, in <module>
    from torchvision.ops.boxes import batched_nms
ModuleNotFoundError: No module named 'torchvision'
2026-08-03 21:27:40.343 Examining the path of transformers.models.sam3.image_processing_sam3_fast raised:
Traceback (most recent call last):
  File "C:\Users\hp\AppData\Roaming\Python\Python313\site-packages\streamlit\watcher\local_sources_watcher.py", line 267, in get_module_paths
    potential_paths = extract_paths(module)
  File "C:\Users\hp\AppData\Roaming\Python\Python313\site-packages\streamlit\watcher\local_sources_watcher.py", line 255, in <lambda>
    if hasattr(m, "__path__")
       ~~~~~~~^^^^^^^^^^^^^^^
  File "C:\Users\hp\AppData\Roaming\Python\Python313\site-packages\transformers\__init__.py", line 862, in _getattr
    return getattr(importlib.import_module(target, __name__), name)
                   ~~~~~~~~~~~~~~~~~~~~~~~^^^^^^^^^^^^^^^^^^
  File "C:\Python313\Lib\importlib\__init__.py", line 88, in import_module
    return _bootstrap._gcd_import(name[level:], package, level)
           ~~~~~~~~~~~~~~~~~~~~~~^^^^^^^^^^^^^^^^^^^^^^^^^^^^^^
  File "<frozen importlib._bootstrap>", line 1387, in _gcd_import
  File "<frozen importlib._bootstrap>", line 1360, in _find_and_load
  File "<frozen importlib._bootstrap>", line 1331, in _find_and_load_unlocked
  File "<frozen importlib._bootstrap>", line 935, in _load_unlocked
  File "<frozen importlib._bootstrap_external>", line 1026, in exec_module
  File "<frozen importlib._bootstrap>", line 488, in _call_with_frames_removed
  File "C:\Users\hp\AppData\Roaming\Python\Python313\site-packages\transformers\models\sam3\image_processing_sam3.py", line 30, in <module>
    from torchvision.ops.boxes import batched_nms
ModuleNotFoundError: No module named 'torchvision'
2026-08-03 21:27:40.346 Examining the path of transformers.models.sapiens2.image_processing_sapiens2_fast raised:
Traceback (most recent call last):
  File "C:\Users\hp\AppData\Roaming\Python\Python313\site-packages\streamlit\watcher\local_sources_watcher.py", line 267, in get_module_paths
    potential_paths = extract_paths(module)
  File "C:\Users\hp\AppData\Roaming\Python\Python313\site-packages\streamlit\watcher\local_sources_watcher.py", line 255, in <lambda>
    if hasattr(m, "__path__")
       ~~~~~~~^^^^^^^^^^^^^^^
  File "C:\Users\hp\AppData\Roaming\Python\Python313\site-packages\transformers\__init__.py", line 862, in _getattr
    return getattr(importlib.import_module(target, __name__), name)
                   ~~~~~~~~~~~~~~~~~~~~~~~^^^^^^^^^^^^^^^^^^
  File "C:\Python313\Lib\importlib\__init__.py", line 88, in import_module
    return _bootstrap._gcd_import(name[level:], package, level)
           ~~~~~~~~~~~~~~~~~~~~~~^^^^^^^^^^^^^^^^^^^^^^^^^^^^^^
  File "<frozen importlib._bootstrap>", line 1387, in _gcd_import
  File "<frozen importlib._bootstrap>", line 1360, in _find_and_load
  File "<frozen importlib._bootstrap>", line 1331, in _find_and_load_unlocked
  File "<frozen importlib._bootstrap>", line 935, in _load_unlocked
  File "<frozen importlib._bootstrap_external>", line 1026, in exec_module
  File "<frozen importlib._bootstrap>", line 488, in _call_with_frames_removed
  File "C:\Users\hp\AppData\Roaming\Python\Python313\site-packages\transformers\models\sapiens2\image_processing_sapiens2.py", line 23, in <module>
    from torchvision.transforms.v2 import functional as tvF
ModuleNotFoundError: No module named 'torchvision'
2026-08-03 21:27:40.349 Examining the path of transformers.models.segformer.image_processing_segformer_fast raised:
Traceback (most recent call last):
  File "C:\Users\hp\AppData\Roaming\Python\Python313\site-packages\streamlit\watcher\local_sources_watcher.py", line 267, in get_module_paths
    potential_paths = extract_paths(module)
  File "C:\Users\hp\AppData\Roaming\Python\Python313\site-packages\streamlit\watcher\local_sources_watcher.py", line 255, in <lambda>
    if hasattr(m, "__path__")
       ~~~~~~~^^^^^^^^^^^^^^^
  File "C:\Users\hp\AppData\Roaming\Python\Python313\site-packages\transformers\__init__.py", line 862, in _getattr
    return getattr(importlib.import_module(target, __name__), name)
                   ~~~~~~~~~~~~~~~~~~~~~~~^^^^^^^^^^^^^^^^^^
  File "C:\Python313\Lib\importlib\__init__.py", line 88, in import_module
    return _bootstrap._gcd_import(name[level:], package, level)
           ~~~~~~~~~~~~~~~~~~~~~~^^^^^^^^^^^^^^^^^^^^^^^^^^^^^^
  File "<frozen importlib._bootstrap>", line 1387, in _gcd_import
  File "<frozen importlib._bootstrap>", line 1360, in _find_and_load
  File "<frozen importlib._bootstrap>", line 1331, in _find_and_load_unlocked
  File "<frozen importlib._bootstrap>", line 935, in _load_unlocked
  File "<frozen importlib._bootstrap_external>", line 1026, in exec_module
  File "<frozen importlib._bootstrap>", line 488, in _call_with_frames_removed
  File "C:\Users\hp\AppData\Roaming\Python\Python313\site-packages\transformers\models\segformer\image_processing_segformer.py", line 25, in <module>
    import torchvision.transforms.v2.functional as tvF
ModuleNotFoundError: No module named 'torchvision'
2026-08-03 21:27:40.352 Examining the path of transformers.models.seggpt.image_processing_seggpt_fast raised:
Traceback (most recent call last):
  File "C:\Users\hp\AppData\Roaming\Python\Python313\site-packages\streamlit\watcher\local_sources_watcher.py", line 267, in get_module_paths
    potential_paths = extract_paths(module)
  File "C:\Users\hp\AppData\Roaming\Python\Python313\site-packages\streamlit\watcher\local_sources_watcher.py", line 255, in <lambda>
    if hasattr(m, "__path__")
       ~~~~~~~^^^^^^^^^^^^^^^
  File "C:\Users\hp\AppData\Roaming\Python\Python313\site-packages\transformers\__init__.py", line 862, in _getattr
    return getattr(importlib.import_module(target, __name__), name)
                   ~~~~~~~~~~~~~~~~~~~~~~~^^^^^^^^^^^^^^^^^^
  File "C:\Python313\Lib\importlib\__init__.py", line 88, in import_module
    return _bootstrap._gcd_import(name[level:], package, level)
           ~~~~~~~~~~~~~~~~~~~~~~^^^^^^^^^^^^^^^^^^^^^^^^^^^^^^
  File "<frozen importlib._bootstrap>", line 1387, in _gcd_import
  File "<frozen importlib._bootstrap>", line 1360, in _find_and_load
  File "<frozen importlib._bootstrap>", line 1331, in _find_and_load_unlocked
  File "<frozen importlib._bootstrap>", line 935, in _load_unlocked
  File "<frozen importlib._bootstrap_external>", line 1026, in exec_module
  File "<frozen importlib._bootstrap>", line 488, in _call_with_frames_removed
  File "C:\Users\hp\AppData\Roaming\Python\Python313\site-packages\transformers\models\seggpt\image_processing_seggpt.py", line 20, in <module>
    from torchvision.transforms.v2 import functional as tvF
ModuleNotFoundError: No module named 'torchvision'
2026-08-03 21:27:40.354 Examining the path of transformers.models.siglip2.image_processing_siglip2_fast raised:
Traceback (most recent call last):
  File "C:\Users\hp\AppData\Roaming\Python\Python313\site-packages\streamlit\watcher\local_sources_watcher.py", line 267, in get_module_paths
    potential_paths = extract_paths(module)
  File "C:\Users\hp\AppData\Roaming\Python\Python313\site-packages\streamlit\watcher\local_sources_watcher.py", line 255, in <lambda>
    if hasattr(m, "__path__")
       ~~~~~~~^^^^^^^^^^^^^^^
  File "C:\Users\hp\AppData\Roaming\Python\Python313\site-packages\transformers\__init__.py", line 862, in _getattr
    return getattr(importlib.import_module(target, __name__), name)
                   ~~~~~~~~~~~~~~~~~~~~~~~^^^^^^^^^^^^^^^^^^
  File "C:\Python313\Lib\importlib\__init__.py", line 88, in import_module
    return _bootstrap._gcd_import(name[level:], package, level)
           ~~~~~~~~~~~~~~~~~~~~~~^^^^^^^^^^^^^^^^^^^^^^^^^^^^^^
  File "<frozen importlib._bootstrap>", line 1387, in _gcd_import
  File "<frozen importlib._bootstrap>", line 1360, in _find_and_load
  File "<frozen importlib._bootstrap>", line 1331, in _find_and_load_unlocked
  File "<frozen importlib._bootstrap>", line 935, in _load_unlocked
  File "<frozen importlib._bootstrap_external>", line 1026, in exec_module
  File "<frozen importlib._bootstrap>", line 488, in _call_with_frames_removed
  File "C:\Users\hp\AppData\Roaming\Python\Python313\site-packages\transformers\models\siglip2\image_processing_siglip2.py", line 17, in <module>
    from torchvision.transforms.v2 import functional as tvF
ModuleNotFoundError: No module named 'torchvision'
2026-08-03 21:27:40.357 Examining the path of transformers.models.slanext.image_processing_slanext_fast raised:
Traceback (most recent call last):
  File "C:\Users\hp\AppData\Roaming\Python\Python313\site-packages\streamlit\watcher\local_sources_watcher.py", line 267, in get_module_paths
    potential_paths = extract_paths(module)
  File "C:\Users\hp\AppData\Roaming\Python\Python313\site-packages\streamlit\watcher\local_sources_watcher.py", line 255, in <lambda>
    if hasattr(m, "__path__")
       ~~~~~~~^^^^^^^^^^^^^^^
  File "C:\Users\hp\AppData\Roaming\Python\Python313\site-packages\transformers\__init__.py", line 862, in _getattr
    return getattr(importlib.import_module(target, __name__), name)
                   ~~~~~~~~~~~~~~~~~~~~~~~^^^^^^^^^^^^^^^^^^
  File "C:\Python313\Lib\importlib\__init__.py", line 88, in import_module
    return _bootstrap._gcd_import(name[level:], package, level)
           ~~~~~~~~~~~~~~~~~~~~~~^^^^^^^^^^^^^^^^^^^^^^^^^^^^^^
  File "<frozen importlib._bootstrap>", line 1387, in _gcd_import
  File "<frozen importlib._bootstrap>", line 1360, in _find_and_load
  File "<frozen importlib._bootstrap>", line 1331, in _find_and_load_unlocked
  File "<frozen importlib._bootstrap>", line 935, in _load_unlocked
  File "<frozen importlib._bootstrap_external>", line 1026, in exec_module
  File "<frozen importlib._bootstrap>", line 488, in _call_with_frames_removed
  File "C:\Users\hp\AppData\Roaming\Python\Python313\site-packages\transformers\models\slanext\image_processing_slanext.py", line 23, in <module>
    import torchvision.transforms.v2.functional as tvF
ModuleNotFoundError: No module named 'torchvision'
2026-08-03 21:27:40.359 Examining the path of transformers.models.smolvlm.image_processing_smolvlm_fast raised:
Traceback (most recent call last):
  File "C:\Users\hp\AppData\Roaming\Python\Python313\site-packages\streamlit\watcher\local_sources_watcher.py", line 267, in get_module_paths
    potential_paths = extract_paths(module)
  File "C:\Users\hp\AppData\Roaming\Python\Python313\site-packages\streamlit\watcher\local_sources_watcher.py", line 255, in <lambda>
    if hasattr(m, "__path__")
       ~~~~~~~^^^^^^^^^^^^^^^
  File "C:\Users\hp\AppData\Roaming\Python\Python313\site-packages\transformers\__init__.py", line 862, in _getattr
    return getattr(importlib.import_module(target, __name__), name)
                   ~~~~~~~~~~~~~~~~~~~~~~~^^^^^^^^^^^^^^^^^^
  File "C:\Python313\Lib\importlib\__init__.py", line 88, in import_module
    return _bootstrap._gcd_import(name[level:], package, level)
           ~~~~~~~~~~~~~~~~~~~~~~^^^^^^^^^^^^^^^^^^^^^^^^^^^^^^
  File "<frozen importlib._bootstrap>", line 1387, in _gcd_import
  File "<frozen importlib._bootstrap>", line 1360, in _find_and_load
  File "<frozen importlib._bootstrap>", line 1331, in _find_and_load_unlocked
  File "<frozen importlib._bootstrap>", line 935, in _load_unlocked
  File "<frozen importlib._bootstrap_external>", line 1026, in exec_module
  File "<frozen importlib._bootstrap>", line 488, in _call_with_frames_removed
  File "C:\Users\hp\AppData\Roaming\Python\Python313\site-packages\transformers\models\smolvlm\image_processing_smolvlm.py", line 27, in <module>
    from torchvision.transforms.v2 import functional as tvF
ModuleNotFoundError: No module named 'torchvision'
2026-08-03 21:27:40.362 Examining the path of transformers.models.superglue.image_processing_superglue_fast raised:
Traceback (most recent call last):
  File "C:\Users\hp\AppData\Roaming\Python\Python313\site-packages\streamlit\watcher\local_sources_watcher.py", line 267, in get_module_paths
    potential_paths = extract_paths(module)
  File "C:\Users\hp\AppData\Roaming\Python\Python313\site-packages\streamlit\watcher\local_sources_watcher.py", line 255, in <lambda>
    if hasattr(m, "__path__")
       ~~~~~~~^^^^^^^^^^^^^^^
  File "C:\Users\hp\AppData\Roaming\Python\Python313\site-packages\transformers\__init__.py", line 862, in _getattr
    return getattr(importlib.import_module(target, __name__), name)
                   ~~~~~~~~~~~~~~~~~~~~~~~^^^^^^^^^^^^^^^^^^
  File "C:\Python313\Lib\importlib\__init__.py", line 88, in import_module
    return _bootstrap._gcd_import(name[level:], package, level)
           ~~~~~~~~~~~~~~~~~~~~~~^^^^^^^^^^^^^^^^^^^^^^^^^^^^^^
  File "<frozen importlib._bootstrap>", line 1387, in _gcd_import
  File "<frozen importlib._bootstrap>", line 1360, in _find_and_load
  File "<frozen importlib._bootstrap>", line 1331, in _find_and_load_unlocked
  File "<frozen importlib._bootstrap>", line 935, in _load_unlocked
  File "<frozen importlib._bootstrap_external>", line 1026, in exec_module
  File "<frozen importlib._bootstrap>", line 488, in _call_with_frames_removed
  File "C:\Users\hp\AppData\Roaming\Python\Python313\site-packages\transformers\models\superglue\image_processing_superglue.py", line 47, in <module>
    from torchvision.transforms.v2 import functional as tvF
ModuleNotFoundError: No module named 'torchvision'
2026-08-03 21:27:40.365 Examining the path of transformers.models.superpoint.image_processing_superpoint_fast raised:
Traceback (most recent call last):
  File "C:\Users\hp\AppData\Roaming\Python\Python313\site-packages\streamlit\watcher\local_sources_watcher.py", line 267, in get_module_paths
    potential_paths = extract_paths(module)
  File "C:\Users\hp\AppData\Roaming\Python\Python313\site-packages\streamlit\watcher\local_sources_watcher.py", line 255, in <lambda>
    if hasattr(m, "__path__")
       ~~~~~~~^^^^^^^^^^^^^^^
  File "C:\Users\hp\AppData\Roaming\Python\Python313\site-packages\transformers\__init__.py", line 862, in _getattr
    return getattr(importlib.import_module(target, __name__), name)
                   ~~~~~~~~~~~~~~~~~~~~~~~^^^^^^^^^^^^^^^^^^
  File "C:\Python313\Lib\importlib\__init__.py", line 88, in import_module
    return _bootstrap._gcd_import(name[level:], package, level)
           ~~~~~~~~~~~~~~~~~~~~~~^^^^^^^^^^^^^^^^^^^^^^^^^^^^^^
  File "<frozen importlib._bootstrap>", line 1387, in _gcd_import
  File "<frozen importlib._bootstrap>", line 1360, in _find_and_load
  File "<frozen importlib._bootstrap>", line 1331, in _find_and_load_unlocked
  File "<frozen importlib._bootstrap>", line 935, in _load_unlocked
  File "<frozen importlib._bootstrap_external>", line 1026, in exec_module
  File "<frozen importlib._bootstrap>", line 488, in _call_with_frames_removed
  File "C:\Users\hp\AppData\Roaming\Python\Python313\site-packages\transformers\models\superpoint\image_processing_superpoint.py", line 31, in <module>
    from torchvision.transforms.v2 import functional as tvF
ModuleNotFoundError: No module named 'torchvision'
2026-08-03 21:27:40.368 Examining the path of transformers.models.swin2sr.image_processing_swin2sr_fast raised:
Traceback (most recent call last):
  File "C:\Users\hp\AppData\Roaming\Python\Python313\site-packages\streamlit\watcher\local_sources_watcher.py", line 267, in get_module_paths
    potential_paths = extract_paths(module)
  File "C:\Users\hp\AppData\Roaming\Python\Python313\site-packages\streamlit\watcher\local_sources_watcher.py", line 255, in <lambda>
    if hasattr(m, "__path__")
       ~~~~~~~^^^^^^^^^^^^^^^
  File "C:\Users\hp\AppData\Roaming\Python\Python313\site-packages\transformers\__init__.py", line 862, in _getattr
    return getattr(importlib.import_module(target, __name__), name)
                   ~~~~~~~~~~~~~~~~~~~~~~~^^^^^^^^^^^^^^^^^^
  File "C:\Python313\Lib\importlib\__init__.py", line 88, in import_module
    return _bootstrap._gcd_import(name[level:], package, level)
           ~~~~~~~~~~~~~~~~~~~~~~^^^^^^^^^^^^^^^^^^^^^^^^^^^^^^
  File "<frozen importlib._bootstrap>", line 1387, in _gcd_import
  File "<frozen importlib._bootstrap>", line 1360, in _find_and_load
  File "<frozen importlib._bootstrap>", line 1331, in _find_and_load_unlocked
  File "<frozen importlib._bootstrap>", line 935, in _load_unlocked
  File "<frozen importlib._bootstrap_external>", line 1026, in exec_module
  File "<frozen importlib._bootstrap>", line 488, in _call_with_frames_removed
  File "C:\Users\hp\AppData\Roaming\Python\Python313\site-packages\transformers\models\swin2sr\image_processing_swin2sr.py", line 17, in <module>
    from torchvision.transforms.v2 import functional as tvF
ModuleNotFoundError: No module named 'torchvision'
2026-08-03 21:27:40.370 Examining the path of transformers.models.textnet.image_processing_textnet_fast raised:
Traceback (most recent call last):
  File "C:\Users\hp\AppData\Roaming\Python\Python313\site-packages\streamlit\watcher\local_sources_watcher.py", line 267, in get_module_paths
    potential_paths = extract_paths(module)
  File "C:\Users\hp\AppData\Roaming\Python\Python313\site-packages\streamlit\watcher\local_sources_watcher.py", line 255, in <lambda>
    if hasattr(m, "__path__")
       ~~~~~~~^^^^^^^^^^^^^^^
  File "C:\Users\hp\AppData\Roaming\Python\Python313\site-packages\transformers\__init__.py", line 862, in _getattr
    return getattr(importlib.import_module(target, __name__), name)
                   ~~~~~~~~~~~~~~~~~~~~~~~^^^^^^^^^^^^^^^^^^
  File "C:\Python313\Lib\importlib\__init__.py", line 88, in import_module
    return _bootstrap._gcd_import(name[level:], package, level)
           ~~~~~~~~~~~~~~~~~~~~~~^^^^^^^^^^^^^^^^^^^^^^^^^^^^^^
  File "<frozen importlib._bootstrap>", line 1387, in _gcd_import
  File "<frozen importlib._bootstrap>", line 1360, in _find_and_load
  File "<frozen importlib._bootstrap>", line 1331, in _find_and_load_unlocked
  File "<frozen importlib._bootstrap>", line 935, in _load_unlocked
  File "<frozen importlib._bootstrap_external>", line 1026, in exec_module
  File "<frozen importlib._bootstrap>", line 488, in _call_with_frames_removed
  File "C:\Users\hp\AppData\Roaming\Python\Python313\site-packages\transformers\models\textnet\image_processing_textnet.py", line 17, in <module>
    from torchvision.transforms.v2 import functional as tvF
ModuleNotFoundError: No module named 'torchvision'
2026-08-03 21:27:40.373 Examining the path of transformers.models.tvp.image_processing_tvp_fast raised:
Traceback (most recent call last):
  File "C:\Users\hp\AppData\Roaming\Python\Python313\site-packages\streamlit\watcher\local_sources_watcher.py", line 267, in get_module_paths
    potential_paths = extract_paths(module)
  File "C:\Users\hp\AppData\Roaming\Python\Python313\site-packages\streamlit\watcher\local_sources_watcher.py", line 255, in <lambda>
    if hasattr(m, "__path__")
       ~~~~~~~^^^^^^^^^^^^^^^
  File "C:\Users\hp\AppData\Roaming\Python\Python313\site-packages\transformers\__init__.py", line 862, in _getattr
    return getattr(importlib.import_module(target, __name__), name)
                   ~~~~~~~~~~~~~~~~~~~~~~~^^^^^^^^^^^^^^^^^^
  File "C:\Python313\Lib\importlib\__init__.py", line 88, in import_module
    return _bootstrap._gcd_import(name[level:], package, level)
           ~~~~~~~~~~~~~~~~~~~~~~^^^^^^^^^^^^^^^^^^^^^^^^^^^^^^
  File "<frozen importlib._bootstrap>", line 1387, in _gcd_import
  File "<frozen importlib._bootstrap>", line 1360, in _find_and_load
  File "<frozen importlib._bootstrap>", line 1331, in _find_and_load_unlocked
  File "<frozen importlib._bootstrap>", line 935, in _load_unlocked
  File "<frozen importlib._bootstrap_external>", line 1026, in exec_module
  File "<frozen importlib._bootstrap>", line 488, in _call_with_frames_removed
  File "C:\Users\hp\AppData\Roaming\Python\Python313\site-packages\transformers\models\tvp\image_processing_tvp.py", line 17, in <module>
    from torchvision.transforms.v2 import functional as tvF
ModuleNotFoundError: No module named 'torchvision'
2026-08-03 21:27:40.375 Examining the path of transformers.models.videomae.image_processing_videomae_fast raised:
Traceback (most recent call last):
  File "C:\Users\hp\AppData\Roaming\Python\Python313\site-packages\streamlit\watcher\local_sources_watcher.py", line 267, in get_module_paths
    potential_paths = extract_paths(module)
  File "C:\Users\hp\AppData\Roaming\Python\Python313\site-packages\streamlit\watcher\local_sources_watcher.py", line 255, in <lambda>
    if hasattr(m, "__path__")
       ~~~~~~~^^^^^^^^^^^^^^^
  File "C:\Users\hp\AppData\Roaming\Python\Python313\site-packages\transformers\__init__.py", line 862, in _getattr
    return getattr(importlib.import_module(target, __name__), name)
                   ~~~~~~~~~~~~~~~~~~~~~~~^^^^^^^^^^^^^^^^^^
  File "C:\Python313\Lib\importlib\__init__.py", line 88, in import_module
    return _bootstrap._gcd_import(name[level:], package, level)
           ~~~~~~~~~~~~~~~~~~~~~~^^^^^^^^^^^^^^^^^^^^^^^^^^^^^^
  File "<frozen importlib._bootstrap>", line 1387, in _gcd_import
  File "<frozen importlib._bootstrap>", line 1360, in _find_and_load
  File "<frozen importlib._bootstrap>", line 1331, in _find_and_load_unlocked
  File "<frozen importlib._bootstrap>", line 935, in _load_unlocked
  File "<frozen importlib._bootstrap_external>", line 1026, in exec_module
  File "<frozen importlib._bootstrap>", line 488, in _call_with_frames_removed
  File "C:\Users\hp\AppData\Roaming\Python\Python313\site-packages\transformers\models\videomae\image_processing_videomae.py", line 17, in <module>
    from torchvision.transforms.v2 import functional as tvF
ModuleNotFoundError: No module named 'torchvision'
2026-08-03 21:27:40.378 Examining the path of transformers.models.vilt.image_processing_vilt_fast raised:
Traceback (most recent call last):
  File "C:\Users\hp\AppData\Roaming\Python\Python313\site-packages\streamlit\watcher\local_sources_watcher.py", line 267, in get_module_paths
    potential_paths = extract_paths(module)
  File "C:\Users\hp\AppData\Roaming\Python\Python313\site-packages\streamlit\watcher\local_sources_watcher.py", line 255, in <lambda>
    if hasattr(m, "__path__")
       ~~~~~~~^^^^^^^^^^^^^^^
  File "C:\Users\hp\AppData\Roaming\Python\Python313\site-packages\transformers\__init__.py", line 862, in _getattr
    return getattr(importlib.import_module(target, __name__), name)
                   ~~~~~~~~~~~~~~~~~~~~~~~^^^^^^^^^^^^^^^^^^
  File "C:\Python313\Lib\importlib\__init__.py", line 88, in import_module
    return _bootstrap._gcd_import(name[level:], package, level)
           ~~~~~~~~~~~~~~~~~~~~~~^^^^^^^^^^^^^^^^^^^^^^^^^^^^^^
  File "<frozen importlib._bootstrap>", line 1387, in _gcd_import
  File "<frozen importlib._bootstrap>", line 1360, in _find_and_load
  File "<frozen importlib._bootstrap>", line 1331, in _find_and_load_unlocked
  File "<frozen importlib._bootstrap>", line 935, in _load_unlocked
  File "<frozen importlib._bootstrap_external>", line 1026, in exec_module
  File "<frozen importlib._bootstrap>", line 488, in _call_with_frames_removed
  File "C:\Users\hp\AppData\Roaming\Python\Python313\site-packages\transformers\models\vilt\image_processing_vilt.py", line 17, in <module>
    from torchvision.transforms.v2 import functional as tvF
ModuleNotFoundError: No module named 'torchvision'
2026-08-03 21:27:40.380 Examining the path of transformers.models.vitmatte.image_processing_vitmatte_fast raised:
Traceback (most recent call last):
  File "C:\Users\hp\AppData\Roaming\Python\Python313\site-packages\streamlit\watcher\local_sources_watcher.py", line 267, in get_module_paths
    potential_paths = extract_paths(module)
  File "C:\Users\hp\AppData\Roaming\Python\Python313\site-packages\streamlit\watcher\local_sources_watcher.py", line 255, in <lambda>
    if hasattr(m, "__path__")
       ~~~~~~~^^^^^^^^^^^^^^^
  File "C:\Users\hp\AppData\Roaming\Python\Python313\site-packages\transformers\__init__.py", line 862, in _getattr
    return getattr(importlib.import_module(target, __name__), name)
                   ~~~~~~~~~~~~~~~~~~~~~~~^^^^^^^^^^^^^^^^^^
  File "C:\Python313\Lib\importlib\__init__.py", line 88, in import_module
    return _bootstrap._gcd_import(name[level:], package, level)
           ~~~~~~~~~~~~~~~~~~~~~~^^^^^^^^^^^^^^^^^^^^^^^^^^^^^^
  File "<frozen importlib._bootstrap>", line 1387, in _gcd_import
  File "<frozen importlib._bootstrap>", line 1360, in _find_and_load
  File "<frozen importlib._bootstrap>", line 1331, in _find_and_load_unlocked
  File "<frozen importlib._bootstrap>", line 935, in _load_unlocked
  File "<frozen importlib._bootstrap_external>", line 1026, in exec_module
  File "<frozen importlib._bootstrap>", line 488, in _call_with_frames_removed
  File "C:\Users\hp\AppData\Roaming\Python\Python313\site-packages\transformers\models\vitmatte\image_processing_vitmatte.py", line 19, in <module>
    from torchvision.transforms.v2 import functional as tvF
ModuleNotFoundError: No module named 'torchvision'
2026-08-03 21:27:40.383 Examining the path of transformers.models.vitpose.image_processing_vitpose_fast raised:
Traceback (most recent call last):
  File "C:\Users\hp\AppData\Roaming\Python\Python313\site-packages\streamlit\watcher\local_sources_watcher.py", line 267, in get_module_paths
    potential_paths = extract_paths(module)
  File "C:\Users\hp\AppData\Roaming\Python\Python313\site-packages\streamlit\watcher\local_sources_watcher.py", line 255, in <lambda>
    if hasattr(m, "__path__")
       ~~~~~~~^^^^^^^^^^^^^^^
  File "C:\Users\hp\AppData\Roaming\Python\Python313\site-packages\transformers\__init__.py", line 862, in _getattr
    return getattr(importlib.import_module(target, __name__), name)
                   ~~~~~~~~~~~~~~~~~~~~~~~^^^^^^^^^^^^^^^^^^
  File "C:\Python313\Lib\importlib\__init__.py", line 88, in import_module
    return _bootstrap._gcd_import(name[level:], package, level)
           ~~~~~~~~~~~~~~~~~~~~~~^^^^^^^^^^^^^^^^^^^^^^^^^^^^^^
  File "<frozen importlib._bootstrap>", line 1387, in _gcd_import
  File "<frozen importlib._bootstrap>", line 1360, in _find_and_load
  File "<frozen importlib._bootstrap>", line 1331, in _find_and_load_unlocked
  File "<frozen importlib._bootstrap>", line 935, in _load_unlocked
  File "<frozen importlib._bootstrap_external>", line 1026, in exec_module
  File "<frozen importlib._bootstrap>", line 488, in _call_with_frames_removed
  File "C:\Users\hp\AppData\Roaming\Python\Python313\site-packages\transformers\models\vitpose\image_processing_vitpose.py", line 22, in <module>
    from torchvision.transforms.v2 import functional as tvF
ModuleNotFoundError: No module named 'torchvision'
2026-08-03 21:27:40.386 Examining the path of transformers.models.yolos.image_processing_yolos_fast raised:
Traceback (most recent call last):
  File "C:\Users\hp\AppData\Roaming\Python\Python313\site-packages\streamlit\watcher\local_sources_watcher.py", line 267, in get_module_paths
    potential_paths = extract_paths(module)
  File "C:\Users\hp\AppData\Roaming\Python\Python313\site-packages\streamlit\watcher\local_sources_watcher.py", line 255, in <lambda>
    if hasattr(m, "__path__")
       ~~~~~~~^^^^^^^^^^^^^^^
  File "C:\Users\hp\AppData\Roaming\Python\Python313\site-packages\transformers\__init__.py", line 862, in _getattr
    return getattr(importlib.import_module(target, __name__), name)
                   ~~~~~~~~~~~~~~~~~~~~~~~^^^^^^^^^^^^^^^^^^
  File "C:\Python313\Lib\importlib\__init__.py", line 88, in import_module
    return _bootstrap._gcd_import(name[level:], package, level)
           ~~~~~~~~~~~~~~~~~~~~~~^^^^^^^^^^^^^^^^^^^^^^^^^^^^^^
  File "<frozen importlib._bootstrap>", line 1387, in _gcd_import
  File "<frozen importlib._bootstrap>", line 1360, in _find_and_load
  File "<frozen importlib._bootstrap>", line 1331, in _find_and_load_unlocked
  File "<frozen importlib._bootstrap>", line 935, in _load_unlocked
  File "<frozen importlib._bootstrap_external>", line 1026, in exec_module
  File "<frozen importlib._bootstrap>", line 488, in _call_with_frames_removed
  File "C:\Users\hp\AppData\Roaming\Python\Python313\site-packages\transformers\models\yolos\image_processing_yolos.py", line 12, in <module>
    from torchvision.io import read_image
ModuleNotFoundError: No module named 'torchvision'
2026-08-03 21:27:40.389 Examining the path of transformers.models.zoedepth.image_processing_zoedepth_fast raised:
Traceback (most recent call last):
  File "C:\Users\hp\AppData\Roaming\Python\Python313\site-packages\streamlit\watcher\local_sources_watcher.py", line 267, in get_module_paths
    potential_paths = extract_paths(module)
  File "C:\Users\hp\AppData\Roaming\Python\Python313\site-packages\streamlit\watcher\local_sources_watcher.py", line 255, in <lambda>
    if hasattr(m, "__path__")
       ~~~~~~~^^^^^^^^^^^^^^^
  File "C:\Users\hp\AppData\Roaming\Python\Python313\site-packages\transformers\__init__.py", line 862, in _getattr
    return getattr(importlib.import_module(target, __name__), name)
                   ~~~~~~~~~~~~~~~~~~~~~~~^^^^^^^^^^^^^^^^^^
  File "C:\Python313\Lib\importlib\__init__.py", line 88, in import_module
    return _bootstrap._gcd_import(name[level:], package, level)
           ~~~~~~~~~~~~~~~~~~~~~~^^^^^^^^^^^^^^^^^^^^^^^^^^^^^^
  File "<frozen importlib._bootstrap>", line 1387, in _gcd_import
  File "<frozen importlib._bootstrap>", line 1360, in _find_and_load
  File "<frozen importlib._bootstrap>", line 1331, in _find_and_load_unlocked
  File "<frozen importlib._bootstrap>", line 935, in _load_unlocked
  File "<frozen importlib._bootstrap_external>", line 1026, in exec_module
  File "<frozen importlib._bootstrap>", line 488, in _call_with_frames_removed
  File "C:\Users\hp\AppData\Roaming\Python\Python313\site-packages\transformers\models\zoedepth\image_processing_zoedepth.py", line 43, in <module>
    from torchvision.transforms.v2 import functional as tvF
ModuleNotFoundError: No module named 'torchvision'
2026-08-03 21:32:36.436 Examining the path of transformers.models.aria.image_processing_aria_fast raised:
Traceback (most recent call last):
  File "C:\Users\hp\AppData\Roaming\Python\Python313\site-packages\streamlit\watcher\local_sources_watcher.py", line 267, in get_module_paths
    potential_paths = extract_paths(module)
  File "C:\Users\hp\AppData\Roaming\Python\Python313\site-packages\streamlit\watcher\local_sources_watcher.py", line 255, in <lambda>
    if hasattr(m, "__path__")
       ~~~~~~~^^^^^^^^^^^^^^^
  File "C:\Users\hp\AppData\Roaming\Python\Python313\site-packages\transformers\__init__.py", line 862, in _getattr
    return getattr(importlib.import_module(target, __name__), name)
                   ~~~~~~~~~~~~~~~~~~~~~~~^^^^^^^^^^^^^^^^^^
  File "C:\Python313\Lib\importlib\__init__.py", line 88, in import_module
    return _bootstrap._gcd_import(name[level:], package, level)
           ~~~~~~~~~~~~~~~~~~~~~~^^^^^^^^^^^^^^^^^^^^^^^^^^^^^^
  File "<frozen importlib._bootstrap>", line 1387, in _gcd_import
  File "<frozen importlib._bootstrap>", line 1360, in _find_and_load
  File "<frozen importlib._bootstrap>", line 1331, in _find_and_load_unlocked
  File "<frozen importlib._bootstrap>", line 935, in _load_unlocked
  File "<frozen importlib._bootstrap_external>", line 1026, in exec_module
  File "<frozen importlib._bootstrap>", line 488, in _call_with_frames_removed
  File "C:\Users\hp\AppData\Roaming\Python\Python313\site-packages\transformers\models\aria\image_processing_aria.py", line 23, in <module>
    from torchvision.transforms.v2 import functional as tvF
ModuleNotFoundError: No module named 'torchvision'
2026-08-03 21:32:36.447 Examining the path of transformers.models.beit.image_processing_beit_fast raised:
Traceback (most recent call last):
  File "C:\Users\hp\AppData\Roaming\Python\Python313\site-packages\streamlit\watcher\local_sources_watcher.py", line 267, in get_module_paths
    potential_paths = extract_paths(module)
  File "C:\Users\hp\AppData\Roaming\Python\Python313\site-packages\streamlit\watcher\local_sources_watcher.py", line 255, in <lambda>
    if hasattr(m, "__path__")
       ~~~~~~~^^^^^^^^^^^^^^^
  File "C:\Users\hp\AppData\Roaming\Python\Python313\site-packages\transformers\__init__.py", line 862, in _getattr
    return getattr(importlib.import_module(target, __name__), name)
                   ~~~~~~~~~~~~~~~~~~~~~~~^^^^^^^^^^^^^^^^^^
  File "C:\Python313\Lib\importlib\__init__.py", line 88, in import_module
    return _bootstrap._gcd_import(name[level:], package, level)
           ~~~~~~~~~~~~~~~~~~~~~~^^^^^^^^^^^^^^^^^^^^^^^^^^^^^^
  File "<frozen importlib._bootstrap>", line 1387, in _gcd_import
  File "<frozen importlib._bootstrap>", line 1360, in _find_and_load
  File "<frozen importlib._bootstrap>", line 1331, in _find_and_load_unlocked
  File "<frozen importlib._bootstrap>", line 935, in _load_unlocked
  File "<frozen importlib._bootstrap_external>", line 1026, in exec_module
  File "<frozen importlib._bootstrap>", line 488, in _call_with_frames_removed
  File "C:\Users\hp\AppData\Roaming\Python\Python313\site-packages\transformers\models\beit\image_processing_beit.py", line 20, in <module>
    from torchvision.transforms.v2 import functional as tvF
ModuleNotFoundError: No module named 'torchvision'
2026-08-03 21:32:36.451 Examining the path of transformers.models.bridgetower.image_processing_bridgetower_fast raised:
Traceback (most recent call last):
  File "C:\Users\hp\AppData\Roaming\Python\Python313\site-packages\streamlit\watcher\local_sources_watcher.py", line 267, in get_module_paths
    potential_paths = extract_paths(module)
  File "C:\Users\hp\AppData\Roaming\Python\Python313\site-packages\streamlit\watcher\local_sources_watcher.py", line 255, in <lambda>
    if hasattr(m, "__path__")
       ~~~~~~~^^^^^^^^^^^^^^^
  File "C:\Users\hp\AppData\Roaming\Python\Python313\site-packages\transformers\__init__.py", line 862, in _getattr
    return getattr(importlib.import_module(target, __name__), name)
                   ~~~~~~~~~~~~~~~~~~~~~~~^^^^^^^^^^^^^^^^^^
  File "C:\Python313\Lib\importlib\__init__.py", line 88, in import_module
    return _bootstrap._gcd_import(name[level:], package, level)
           ~~~~~~~~~~~~~~~~~~~~~~^^^^^^^^^^^^^^^^^^^^^^^^^^^^^^
  File "<frozen importlib._bootstrap>", line 1387, in _gcd_import
  File "<frozen importlib._bootstrap>", line 1360, in _find_and_load
  File "<frozen importlib._bootstrap>", line 1331, in _find_and_load_unlocked
  File "<frozen importlib._bootstrap>", line 935, in _load_unlocked
  File "<frozen importlib._bootstrap_external>", line 1026, in exec_module
  File "<frozen importlib._bootstrap>", line 488, in _call_with_frames_removed
  File "C:\Users\hp\AppData\Roaming\Python\Python313\site-packages\transformers\models\bridgetower\image_processing_bridgetower.py", line 20, in <module>
    from torchvision.transforms.v2 import functional as tvF
ModuleNotFoundError: No module named 'torchvision'
2026-08-03 21:32:36.455 Examining the path of transformers.models.chmv2.image_processing_chmv2_fast raised:
Traceback (most recent call last):
  File "C:\Users\hp\AppData\Roaming\Python\Python313\site-packages\streamlit\watcher\local_sources_watcher.py", line 267, in get_module_paths
    potential_paths = extract_paths(module)
  File "C:\Users\hp\AppData\Roaming\Python\Python313\site-packages\streamlit\watcher\local_sources_watcher.py", line 255, in <lambda>
    if hasattr(m, "__path__")
       ~~~~~~~^^^^^^^^^^^^^^^
  File "C:\Users\hp\AppData\Roaming\Python\Python313\site-packages\transformers\__init__.py", line 862, in _getattr
    return getattr(importlib.import_module(target, __name__), name)
                   ~~~~~~~~~~~~~~~~~~~~~~~^^^^^^^^^^^^^^^^^^
  File "C:\Python313\Lib\importlib\__init__.py", line 88, in import_module
    return _bootstrap._gcd_import(name[level:], package, level)
           ~~~~~~~~~~~~~~~~~~~~~~^^^^^^^^^^^^^^^^^^^^^^^^^^^^^^
  File "<frozen importlib._bootstrap>", line 1387, in _gcd_import
  File "<frozen importlib._bootstrap>", line 1360, in _find_and_load
  File "<frozen importlib._bootstrap>", line 1331, in _find_and_load_unlocked
  File "<frozen importlib._bootstrap>", line 935, in _load_unlocked
  File "<frozen importlib._bootstrap_external>", line 1026, in exec_module
  File "<frozen importlib._bootstrap>", line 488, in _call_with_frames_removed
  File "C:\Users\hp\AppData\Roaming\Python\Python313\site-packages\transformers\models\chmv2\image_processing_chmv2.py", line 27, in <module>
    from torchvision.transforms.v2 import functional as tvF
ModuleNotFoundError: No module named 'torchvision'
2026-08-03 21:32:36.461 Examining the path of transformers.models.cohere2_vision.image_processing_cohere2_vision_fast raised:
Traceback (most recent call last):
  File "C:\Users\hp\AppData\Roaming\Python\Python313\site-packages\streamlit\watcher\local_sources_watcher.py", line 267, in get_module_paths
    potential_paths = extract_paths(module)
  File "C:\Users\hp\AppData\Roaming\Python\Python313\site-packages\streamlit\watcher\local_sources_watcher.py", line 255, in <lambda>
    if hasattr(m, "__path__")
       ~~~~~~~^^^^^^^^^^^^^^^
  File "C:\Users\hp\AppData\Roaming\Python\Python313\site-packages\transformers\__init__.py", line 862, in _getattr
    return getattr(importlib.import_module(target, __name__), name)
                   ~~~~~~~~~~~~~~~~~~~~~~~^^^^^^^^^^^^^^^^^^
  File "C:\Python313\Lib\importlib\__init__.py", line 88, in import_module
    return _bootstrap._gcd_import(name[level:], package, level)
           ~~~~~~~~~~~~~~~~~~~~~~^^^^^^^^^^^^^^^^^^^^^^^^^^^^^^
  File "<frozen importlib._bootstrap>", line 1387, in _gcd_import
  File "<frozen importlib._bootstrap>", line 1360, in _find_and_load
  File "<frozen importlib._bootstrap>", line 1331, in _find_and_load_unlocked
  File "<frozen importlib._bootstrap>", line 935, in _load_unlocked
  File "<frozen importlib._bootstrap_external>", line 1026, in exec_module
  File "<frozen importlib._bootstrap>", line 488, in _call_with_frames_removed
  File "C:\Users\hp\AppData\Roaming\Python\Python313\site-packages\transformers\models\cohere2_vision\image_processing_cohere2_vision.py", line 25, in <module>
    from torchvision.transforms.v2 import functional as tvF
ModuleNotFoundError: No module named 'torchvision'
2026-08-03 21:32:36.466 Examining the path of transformers.models.conditional_detr.image_processing_conditional_detr_fast raised:
Traceback (most recent call last):
  File "C:\Users\hp\AppData\Roaming\Python\Python313\site-packages\streamlit\watcher\local_sources_watcher.py", line 267, in get_module_paths
    potential_paths = extract_paths(module)
  File "C:\Users\hp\AppData\Roaming\Python\Python313\site-packages\streamlit\watcher\local_sources_watcher.py", line 255, in <lambda>
    if hasattr(m, "__path__")
       ~~~~~~~^^^^^^^^^^^^^^^
  File "C:\Users\hp\AppData\Roaming\Python\Python313\site-packages\transformers\__init__.py", line 862, in _getattr
    return getattr(importlib.import_module(target, __name__), name)
                   ~~~~~~~~~~~~~~~~~~~~~~~^^^^^^^^^^^^^^^^^^
  File "C:\Python313\Lib\importlib\__init__.py", line 88, in import_module
    return _bootstrap._gcd_import(name[level:], package, level)
           ~~~~~~~~~~~~~~~~~~~~~~^^^^^^^^^^^^^^^^^^^^^^^^^^^^^^
  File "<frozen importlib._bootstrap>", line 1387, in _gcd_import
  File "<frozen importlib._bootstrap>", line 1360, in _find_and_load
  File "<frozen importlib._bootstrap>", line 1331, in _find_and_load_unlocked
  File "<frozen importlib._bootstrap>", line 935, in _load_unlocked
  File "<frozen importlib._bootstrap_external>", line 1026, in exec_module
  File "<frozen importlib._bootstrap>", line 488, in _call_with_frames_removed
  File "C:\Users\hp\AppData\Roaming\Python\Python313\site-packages\transformers\models\conditional_detr\image_processing_conditional_detr.py", line 27, in <module>
    from torchvision.io import read_image
ModuleNotFoundError: No module named 'torchvision'
2026-08-03 21:32:36.469 Examining the path of transformers.models.convnext.image_processing_convnext_fast raised:
Traceback (most recent call last):
  File "C:\Users\hp\AppData\Roaming\Python\Python313\site-packages\streamlit\watcher\local_sources_watcher.py", line 267, in get_module_paths
    potential_paths = extract_paths(module)
  File "C:\Users\hp\AppData\Roaming\Python\Python313\site-packages\streamlit\watcher\local_sources_watcher.py", line 255, in <lambda>
    if hasattr(m, "__path__")
       ~~~~~~~^^^^^^^^^^^^^^^
  File "C:\Users\hp\AppData\Roaming\Python\Python313\site-packages\transformers\__init__.py", line 862, in _getattr
    return getattr(importlib.import_module(target, __name__), name)
                   ~~~~~~~~~~~~~~~~~~~~~~~^^^^^^^^^^^^^^^^^^
  File "C:\Python313\Lib\importlib\__init__.py", line 88, in import_module
    return _bootstrap._gcd_import(name[level:], package, level)
           ~~~~~~~~~~~~~~~~~~~~~~^^^^^^^^^^^^^^^^^^^^^^^^^^^^^^
  File "<frozen importlib._bootstrap>", line 1387, in _gcd_import
  File "<frozen importlib._bootstrap>", line 1360, in _find_and_load
  File "<frozen importlib._bootstrap>", line 1331, in _find_and_load_unlocked
  File "<frozen importlib._bootstrap>", line 935, in _load_unlocked
  File "<frozen importlib._bootstrap_external>", line 1026, in exec_module
  File "<frozen importlib._bootstrap>", line 488, in _call_with_frames_removed
  File "C:\Users\hp\AppData\Roaming\Python\Python313\site-packages\transformers\models\convnext\image_processing_convnext.py", line 17, in <module>
    from torchvision.transforms.v2 import functional as tvF
ModuleNotFoundError: No module named 'torchvision'
2026-08-03 21:32:36.473 Examining the path of transformers.models.deepseek_ocr2.image_processing_deepseek_ocr2_fast raised:
Traceback (most recent call last):
  File "C:\Users\hp\AppData\Roaming\Python\Python313\site-packages\streamlit\watcher\local_sources_watcher.py", line 267, in get_module_paths
    potential_paths = extract_paths(module)
  File "C:\Users\hp\AppData\Roaming\Python\Python313\site-packages\streamlit\watcher\local_sources_watcher.py", line 255, in <lambda>
    if hasattr(m, "__path__")
       ~~~~~~~^^^^^^^^^^^^^^^
  File "C:\Users\hp\AppData\Roaming\Python\Python313\site-packages\transformers\__init__.py", line 862, in _getattr
    return getattr(importlib.import_module(target, __name__), name)
                   ~~~~~~~~~~~~~~~~~~~~~~~^^^^^^^^^^^^^^^^^^
  File "C:\Python313\Lib\importlib\__init__.py", line 88, in import_module
    return _bootstrap._gcd_import(name[level:], package, level)
           ~~~~~~~~~~~~~~~~~~~~~~^^^^^^^^^^^^^^^^^^^^^^^^^^^^^^
  File "<frozen importlib._bootstrap>", line 1387, in _gcd_import
  File "<frozen importlib._bootstrap>", line 1360, in _find_and_load
  File "<frozen importlib._bootstrap>", line 1331, in _find_and_load_unlocked
  File "<frozen importlib._bootstrap>", line 935, in _load_unlocked
  File "<frozen importlib._bootstrap_external>", line 1026, in exec_module
  File "<frozen importlib._bootstrap>", line 488, in _call_with_frames_removed
  File "C:\Users\hp\AppData\Roaming\Python\Python313\site-packages\transformers\models\deepseek_ocr2\image_processing_deepseek_ocr2.py", line 24, in <module>
    from torchvision.transforms.v2 import functional as tvF
ModuleNotFoundError: No module named 'torchvision'
2026-08-03 21:32:36.476 Examining the path of transformers.models.deepseek_vl.image_processing_deepseek_vl_fast raised:
Traceback (most recent call last):
  File "C:\Users\hp\AppData\Roaming\Python\Python313\site-packages\streamlit\watcher\local_sources_watcher.py", line 267, in get_module_paths
    potential_paths = extract_paths(module)
  File "C:\Users\hp\AppData\Roaming\Python\Python313\site-packages\streamlit\watcher\local_sources_watcher.py", line 255, in <lambda>
    if hasattr(m, "__path__")
       ~~~~~~~^^^^^^^^^^^^^^^
  File "C:\Users\hp\AppData\Roaming\Python\Python313\site-packages\transformers\__init__.py", line 862, in _getattr
    return getattr(importlib.import_module(target, __name__), name)
                   ~~~~~~~~~~~~~~~~~~~~~~~^^^^^^^^^^^^^^^^^^
  File "C:\Python313\Lib\importlib\__init__.py", line 88, in import_module
    return _bootstrap._gcd_import(name[level:], package, level)
           ~~~~~~~~~~~~~~~~~~~~~~^^^^^^^^^^^^^^^^^^^^^^^^^^^^^^
  File "<frozen importlib._bootstrap>", line 1387, in _gcd_import
  File "<frozen importlib._bootstrap>", line 1360, in _find_and_load
  File "<frozen importlib._bootstrap>", line 1331, in _find_and_load_unlocked
  File "<frozen importlib._bootstrap>", line 935, in _load_unlocked
  File "<frozen importlib._bootstrap_external>", line 1026, in exec_module
  File "<frozen importlib._bootstrap>", line 488, in _call_with_frames_removed
  File "C:\Users\hp\AppData\Roaming\Python\Python313\site-packages\transformers\models\deepseek_vl\image_processing_deepseek_vl.py", line 23, in <module>
    import torchvision.transforms.v2.functional as tvF
ModuleNotFoundError: No module named 'torchvision'
2026-08-03 21:32:36.480 Examining the path of transformers.models.deepseek_vl_hybrid.image_processing_deepseek_vl_hybrid_fast raised:
Traceback (most recent call last):
  File "C:\Users\hp\AppData\Roaming\Python\Python313\site-packages\streamlit\watcher\local_sources_watcher.py", line 267, in get_module_paths
    potential_paths = extract_paths(module)
  File "C:\Users\hp\AppData\Roaming\Python\Python313\site-packages\streamlit\watcher\local_sources_watcher.py", line 255, in <lambda>
    if hasattr(m, "__path__")
       ~~~~~~~^^^^^^^^^^^^^^^
  File "C:\Users\hp\AppData\Roaming\Python\Python313\site-packages\transformers\__init__.py", line 862, in _getattr
    return getattr(importlib.import_module(target, __name__), name)
                   ~~~~~~~~~~~~~~~~~~~~~~~^^^^^^^^^^^^^^^^^^
  File "C:\Python313\Lib\importlib\__init__.py", line 88, in import_module
    return _bootstrap._gcd_import(name[level:], package, level)
           ~~~~~~~~~~~~~~~~~~~~~~^^^^^^^^^^^^^^^^^^^^^^^^^^^^^^
  File "<frozen importlib._bootstrap>", line 1387, in _gcd_import
  File "<frozen importlib._bootstrap>", line 1360, in _find_and_load
  File "<frozen importlib._bootstrap>", line 1331, in _find_and_load_unlocked
  File "<frozen importlib._bootstrap>", line 935, in _load_unlocked
  File "<frozen importlib._bootstrap_external>", line 1026, in exec_module
  File "<frozen importlib._bootstrap>", line 488, in _call_with_frames_removed
  File "C:\Users\hp\AppData\Roaming\Python\Python313\site-packages\transformers\models\deepseek_vl_hybrid\image_processing_deepseek_vl_hybrid.py", line 25, in <module>
    import torchvision.transforms.v2.functional as tvF
ModuleNotFoundError: No module named 'torchvision'
2026-08-03 21:32:36.484 Examining the path of transformers.models.deformable_detr.image_processing_deformable_detr_fast raised:
Traceback (most recent call last):
  File "C:\Users\hp\AppData\Roaming\Python\Python313\site-packages\streamlit\watcher\local_sources_watcher.py", line 267, in get_module_paths
    potential_paths = extract_paths(module)
  File "C:\Users\hp\AppData\Roaming\Python\Python313\site-packages\streamlit\watcher\local_sources_watcher.py", line 255, in <lambda>
    if hasattr(m, "__path__")
       ~~~~~~~^^^^^^^^^^^^^^^
  File "C:\Users\hp\AppData\Roaming\Python\Python313\site-packages\transformers\__init__.py", line 862, in _getattr
    return getattr(importlib.import_module(target, __name__), name)
                   ~~~~~~~~~~~~~~~~~~~~~~~^^^^^^^^^^^^^^^^^^
  File "C:\Python313\Lib\importlib\__init__.py", line 88, in import_module
    return _bootstrap._gcd_import(name[level:], package, level)
           ~~~~~~~~~~~~~~~~~~~~~~^^^^^^^^^^^^^^^^^^^^^^^^^^^^^^
  File "<frozen importlib._bootstrap>", line 1387, in _gcd_import
  File "<frozen importlib._bootstrap>", line 1360, in _find_and_load
  File "<frozen importlib._bootstrap>", line 1331, in _find_and_load_unlocked
  File "<frozen importlib._bootstrap>", line 935, in _load_unlocked
  File "<frozen importlib._bootstrap_external>", line 1026, in exec_module
  File "<frozen importlib._bootstrap>", line 488, in _call_with_frames_removed
  File "C:\Users\hp\AppData\Roaming\Python\Python313\site-packages\transformers\models\deformable_detr\image_processing_deformable_detr.py", line 25, in <module>
    from torchvision.io import read_image
ModuleNotFoundError: No module named 'torchvision'
2026-08-03 21:32:36.486 Examining the path of transformers.models.depth_pro.image_processing_depth_pro_fast raised:
Traceback (most recent call last):
  File "C:\Users\hp\AppData\Roaming\Python\Python313\site-packages\streamlit\watcher\local_sources_watcher.py", line 267, in get_module_paths
    potential_paths = extract_paths(module)
  File "C:\Users\hp\AppData\Roaming\Python\Python313\site-packages\streamlit\watcher\local_sources_watcher.py", line 255, in <lambda>
    if hasattr(m, "__path__")
       ~~~~~~~^^^^^^^^^^^^^^^
  File "C:\Users\hp\AppData\Roaming\Python\Python313\site-packages\transformers\__init__.py", line 862, in _getattr
    return getattr(importlib.import_module(target, __name__), name)
                   ~~~~~~~~~~~~~~~~~~~~~~~^^^^^^^^^^^^^^^^^^
  File "C:\Python313\Lib\importlib\__init__.py", line 88, in import_module
    return _bootstrap._gcd_import(name[level:], package, level)
           ~~~~~~~~~~~~~~~~~~~~~~^^^^^^^^^^^^^^^^^^^^^^^^^^^^^^
  File "<frozen importlib._bootstrap>", line 1387, in _gcd_import
  File "<frozen importlib._bootstrap>", line 1360, in _find_and_load
  File "<frozen importlib._bootstrap>", line 1331, in _find_and_load_unlocked
  File "<frozen importlib._bootstrap>", line 935, in _load_unlocked
  File "<frozen importlib._bootstrap_external>", line 1026, in exec_module
  File "<frozen importlib._bootstrap>", line 488, in _call_with_frames_removed
  File "C:\Users\hp\AppData\Roaming\Python\Python313\site-packages\transformers\models\depth_pro\image_processing_depth_pro.py", line 19, in <module>
    from torchvision.transforms.v2 import functional as tvF
ModuleNotFoundError: No module named 'torchvision'
2026-08-03 21:32:36.489 Examining the path of transformers.models.detr.image_processing_detr_fast raised:
Traceback (most recent call last):
  File "C:\Users\hp\AppData\Roaming\Python\Python313\site-packages\streamlit\watcher\local_sources_watcher.py", line 267, in get_module_paths
    potential_paths = extract_paths(module)
  File "C:\Users\hp\AppData\Roaming\Python\Python313\site-packages\streamlit\watcher\local_sources_watcher.py", line 255, in <lambda>
    if hasattr(m, "__path__")
       ~~~~~~~^^^^^^^^^^^^^^^
  File "C:\Users\hp\AppData\Roaming\Python\Python313\site-packages\transformers\__init__.py", line 862, in _getattr
    return getattr(importlib.import_module(target, __name__), name)
                   ~~~~~~~~~~~~~~~~~~~~~~~^^^^^^^^^^^^^^^^^^
  File "C:\Python313\Lib\importlib\__init__.py", line 88, in import_module
    return _bootstrap._gcd_import(name[level:], package, level)
           ~~~~~~~~~~~~~~~~~~~~~~^^^^^^^^^^^^^^^^^^^^^^^^^^^^^^
  File "<frozen importlib._bootstrap>", line 1387, in _gcd_import
  File "<frozen importlib._bootstrap>", line 1360, in _find_and_load
  File "<frozen importlib._bootstrap>", line 1331, in _find_and_load_unlocked
  File "<frozen importlib._bootstrap>", line 935, in _load_unlocked
  File "<frozen importlib._bootstrap_external>", line 1026, in exec_module
  File "<frozen importlib._bootstrap>", line 488, in _call_with_frames_removed
  File "C:\Users\hp\AppData\Roaming\Python\Python313\site-packages\transformers\models\detr\image_processing_detr.py", line 22, in <module>
    from torchvision.io import read_image
ModuleNotFoundError: No module named 'torchvision'
2026-08-03 21:32:36.492 Examining the path of transformers.models.dinov3_vit.image_processing_dinov3_vit_fast raised:
Traceback (most recent call last):
  File "C:\Users\hp\AppData\Roaming\Python\Python313\site-packages\streamlit\watcher\local_sources_watcher.py", line 267, in get_module_paths
    potential_paths = extract_paths(module)
  File "C:\Users\hp\AppData\Roaming\Python\Python313\site-packages\streamlit\watcher\local_sources_watcher.py", line 255, in <lambda>
    if hasattr(m, "__path__")
       ~~~~~~~^^^^^^^^^^^^^^^
  File "C:\Users\hp\AppData\Roaming\Python\Python313\site-packages\transformers\__init__.py", line 862, in _getattr
    return getattr(importlib.import_module(target, __name__), name)
                   ~~~~~~~~~~~~~~~~~~~~~~~^^^^^^^^^^^^^^^^^^
  File "C:\Python313\Lib\importlib\__init__.py", line 88, in import_module
    return _bootstrap._gcd_import(name[level:], package, level)
           ~~~~~~~~~~~~~~~~~~~~~~^^^^^^^^^^^^^^^^^^^^^^^^^^^^^^
  File "<frozen importlib._bootstrap>", line 1387, in _gcd_import
  File "<frozen importlib._bootstrap>", line 1360, in _find_and_load
  File "<frozen importlib._bootstrap>", line 1331, in _find_and_load_unlocked
  File "<frozen importlib._bootstrap>", line 935, in _load_unlocked
  File "<frozen importlib._bootstrap_external>", line 1026, in exec_module
  File "<frozen importlib._bootstrap>", line 488, in _call_with_frames_removed
  File "C:\Users\hp\AppData\Roaming\Python\Python313\site-packages\transformers\models\dinov3_vit\image_processing_dinov3_vit.py", line 17, in <module>
    from torchvision.transforms.v2 import functional as tvF
ModuleNotFoundError: No module named 'torchvision'
2026-08-03 21:32:36.495 Examining the path of transformers.models.donut.image_processing_donut_fast raised:
Traceback (most recent call last):
  File "C:\Users\hp\AppData\Roaming\Python\Python313\site-packages\streamlit\watcher\local_sources_watcher.py", line 267, in get_module_paths
    potential_paths = extract_paths(module)
  File "C:\Users\hp\AppData\Roaming\Python\Python313\site-packages\streamlit\watcher\local_sources_watcher.py", line 255, in <lambda>
    if hasattr(m, "__path__")
       ~~~~~~~^^^^^^^^^^^^^^^
  File "C:\Users\hp\AppData\Roaming\Python\Python313\site-packages\transformers\__init__.py", line 862, in _getattr
    return getattr(importlib.import_module(target, __name__), name)
                   ~~~~~~~~~~~~~~~~~~~~~~~^^^^^^^^^^^^^^^^^^
  File "C:\Python313\Lib\importlib\__init__.py", line 88, in import_module
    return _bootstrap._gcd_import(name[level:], package, level)
           ~~~~~~~~~~~~~~~~~~~~~~^^^^^^^^^^^^^^^^^^^^^^^^^^^^^^
  File "<frozen importlib._bootstrap>", line 1387, in _gcd_import
  File "<frozen importlib._bootstrap>", line 1360, in _find_and_load
  File "<frozen importlib._bootstrap>", line 1331, in _find_and_load_unlocked
  File "<frozen importlib._bootstrap>", line 935, in _load_unlocked
  File "<frozen importlib._bootstrap_external>", line 1026, in exec_module
  File "<frozen importlib._bootstrap>", line 488, in _call_with_frames_removed
  File "C:\Users\hp\AppData\Roaming\Python\Python313\site-packages\transformers\models\donut\image_processing_donut.py", line 17, in <module>
    from torchvision.transforms.v2 import functional as tvF
ModuleNotFoundError: No module named 'torchvision'
2026-08-03 21:32:36.499 Examining the path of transformers.models.dpt.image_processing_dpt_fast raised:
Traceback (most recent call last):
  File "C:\Users\hp\AppData\Roaming\Python\Python313\site-packages\streamlit\watcher\local_sources_watcher.py", line 267, in get_module_paths
    potential_paths = extract_paths(module)
  File "C:\Users\hp\AppData\Roaming\Python\Python313\site-packages\streamlit\watcher\local_sources_watcher.py", line 255, in <lambda>
    if hasattr(m, "__path__")
       ~~~~~~~^^^^^^^^^^^^^^^
  File "C:\Users\hp\AppData\Roaming\Python\Python313\site-packages\transformers\__init__.py", line 862, in _getattr
    return getattr(importlib.import_module(target, __name__), name)
                   ~~~~~~~~~~~~~~~~~~~~~~~^^^^^^^^^^^^^^^^^^
  File "C:\Python313\Lib\importlib\__init__.py", line 88, in import_module
    return _bootstrap._gcd_import(name[level:], package, level)
           ~~~~~~~~~~~~~~~~~~~~~~^^^^^^^^^^^^^^^^^^^^^^^^^^^^^^
  File "<frozen importlib._bootstrap>", line 1387, in _gcd_import
  File "<frozen importlib._bootstrap>", line 1360, in _find_and_load
  File "<frozen importlib._bootstrap>", line 1331, in _find_and_load_unlocked
  File "<frozen importlib._bootstrap>", line 935, in _load_unlocked
  File "<frozen importlib._bootstrap_external>", line 1026, in exec_module
  File "<frozen importlib._bootstrap>", line 488, in _call_with_frames_removed
  File "C:\Users\hp\AppData\Roaming\Python\Python313\site-packages\transformers\models\dpt\image_processing_dpt.py", line 28, in <module>
    from torchvision.transforms.v2 import functional as tvF
ModuleNotFoundError: No module named 'torchvision'
2026-08-03 21:32:36.503 Examining the path of transformers.models.efficientloftr.image_processing_efficientloftr_fast raised:
Traceback (most recent call last):
  File "C:\Users\hp\AppData\Roaming\Python\Python313\site-packages\streamlit\watcher\local_sources_watcher.py", line 267, in get_module_paths
    potential_paths = extract_paths(module)
  File "C:\Users\hp\AppData\Roaming\Python\Python313\site-packages\streamlit\watcher\local_sources_watcher.py", line 255, in <lambda>
    if hasattr(m, "__path__")
       ~~~~~~~^^^^^^^^^^^^^^^
  File "C:\Users\hp\AppData\Roaming\Python\Python313\site-packages\transformers\__init__.py", line 862, in _getattr
    return getattr(importlib.import_module(target, __name__), name)
                   ~~~~~~~~~~~~~~~~~~~~~~~^^^^^^^^^^^^^^^^^^
  File "C:\Python313\Lib\importlib\__init__.py", line 88, in import_module
    return _bootstrap._gcd_import(name[level:], package, level)
           ~~~~~~~~~~~~~~~~~~~~~~^^^^^^^^^^^^^^^^^^^^^^^^^^^^^^
  File "<frozen importlib._bootstrap>", line 1387, in _gcd_import
  File "<frozen importlib._bootstrap>", line 1360, in _find_and_load
  File "<frozen importlib._bootstrap>", line 1331, in _find_and_load_unlocked
  File "<frozen importlib._bootstrap>", line 935, in _load_unlocked
  File "<frozen importlib._bootstrap_external>", line 1026, in exec_module
  File "<frozen importlib._bootstrap>", line 488, in _call_with_frames_removed
  File "C:\Users\hp\AppData\Roaming\Python\Python313\site-packages\transformers\models\efficientloftr\image_processing_efficientloftr.py", line 10, in <module>
    from torchvision.transforms.v2 import functional as tvF
ModuleNotFoundError: No module named 'torchvision'
2026-08-03 21:32:36.506 Examining the path of transformers.models.efficientnet.image_processing_efficientnet_fast raised:
Traceback (most recent call last):
  File "C:\Users\hp\AppData\Roaming\Python\Python313\site-packages\streamlit\watcher\local_sources_watcher.py", line 267, in get_module_paths
    potential_paths = extract_paths(module)
  File "C:\Users\hp\AppData\Roaming\Python\Python313\site-packages\streamlit\watcher\local_sources_watcher.py", line 255, in <lambda>
    if hasattr(m, "__path__")
       ~~~~~~~^^^^^^^^^^^^^^^
  File "C:\Users\hp\AppData\Roaming\Python\Python313\site-packages\transformers\__init__.py", line 862, in _getattr
    return getattr(importlib.import_module(target, __name__), name)
                   ~~~~~~~~~~~~~~~~~~~~~~~^^^^^^^^^^^^^^^^^^
  File "C:\Python313\Lib\importlib\__init__.py", line 88, in import_module
    return _bootstrap._gcd_import(name[level:], package, level)
           ~~~~~~~~~~~~~~~~~~~~~~^^^^^^^^^^^^^^^^^^^^^^^^^^^^^^
  File "<frozen importlib._bootstrap>", line 1387, in _gcd_import
  File "<frozen importlib._bootstrap>", line 1360, in _find_and_load
  File "<frozen importlib._bootstrap>", line 1331, in _find_and_load_unlocked
  File "<frozen importlib._bootstrap>", line 935, in _load_unlocked
  File "<frozen importlib._bootstrap_external>", line 1026, in exec_module
  File "<frozen importlib._bootstrap>", line 488, in _call_with_frames_removed
  File "C:\Users\hp\AppData\Roaming\Python\Python313\site-packages\transformers\models\efficientnet\image_processing_efficientnet.py", line 20, in <module>
    from torchvision.transforms.v2 import functional as tvF
ModuleNotFoundError: No module named 'torchvision'
2026-08-03 21:32:36.509 Examining the path of transformers.models.eomt.image_processing_eomt_fast raised:
Traceback (most recent call last):
  File "C:\Users\hp\AppData\Roaming\Python\Python313\site-packages\streamlit\watcher\local_sources_watcher.py", line 267, in get_module_paths
    potential_paths = extract_paths(module)
  File "C:\Users\hp\AppData\Roaming\Python\Python313\site-packages\streamlit\watcher\local_sources_watcher.py", line 255, in <lambda>
    if hasattr(m, "__path__")
       ~~~~~~~^^^^^^^^^^^^^^^
  File "C:\Users\hp\AppData\Roaming\Python\Python313\site-packages\transformers\__init__.py", line 862, in _getattr
    return getattr(importlib.import_module(target, __name__), name)
                   ~~~~~~~~~~~~~~~~~~~~~~~^^^^^^^^^^^^^^^^^^
  File "C:\Python313\Lib\importlib\__init__.py", line 88, in import_module
    return _bootstrap._gcd_import(name[level:], package, level)
           ~~~~~~~~~~~~~~~~~~~~~~^^^^^^^^^^^^^^^^^^^^^^^^^^^^^^
  File "<frozen importlib._bootstrap>", line 1387, in _gcd_import
  File "<frozen importlib._bootstrap>", line 1360, in _find_and_load
  File "<frozen importlib._bootstrap>", line 1331, in _find_and_load_unlocked
  File "<frozen importlib._bootstrap>", line 935, in _load_unlocked
  File "<frozen importlib._bootstrap_external>", line 1026, in exec_module
  File "<frozen importlib._bootstrap>", line 488, in _call_with_frames_removed
  File "C:\Users\hp\AppData\Roaming\Python\Python313\site-packages\transformers\models\eomt\image_processing_eomt.py", line 20, in <module>
    from torchvision.transforms.v2 import functional as tvF
ModuleNotFoundError: No module named 'torchvision'
2026-08-03 21:32:36.512 Examining the path of transformers.models.ernie4_5_vl_moe.image_processing_ernie4_5_vl_moe_fast raised:
Traceback (most recent call last):
  File "C:\Users\hp\AppData\Roaming\Python\Python313\site-packages\streamlit\watcher\local_sources_watcher.py", line 267, in get_module_paths
    potential_paths = extract_paths(module)
  File "C:\Users\hp\AppData\Roaming\Python\Python313\site-packages\streamlit\watcher\local_sources_watcher.py", line 255, in <lambda>
    if hasattr(m, "__path__")
       ~~~~~~~^^^^^^^^^^^^^^^
  File "C:\Users\hp\AppData\Roaming\Python\Python313\site-packages\transformers\__init__.py", line 862, in _getattr
    return getattr(importlib.import_module(target, __name__), name)
                   ~~~~~~~~~~~~~~~~~~~~~~~^^^^^^^^^^^^^^^^^^
  File "C:\Python313\Lib\importlib\__init__.py", line 88, in import_module
    return _bootstrap._gcd_import(name[level:], package, level)
           ~~~~~~~~~~~~~~~~~~~~~~^^^^^^^^^^^^^^^^^^^^^^^^^^^^^^
  File "<frozen importlib._bootstrap>", line 1387, in _gcd_import
  File "<frozen importlib._bootstrap>", line 1360, in _find_and_load
  File "<frozen importlib._bootstrap>", line 1331, in _find_and_load_unlocked
  File "<frozen importlib._bootstrap>", line 935, in _load_unlocked
  File "<frozen importlib._bootstrap_external>", line 1026, in exec_module
  File "<frozen importlib._bootstrap>", line 488, in _call_with_frames_removed
  File "C:\Users\hp\AppData\Roaming\Python\Python313\site-packages\transformers\models\ernie4_5_vl_moe\image_processing_ernie4_5_vl_moe.py", line 23, in <module>
    from torchvision.transforms.v2 import functional as tvF
ModuleNotFoundError: No module named 'torchvision'
2026-08-03 21:32:36.515 Examining the path of transformers.models.flava.image_processing_flava_fast raised:
Traceback (most recent call last):
  File "C:\Users\hp\AppData\Roaming\Python\Python313\site-packages\streamlit\watcher\local_sources_watcher.py", line 267, in get_module_paths
    potential_paths = extract_paths(module)
  File "C:\Users\hp\AppData\Roaming\Python\Python313\site-packages\streamlit\watcher\local_sources_watcher.py", line 255, in <lambda>
    if hasattr(m, "__path__")
       ~~~~~~~^^^^^^^^^^^^^^^
  File "C:\Users\hp\AppData\Roaming\Python\Python313\site-packages\transformers\__init__.py", line 862, in _getattr
    return getattr(importlib.import_module(target, __name__), name)
                   ~~~~~~~~~~~~~~~~~~~~~~~^^^^^^^^^^^^^^^^^^
  File "C:\Python313\Lib\importlib\__init__.py", line 88, in import_module
    return _bootstrap._gcd_import(name[level:], package, level)
           ~~~~~~~~~~~~~~~~~~~~~~^^^^^^^^^^^^^^^^^^^^^^^^^^^^^^
  File "<frozen importlib._bootstrap>", line 1387, in _gcd_import
  File "<frozen importlib._bootstrap>", line 1360, in _find_and_load
  File "<frozen importlib._bootstrap>", line 1331, in _find_and_load_unlocked
  File "<frozen importlib._bootstrap>", line 935, in _load_unlocked
  File "<frozen importlib._bootstrap_external>", line 1026, in exec_module
  File "<frozen importlib._bootstrap>", line 488, in _call_with_frames_removed
  File "C:\Users\hp\AppData\Roaming\Python\Python313\site-packages\transformers\models\flava\image_processing_flava.py", line 23, in <module>
    from torchvision.transforms.v2 import functional as tvF
ModuleNotFoundError: No module named 'torchvision'
2026-08-03 21:32:36.518 Examining the path of transformers.models.fuyu.image_processing_fuyu_fast raised:
Traceback (most recent call last):
  File "C:\Users\hp\AppData\Roaming\Python\Python313\site-packages\streamlit\watcher\local_sources_watcher.py", line 267, in get_module_paths
    potential_paths = extract_paths(module)
  File "C:\Users\hp\AppData\Roaming\Python\Python313\site-packages\streamlit\watcher\local_sources_watcher.py", line 255, in <lambda>
    if hasattr(m, "__path__")
       ~~~~~~~^^^^^^^^^^^^^^^
  File "C:\Users\hp\AppData\Roaming\Python\Python313\site-packages\transformers\__init__.py", line 862, in _getattr
    return getattr(importlib.import_module(target, __name__), name)
                   ~~~~~~~~~~~~~~~~~~~~~~~^^^^^^^^^^^^^^^^^^
  File "C:\Python313\Lib\importlib\__init__.py", line 88, in import_module
    return _bootstrap._gcd_import(name[level:], package, level)
           ~~~~~~~~~~~~~~~~~~~~~~^^^^^^^^^^^^^^^^^^^^^^^^^^^^^^
  File "<frozen importlib._bootstrap>", line 1387, in _gcd_import
  File "<frozen importlib._bootstrap>", line 1360, in _find_and_load
  File "<frozen importlib._bootstrap>", line 1331, in _find_and_load_unlocked
  File "<frozen importlib._bootstrap>", line 935, in _load_unlocked
  File "<frozen importlib._bootstrap_external>", line 1026, in exec_module
  File "<frozen importlib._bootstrap>", line 488, in _call_with_frames_removed
  File "C:\Users\hp\AppData\Roaming\Python\Python313\site-packages\transformers\models\fuyu\image_processing_fuyu.py", line 19, in <module>
    from torchvision.transforms.v2 import functional as tvF
ModuleNotFoundError: No module named 'torchvision'
2026-08-03 21:32:36.521 Examining the path of transformers.models.gemma3.image_processing_gemma3_fast raised:
Traceback (most recent call last):
  File "C:\Users\hp\AppData\Roaming\Python\Python313\site-packages\streamlit\watcher\local_sources_watcher.py", line 267, in get_module_paths
    potential_paths = extract_paths(module)
  File "C:\Users\hp\AppData\Roaming\Python\Python313\site-packages\streamlit\watcher\local_sources_watcher.py", line 255, in <lambda>
    if hasattr(m, "__path__")
       ~~~~~~~^^^^^^^^^^^^^^^
  File "C:\Users\hp\AppData\Roaming\Python\Python313\site-packages\transformers\__init__.py", line 862, in _getattr
    return getattr(importlib.import_module(target, __name__), name)
                   ~~~~~~~~~~~~~~~~~~~~~~~^^^^^^^^^^^^^^^^^^
  File "C:\Python313\Lib\importlib\__init__.py", line 88, in import_module
    return _bootstrap._gcd_import(name[level:], package, level)
           ~~~~~~~~~~~~~~~~~~~~~~^^^^^^^^^^^^^^^^^^^^^^^^^^^^^^
  File "<frozen importlib._bootstrap>", line 1387, in _gcd_import
  File "<frozen importlib._bootstrap>", line 1360, in _find_and_load
  File "<frozen importlib._bootstrap>", line 1331, in _find_and_load_unlocked
  File "<frozen importlib._bootstrap>", line 935, in _load_unlocked
  File "<frozen importlib._bootstrap_external>", line 1026, in exec_module
  File "<frozen importlib._bootstrap>", line 488, in _call_with_frames_removed
  File "C:\Users\hp\AppData\Roaming\Python\Python313\site-packages\transformers\models\gemma3\image_processing_gemma3.py", line 20, in <module>
    from torchvision.transforms.v2 import functional as tvF
ModuleNotFoundError: No module named 'torchvision'
2026-08-03 21:32:36.524 Examining the path of transformers.models.gemma4.image_processing_gemma4_fast raised:
Traceback (most recent call last):
  File "C:\Users\hp\AppData\Roaming\Python\Python313\site-packages\streamlit\watcher\local_sources_watcher.py", line 267, in get_module_paths
    potential_paths = extract_paths(module)
  File "C:\Users\hp\AppData\Roaming\Python\Python313\site-packages\streamlit\watcher\local_sources_watcher.py", line 255, in <lambda>
    if hasattr(m, "__path__")
       ~~~~~~~^^^^^^^^^^^^^^^
  File "C:\Users\hp\AppData\Roaming\Python\Python313\site-packages\transformers\__init__.py", line 862, in _getattr
    return getattr(importlib.import_module(target, __name__), name)
                   ~~~~~~~~~~~~~~~~~~~~~~~^^^^^^^^^^^^^^^^^^
  File "C:\Python313\Lib\importlib\__init__.py", line 88, in import_module
    return _bootstrap._gcd_import(name[level:], package, level)
           ~~~~~~~~~~~~~~~~~~~~~~^^^^^^^^^^^^^^^^^^^^^^^^^^^^^^
  File "<frozen importlib._bootstrap>", line 1387, in _gcd_import
  File "<frozen importlib._bootstrap>", line 1360, in _find_and_load
  File "<frozen importlib._bootstrap>", line 1331, in _find_and_load_unlocked
  File "<frozen importlib._bootstrap>", line 935, in _load_unlocked
  File "<frozen importlib._bootstrap_external>", line 1026, in exec_module
  File "<frozen importlib._bootstrap>", line 488, in _call_with_frames_removed
  File "C:\Users\hp\AppData\Roaming\Python\Python313\site-packages\transformers\models\gemma4\image_processing_gemma4.py", line 17, in <module>
    from torchvision.transforms.v2 import functional as tvF
ModuleNotFoundError: No module named 'torchvision'
2026-08-03 21:32:36.528 Examining the path of transformers.models.gemma4_unified.image_processing_gemma4_unified_fast raised:
Traceback (most recent call last):
  File "C:\Users\hp\AppData\Roaming\Python\Python313\site-packages\streamlit\watcher\local_sources_watcher.py", line 267, in get_module_paths
    potential_paths = extract_paths(module)
  File "C:\Users\hp\AppData\Roaming\Python\Python313\site-packages\streamlit\watcher\local_sources_watcher.py", line 255, in <lambda>
    if hasattr(m, "__path__")
       ~~~~~~~^^^^^^^^^^^^^^^
  File "C:\Users\hp\AppData\Roaming\Python\Python313\site-packages\transformers\__init__.py", line 862, in _getattr
    return getattr(importlib.import_module(target, __name__), name)
                   ~~~~~~~~~~~~~~~~~~~~~~~^^^^^^^^^^^^^^^^^^
  File "C:\Python313\Lib\importlib\__init__.py", line 88, in import_module
    return _bootstrap._gcd_import(name[level:], package, level)
           ~~~~~~~~~~~~~~~~~~~~~~^^^^^^^^^^^^^^^^^^^^^^^^^^^^^^
  File "<frozen importlib._bootstrap>", line 1387, in _gcd_import
  File "<frozen importlib._bootstrap>", line 1360, in _find_and_load
  File "<frozen importlib._bootstrap>", line 1331, in _find_and_load_unlocked
  File "<frozen importlib._bootstrap>", line 935, in _load_unlocked
  File "<frozen importlib._bootstrap_external>", line 1026, in exec_module
  File "<frozen importlib._bootstrap>", line 488, in _call_with_frames_removed
  File "C:\Users\hp\AppData\Roaming\Python\Python313\site-packages\transformers\models\gemma4_unified\image_processing_gemma4_unified.py", line 23, in <module>
    from torchvision.transforms.v2 import functional as tvF
ModuleNotFoundError: No module named 'torchvision'
2026-08-03 21:32:36.531 Examining the path of transformers.models.glm46v.image_processing_glm46v_fast raised:
Traceback (most recent call last):
  File "C:\Users\hp\AppData\Roaming\Python\Python313\site-packages\streamlit\watcher\local_sources_watcher.py", line 267, in get_module_paths
    potential_paths = extract_paths(module)
  File "C:\Users\hp\AppData\Roaming\Python\Python313\site-packages\streamlit\watcher\local_sources_watcher.py", line 255, in <lambda>
    if hasattr(m, "__path__")
       ~~~~~~~^^^^^^^^^^^^^^^
  File "C:\Users\hp\AppData\Roaming\Python\Python313\site-packages\transformers\__init__.py", line 862, in _getattr
    return getattr(importlib.import_module(target, __name__), name)
                   ~~~~~~~~~~~~~~~~~~~~~~~^^^^^^^^^^^^^^^^^^
  File "C:\Python313\Lib\importlib\__init__.py", line 88, in import_module
    return _bootstrap._gcd_import(name[level:], package, level)
           ~~~~~~~~~~~~~~~~~~~~~~^^^^^^^^^^^^^^^^^^^^^^^^^^^^^^
  File "<frozen importlib._bootstrap>", line 1387, in _gcd_import
  File "<frozen importlib._bootstrap>", line 1360, in _find_and_load
  File "<frozen importlib._bootstrap>", line 1331, in _find_and_load_unlocked
  File "<frozen importlib._bootstrap>", line 935, in _load_unlocked
  File "<frozen importlib._bootstrap_external>", line 1026, in exec_module
  File "<frozen importlib._bootstrap>", line 488, in _call_with_frames_removed
  File "C:\Users\hp\AppData\Roaming\Python\Python313\site-packages\transformers\models\glm46v\image_processing_glm46v.py", line 25, in <module>
    from torchvision.transforms.v2 import functional as tvF
ModuleNotFoundError: No module named 'torchvision'
2026-08-03 21:32:36.535 Examining the path of transformers.models.glm4v.image_processing_glm4v_fast raised:
Traceback (most recent call last):
  File "C:\Users\hp\AppData\Roaming\Python\Python313\site-packages\streamlit\watcher\local_sources_watcher.py", line 267, in get_module_paths
    potential_paths = extract_paths(module)
  File "C:\Users\hp\AppData\Roaming\Python\Python313\site-packages\streamlit\watcher\local_sources_watcher.py", line 255, in <lambda>
    if hasattr(m, "__path__")
       ~~~~~~~^^^^^^^^^^^^^^^
  File "C:\Users\hp\AppData\Roaming\Python\Python313\site-packages\transformers\__init__.py", line 862, in _getattr
    return getattr(importlib.import_module(target, __name__), name)
                   ~~~~~~~~~~~~~~~~~~~~~~~^^^^^^^^^^^^^^^^^^
  File "C:\Python313\Lib\importlib\__init__.py", line 88, in import_module
    return _bootstrap._gcd_import(name[level:], package, level)
           ~~~~~~~~~~~~~~~~~~~~~~^^^^^^^^^^^^^^^^^^^^^^^^^^^^^^
  File "<frozen importlib._bootstrap>", line 1387, in _gcd_import
  File "<frozen importlib._bootstrap>", line 1360, in _find_and_load
  File "<frozen importlib._bootstrap>", line 1331, in _find_and_load_unlocked
  File "<frozen importlib._bootstrap>", line 935, in _load_unlocked
  File "<frozen importlib._bootstrap_external>", line 1026, in exec_module
  File "<frozen importlib._bootstrap>", line 488, in _call_with_frames_removed
  File "C:\Users\hp\AppData\Roaming\Python\Python313\site-packages\transformers\models\glm4v\image_processing_glm4v.py", line 19, in <module>
    from torchvision.transforms.v2 import functional as tvF
ModuleNotFoundError: No module named 'torchvision'
2026-08-03 21:32:36.539 Examining the path of transformers.models.glm_image.image_processing_glm_image_fast raised:
Traceback (most recent call last):
  File "C:\Users\hp\AppData\Roaming\Python\Python313\site-packages\streamlit\watcher\local_sources_watcher.py", line 267, in get_module_paths
    potential_paths = extract_paths(module)
  File "C:\Users\hp\AppData\Roaming\Python\Python313\site-packages\streamlit\watcher\local_sources_watcher.py", line 255, in <lambda>
    if hasattr(m, "__path__")
       ~~~~~~~^^^^^^^^^^^^^^^
  File "C:\Users\hp\AppData\Roaming\Python\Python313\site-packages\transformers\__init__.py", line 862, in _getattr
    return getattr(importlib.import_module(target, __name__), name)
                   ~~~~~~~~~~~~~~~~~~~~~~~^^^^^^^^^^^^^^^^^^
  File "C:\Python313\Lib\importlib\__init__.py", line 88, in import_module
    return _bootstrap._gcd_import(name[level:], package, level)
           ~~~~~~~~~~~~~~~~~~~~~~^^^^^^^^^^^^^^^^^^^^^^^^^^^^^^
  File "<frozen importlib._bootstrap>", line 1387, in _gcd_import
  File "<frozen importlib._bootstrap>", line 1360, in _find_and_load
  File "<frozen importlib._bootstrap>", line 1331, in _find_and_load_unlocked
  File "<frozen importlib._bootstrap>", line 935, in _load_unlocked
  File "<frozen importlib._bootstrap_external>", line 1026, in exec_module
  File "<frozen importlib._bootstrap>", line 488, in _call_with_frames_removed
  File "C:\Users\hp\AppData\Roaming\Python\Python313\site-packages\transformers\models\glm_image\image_processing_glm_image.py", line 25, in <module>
    from torchvision.transforms.v2 import functional as tvF
ModuleNotFoundError: No module named 'torchvision'
2026-08-03 21:32:36.542 Examining the path of transformers.models.glmga.image_processing_glmga_fast raised:
Traceback (most recent call last):
  File "C:\Users\hp\AppData\Roaming\Python\Python313\site-packages\streamlit\watcher\local_sources_watcher.py", line 267, in get_module_paths
    potential_paths = extract_paths(module)
  File "C:\Users\hp\AppData\Roaming\Python\Python313\site-packages\streamlit\watcher\local_sources_watcher.py", line 255, in <lambda>
    if hasattr(m, "__path__")
       ~~~~~~~^^^^^^^^^^^^^^^
  File "C:\Users\hp\AppData\Roaming\Python\Python313\site-packages\transformers\__init__.py", line 862, in _getattr
    return getattr(importlib.import_module(target, __name__), name)
                   ~~~~~~~~~~~~~~~~~~~~~~~^^^^^^^^^^^^^^^^^^
  File "C:\Python313\Lib\importlib\__init__.py", line 88, in import_module
    return _bootstrap._gcd_import(name[level:], package, level)
           ~~~~~~~~~~~~~~~~~~~~~~^^^^^^^^^^^^^^^^^^^^^^^^^^^^^^
  File "<frozen importlib._bootstrap>", line 1387, in _gcd_import
  File "<frozen importlib._bootstrap>", line 1360, in _find_and_load
  File "<frozen importlib._bootstrap>", line 1331, in _find_and_load_unlocked
  File "<frozen importlib._bootstrap>", line 935, in _load_unlocked
  File "<frozen importlib._bootstrap_external>", line 1026, in exec_module
  File "<frozen importlib._bootstrap>", line 488, in _call_with_frames_removed
  File "C:\Users\hp\AppData\Roaming\Python\Python313\site-packages\transformers\models\glmga\image_processing_glmga.py", line 24, in <module>
    from torchvision.transforms.v2 import functional as tvF
ModuleNotFoundError: No module named 'torchvision'
2026-08-03 21:32:36.546 Examining the path of transformers.models.glpn.image_processing_glpn_fast raised:
Traceback (most recent call last):
  File "C:\Users\hp\AppData\Roaming\Python\Python313\site-packages\streamlit\watcher\local_sources_watcher.py", line 267, in get_module_paths
    potential_paths = extract_paths(module)
  File "C:\Users\hp\AppData\Roaming\Python\Python313\site-packages\streamlit\watcher\local_sources_watcher.py", line 255, in <lambda>
    if hasattr(m, "__path__")
       ~~~~~~~^^^^^^^^^^^^^^^
  File "C:\Users\hp\AppData\Roaming\Python\Python313\site-packages\transformers\__init__.py", line 862, in _getattr
    return getattr(importlib.import_module(target, __name__), name)
                   ~~~~~~~~~~~~~~~~~~~~~~~^^^^^^^^^^^^^^^^^^
  File "C:\Python313\Lib\importlib\__init__.py", line 88, in import_module
    return _bootstrap._gcd_import(name[level:], package, level)
           ~~~~~~~~~~~~~~~~~~~~~~^^^^^^^^^^^^^^^^^^^^^^^^^^^^^^
  File "<frozen importlib._bootstrap>", line 1387, in _gcd_import
  File "<frozen importlib._bootstrap>", line 1360, in _find_and_load
  File "<frozen importlib._bootstrap>", line 1331, in _find_and_load_unlocked
  File "<frozen importlib._bootstrap>", line 935, in _load_unlocked
  File "<frozen importlib._bootstrap_external>", line 1026, in exec_module
  File "<frozen importlib._bootstrap>", line 488, in _call_with_frames_removed
  File "C:\Users\hp\AppData\Roaming\Python\Python313\site-packages\transformers\models\glpn\image_processing_glpn.py", line 34, in <module>
    from torchvision.transforms.v2 import functional as tvF
ModuleNotFoundError: No module named 'torchvision'
2026-08-03 21:32:36.549 Examining the path of transformers.models.got_ocr2.image_processing_got_ocr2_fast raised:
Traceback (most recent call last):
  File "C:\Users\hp\AppData\Roaming\Python\Python313\site-packages\streamlit\watcher\local_sources_watcher.py", line 267, in get_module_paths
    potential_paths = extract_paths(module)
  File "C:\Users\hp\AppData\Roaming\Python\Python313\site-packages\streamlit\watcher\local_sources_watcher.py", line 255, in <lambda>
    if hasattr(m, "__path__")
       ~~~~~~~^^^^^^^^^^^^^^^
  File "C:\Users\hp\AppData\Roaming\Python\Python313\site-packages\transformers\__init__.py", line 862, in _getattr
    return getattr(importlib.import_module(target, __name__), name)
                   ~~~~~~~~~~~~~~~~~~~~~~~^^^^^^^^^^^^^^^^^^
  File "C:\Python313\Lib\importlib\__init__.py", line 88, in import_module
    return _bootstrap._gcd_import(name[level:], package, level)
           ~~~~~~~~~~~~~~~~~~~~~~^^^^^^^^^^^^^^^^^^^^^^^^^^^^^^
  File "<frozen importlib._bootstrap>", line 1387, in _gcd_import
  File "<frozen importlib._bootstrap>", line 1360, in _find_and_load
  File "<frozen importlib._bootstrap>", line 1331, in _find_and_load_unlocked
  File "<frozen importlib._bootstrap>", line 935, in _load_unlocked
  File "<frozen importlib._bootstrap_external>", line 1026, in exec_module
  File "<frozen importlib._bootstrap>", line 488, in _call_with_frames_removed
  File "C:\Users\hp\AppData\Roaming\Python\Python313\site-packages\transformers\models\got_ocr2\image_processing_got_ocr2.py", line 19, in <module>
    from torchvision.transforms.v2 import functional as tvF
ModuleNotFoundError: No module named 'torchvision'
2026-08-03 21:32:36.552 Examining the path of transformers.models.grounding_dino.image_processing_grounding_dino_fast raised:
Traceback (most recent call last):
  File "C:\Users\hp\AppData\Roaming\Python\Python313\site-packages\streamlit\watcher\local_sources_watcher.py", line 267, in get_module_paths
    potential_paths = extract_paths(module)
  File "C:\Users\hp\AppData\Roaming\Python\Python313\site-packages\streamlit\watcher\local_sources_watcher.py", line 255, in <lambda>
    if hasattr(m, "__path__")
       ~~~~~~~^^^^^^^^^^^^^^^
  File "C:\Users\hp\AppData\Roaming\Python\Python313\site-packages\transformers\__init__.py", line 862, in _getattr
    return getattr(importlib.import_module(target, __name__), name)
                   ~~~~~~~~~~~~~~~~~~~~~~~^^^^^^^^^^^^^^^^^^
  File "C:\Python313\Lib\importlib\__init__.py", line 88, in import_module
    return _bootstrap._gcd_import(name[level:], package, level)
           ~~~~~~~~~~~~~~~~~~~~~~^^^^^^^^^^^^^^^^^^^^^^^^^^^^^^
  File "<frozen importlib._bootstrap>", line 1387, in _gcd_import
  File "<frozen importlib._bootstrap>", line 1360, in _find_and_load
  File "<frozen importlib._bootstrap>", line 1331, in _find_and_load_unlocked
  File "<frozen importlib._bootstrap>", line 935, in _load_unlocked
  File "<frozen importlib._bootstrap_external>", line 1026, in exec_module
  File "<frozen importlib._bootstrap>", line 488, in _call_with_frames_removed
  File "C:\Users\hp\AppData\Roaming\Python\Python313\site-packages\transformers\models\grounding_dino\image_processing_grounding_dino.py", line 30, in <module>
    from torchvision.io import read_image
ModuleNotFoundError: No module named 'torchvision'
2026-08-03 21:32:36.555 Examining the path of transformers.models.hunyuan_vl.image_processing_hunyuan_vl_fast raised:
Traceback (most recent call last):
  File "C:\Users\hp\AppData\Roaming\Python\Python313\site-packages\streamlit\watcher\local_sources_watcher.py", line 267, in get_module_paths
    potential_paths = extract_paths(module)
  File "C:\Users\hp\AppData\Roaming\Python\Python313\site-packages\streamlit\watcher\local_sources_watcher.py", line 255, in <lambda>
    if hasattr(m, "__path__")
       ~~~~~~~^^^^^^^^^^^^^^^
  File "C:\Users\hp\AppData\Roaming\Python\Python313\site-packages\transformers\__init__.py", line 862, in _getattr
    return getattr(importlib.import_module(target, __name__), name)
                   ~~~~~~~~~~~~~~~~~~~~~~~^^^^^^^^^^^^^^^^^^
  File "C:\Python313\Lib\importlib\__init__.py", line 88, in import_module
    return _bootstrap._gcd_import(name[level:], package, level)
           ~~~~~~~~~~~~~~~~~~~~~~^^^^^^^^^^^^^^^^^^^^^^^^^^^^^^
  File "<frozen importlib._bootstrap>", line 1387, in _gcd_import
  File "<frozen importlib._bootstrap>", line 1360, in _find_and_load
  File "<frozen importlib._bootstrap>", line 1331, in _find_and_load_unlocked
  File "<frozen importlib._bootstrap>", line 935, in _load_unlocked
  File "<frozen importlib._bootstrap_external>", line 1026, in exec_module
  File "<frozen importlib._bootstrap>", line 488, in _call_with_frames_removed
  File "C:\Users\hp\AppData\Roaming\Python\Python313\site-packages\transformers\models\hunyuan_vl\image_processing_hunyuan_vl.py", line 25, in <module>
    from torchvision.transforms.v2 import functional as tvF
ModuleNotFoundError: No module named 'torchvision'
2026-08-03 21:32:36.558 Examining the path of transformers.models.idefics2.image_processing_idefics2_fast raised:
Traceback (most recent call last):
  File "C:\Users\hp\AppData\Roaming\Python\Python313\site-packages\streamlit\watcher\local_sources_watcher.py", line 267, in get_module_paths
    potential_paths = extract_paths(module)
  File "C:\Users\hp\AppData\Roaming\Python\Python313\site-packages\streamlit\watcher\local_sources_watcher.py", line 255, in <lambda>
    if hasattr(m, "__path__")
       ~~~~~~~^^^^^^^^^^^^^^^
  File "C:\Users\hp\AppData\Roaming\Python\Python313\site-packages\transformers\__init__.py", line 862, in _getattr
    return getattr(importlib.import_module(target, __name__), name)
                   ~~~~~~~~~~~~~~~~~~~~~~~^^^^^^^^^^^^^^^^^^
  File "C:\Python313\Lib\importlib\__init__.py", line 88, in import_module
    return _bootstrap._gcd_import(name[level:], package, level)
           ~~~~~~~~~~~~~~~~~~~~~~^^^^^^^^^^^^^^^^^^^^^^^^^^^^^^
  File "<frozen importlib._bootstrap>", line 1387, in _gcd_import
  File "<frozen importlib._bootstrap>", line 1360, in _find_and_load
  File "<frozen importlib._bootstrap>", line 1331, in _find_and_load_unlocked
  File "<frozen importlib._bootstrap>", line 935, in _load_unlocked
  File "<frozen importlib._bootstrap_external>", line 1026, in exec_module
  File "<frozen importlib._bootstrap>", line 488, in _call_with_frames_removed
  File "C:\Users\hp\AppData\Roaming\Python\Python313\site-packages\transformers\models\idefics2\image_processing_idefics2.py", line 37, in <module>
    from torchvision.transforms.v2 import functional as tvF
ModuleNotFoundError: No module named 'torchvision'
2026-08-03 21:32:36.562 Examining the path of transformers.models.idefics3.image_processing_idefics3_fast raised:
Traceback (most recent call last):
  File "C:\Users\hp\AppData\Roaming\Python\Python313\site-packages\streamlit\watcher\local_sources_watcher.py", line 267, in get_module_paths
    potential_paths = extract_paths(module)
  File "C:\Users\hp\AppData\Roaming\Python\Python313\site-packages\streamlit\watcher\local_sources_watcher.py", line 255, in <lambda>
    if hasattr(m, "__path__")
       ~~~~~~~^^^^^^^^^^^^^^^
  File "C:\Users\hp\AppData\Roaming\Python\Python313\site-packages\transformers\__init__.py", line 862, in _getattr
    return getattr(importlib.import_module(target, __name__), name)
                   ~~~~~~~~~~~~~~~~~~~~~~~^^^^^^^^^^^^^^^^^^
  File "C:\Python313\Lib\importlib\__init__.py", line 88, in import_module
    return _bootstrap._gcd_import(name[level:], package, level)
           ~~~~~~~~~~~~~~~~~~~~~~^^^^^^^^^^^^^^^^^^^^^^^^^^^^^^
  File "<frozen importlib._bootstrap>", line 1387, in _gcd_import
  File "<frozen importlib._bootstrap>", line 1360, in _find_and_load
  File "<frozen importlib._bootstrap>", line 1331, in _find_and_load_unlocked
  File "<frozen importlib._bootstrap>", line 935, in _load_unlocked
  File "<frozen importlib._bootstrap_external>", line 1026, in exec_module
  File "<frozen importlib._bootstrap>", line 488, in _call_with_frames_removed
  File "C:\Users\hp\AppData\Roaming\Python\Python313\site-packages\transformers\models\idefics3\image_processing_idefics3.py", line 20, in <module>
    from torchvision.transforms.v2 import functional as tvF
ModuleNotFoundError: No module named 'torchvision'
2026-08-03 21:32:36.565 Examining the path of transformers.models.imagegpt.image_processing_imagegpt_fast raised:
Traceback (most recent call last):
  File "C:\Users\hp\AppData\Roaming\Python\Python313\site-packages\streamlit\watcher\local_sources_watcher.py", line 267, in get_module_paths
    potential_paths = extract_paths(module)
  File "C:\Users\hp\AppData\Roaming\Python\Python313\site-packages\streamlit\watcher\local_sources_watcher.py", line 255, in <lambda>
    if hasattr(m, "__path__")
       ~~~~~~~^^^^^^^^^^^^^^^
  File "C:\Users\hp\AppData\Roaming\Python\Python313\site-packages\transformers\__init__.py", line 862, in _getattr
    return getattr(importlib.import_module(target, __name__), name)
                   ~~~~~~~~~~~~~~~~~~~~~~~^^^^^^^^^^^^^^^^^^
  File "C:\Python313\Lib\importlib\__init__.py", line 88, in import_module
    return _bootstrap._gcd_import(name[level:], package, level)
           ~~~~~~~~~~~~~~~~~~~~~~^^^^^^^^^^^^^^^^^^^^^^^^^^^^^^
  File "<frozen importlib._bootstrap>", line 1387, in _gcd_import
  File "<frozen importlib._bootstrap>", line 1360, in _find_and_load
  File "<frozen importlib._bootstrap>", line 1331, in _find_and_load_unlocked
  File "<frozen importlib._bootstrap>", line 935, in _load_unlocked
  File "<frozen importlib._bootstrap_external>", line 1026, in exec_module
  File "<frozen importlib._bootstrap>", line 488, in _call_with_frames_removed
  File "C:\Users\hp\AppData\Roaming\Python\Python313\site-packages\transformers\models\imagegpt\image_processing_imagegpt.py", line 20, in <module>
    from torchvision.transforms.v2 import functional as tvF
ModuleNotFoundError: No module named 'torchvision'
2026-08-03 21:32:36.568 Examining the path of transformers.models.inkling.image_processing_inkling_fast raised:
Traceback (most recent call last):
  File "C:\Users\hp\AppData\Roaming\Python\Python313\site-packages\streamlit\watcher\local_sources_watcher.py", line 267, in get_module_paths
    potential_paths = extract_paths(module)
  File "C:\Users\hp\AppData\Roaming\Python\Python313\site-packages\streamlit\watcher\local_sources_watcher.py", line 255, in <lambda>
    if hasattr(m, "__path__")
       ~~~~~~~^^^^^^^^^^^^^^^
  File "C:\Users\hp\AppData\Roaming\Python\Python313\site-packages\transformers\__init__.py", line 862, in _getattr
    return getattr(importlib.import_module(target, __name__), name)
                   ~~~~~~~~~~~~~~~~~~~~~~~^^^^^^^^^^^^^^^^^^
  File "C:\Python313\Lib\importlib\__init__.py", line 88, in import_module
    return _bootstrap._gcd_import(name[level:], package, level)
           ~~~~~~~~~~~~~~~~~~~~~~^^^^^^^^^^^^^^^^^^^^^^^^^^^^^^
  File "<frozen importlib._bootstrap>", line 1387, in _gcd_import
  File "<frozen importlib._bootstrap>", line 1360, in _find_and_load
  File "<frozen importlib._bootstrap>", line 1331, in _find_and_load_unlocked
  File "<frozen importlib._bootstrap>", line 935, in _load_unlocked
  File "<frozen importlib._bootstrap_external>", line 1026, in exec_module
  File "<frozen importlib._bootstrap>", line 488, in _call_with_frames_removed
  File "C:\Users\hp\AppData\Roaming\Python\Python313\site-packages\transformers\models\inkling\image_processing_inkling.py", line 19, in <module>
    from torchvision.transforms.v2 import functional as tvF
ModuleNotFoundError: No module named 'torchvision'
2026-08-03 21:32:36.570 Examining the path of transformers.models.janus.image_processing_janus_fast raised:
Traceback (most recent call last):
  File "C:\Users\hp\AppData\Roaming\Python\Python313\site-packages\streamlit\watcher\local_sources_watcher.py", line 267, in get_module_paths
    potential_paths = extract_paths(module)
  File "C:\Users\hp\AppData\Roaming\Python\Python313\site-packages\streamlit\watcher\local_sources_watcher.py", line 255, in <lambda>
    if hasattr(m, "__path__")
       ~~~~~~~^^^^^^^^^^^^^^^
  File "C:\Users\hp\AppData\Roaming\Python\Python313\site-packages\transformers\__init__.py", line 862, in _getattr
    return getattr(importlib.import_module(target, __name__), name)
                   ~~~~~~~~~~~~~~~~~~~~~~~^^^^^^^^^^^^^^^^^^
  File "C:\Python313\Lib\importlib\__init__.py", line 88, in import_module
    return _bootstrap._gcd_import(name[level:], package, level)
           ~~~~~~~~~~~~~~~~~~~~~~^^^^^^^^^^^^^^^^^^^^^^^^^^^^^^
  File "<frozen importlib._bootstrap>", line 1387, in _gcd_import
  File "<frozen importlib._bootstrap>", line 1360, in _find_and_load
  File "<frozen importlib._bootstrap>", line 1331, in _find_and_load_unlocked
  File "<frozen importlib._bootstrap>", line 935, in _load_unlocked
  File "<frozen importlib._bootstrap_external>", line 1026, in exec_module
  File "<frozen importlib._bootstrap>", line 488, in _call_with_frames_removed
  File "C:\Users\hp\AppData\Roaming\Python\Python313\site-packages\transformers\models\janus\image_processing_janus.py", line 17, in <module>
    import torchvision.transforms.v2.functional as tvF
ModuleNotFoundError: No module named 'torchvision'
2026-08-03 21:32:36.574 Examining the path of transformers.models.kimi_k25.image_processing_kimi_k25_fast raised:
Traceback (most recent call last):
  File "C:\Users\hp\AppData\Roaming\Python\Python313\site-packages\streamlit\watcher\local_sources_watcher.py", line 267, in get_module_paths
    potential_paths = extract_paths(module)
  File "C:\Users\hp\AppData\Roaming\Python\Python313\site-packages\streamlit\watcher\local_sources_watcher.py", line 255, in <lambda>
    if hasattr(m, "__path__")
       ~~~~~~~^^^^^^^^^^^^^^^
  File "C:\Users\hp\AppData\Roaming\Python\Python313\site-packages\transformers\__init__.py", line 862, in _getattr
    return getattr(importlib.import_module(target, __name__), name)
                   ~~~~~~~~~~~~~~~~~~~~~~~^^^^^^^^^^^^^^^^^^
  File "C:\Python313\Lib\importlib\__init__.py", line 88, in import_module
    return _bootstrap._gcd_import(name[level:], package, level)
           ~~~~~~~~~~~~~~~~~~~~~~^^^^^^^^^^^^^^^^^^^^^^^^^^^^^^
  File "<frozen importlib._bootstrap>", line 1387, in _gcd_import
  File "<frozen importlib._bootstrap>", line 1360, in _find_and_load
  File "<frozen importlib._bootstrap>", line 1331, in _find_and_load_unlocked
  File "<frozen importlib._bootstrap>", line 935, in _load_unlocked
  File "<frozen importlib._bootstrap_external>", line 1026, in exec_module
  File "<frozen importlib._bootstrap>", line 488, in _call_with_frames_removed
  File "C:\Users\hp\AppData\Roaming\Python\Python313\site-packages\transformers\models\kimi_k25\image_processing_kimi_k25.py", line 19, in <module>
    from torchvision.transforms.v2 import functional as tvF
ModuleNotFoundError: No module named 'torchvision'
2026-08-03 21:32:36.577 Examining the path of transformers.models.layoutlmv2.image_processing_layoutlmv2_fast raised:
Traceback (most recent call last):
  File "C:\Users\hp\AppData\Roaming\Python\Python313\site-packages\streamlit\watcher\local_sources_watcher.py", line 267, in get_module_paths
    potential_paths = extract_paths(module)
  File "C:\Users\hp\AppData\Roaming\Python\Python313\site-packages\streamlit\watcher\local_sources_watcher.py", line 255, in <lambda>
    if hasattr(m, "__path__")
       ~~~~~~~^^^^^^^^^^^^^^^
  File "C:\Users\hp\AppData\Roaming\Python\Python313\site-packages\transformers\__init__.py", line 862, in _getattr
    return getattr(importlib.import_module(target, __name__), name)
                   ~~~~~~~~~~~~~~~~~~~~~~~^^^^^^^^^^^^^^^^^^
  File "C:\Python313\Lib\importlib\__init__.py", line 88, in import_module
    return _bootstrap._gcd_import(name[level:], package, level)
           ~~~~~~~~~~~~~~~~~~~~~~^^^^^^^^^^^^^^^^^^^^^^^^^^^^^^
  File "<frozen importlib._bootstrap>", line 1387, in _gcd_import
  File "<frozen importlib._bootstrap>", line 1360, in _find_and_load
  File "<frozen importlib._bootstrap>", line 1331, in _find_and_load_unlocked
  File "<frozen importlib._bootstrap>", line 935, in _load_unlocked
  File "<frozen importlib._bootstrap_external>", line 1026, in exec_module
  File "<frozen importlib._bootstrap>", line 488, in _call_with_frames_removed
  File "C:\Users\hp\AppData\Roaming\Python\Python313\site-packages\transformers\models\layoutlmv2\image_processing_layoutlmv2.py", line 36, in <module>
    from torchvision.transforms.v2 import functional as tvF
ModuleNotFoundError: No module named 'torchvision'
2026-08-03 21:32:36.579 Examining the path of transformers.models.layoutlmv3.image_processing_layoutlmv3_fast raised:
Traceback (most recent call last):
  File "C:\Users\hp\AppData\Roaming\Python\Python313\site-packages\streamlit\watcher\local_sources_watcher.py", line 267, in get_module_paths
    potential_paths = extract_paths(module)
  File "C:\Users\hp\AppData\Roaming\Python\Python313\site-packages\streamlit\watcher\local_sources_watcher.py", line 255, in <lambda>
    if hasattr(m, "__path__")
       ~~~~~~~^^^^^^^^^^^^^^^
  File "C:\Users\hp\AppData\Roaming\Python\Python313\site-packages\transformers\__init__.py", line 862, in _getattr
    return getattr(importlib.import_module(target, __name__), name)
                   ~~~~~~~~~~~~~~~~~~~~~~~^^^^^^^^^^^^^^^^^^
  File "C:\Python313\Lib\importlib\__init__.py", line 88, in import_module
    return _bootstrap._gcd_import(name[level:], package, level)
           ~~~~~~~~~~~~~~~~~~~~~~^^^^^^^^^^^^^^^^^^^^^^^^^^^^^^
  File "<frozen importlib._bootstrap>", line 1387, in _gcd_import
  File "<frozen importlib._bootstrap>", line 1360, in _find_and_load
  File "<frozen importlib._bootstrap>", line 1331, in _find_and_load_unlocked
  File "<frozen importlib._bootstrap>", line 935, in _load_unlocked
  File "<frozen importlib._bootstrap_external>", line 1026, in exec_module
  File "<frozen importlib._bootstrap>", line 488, in _call_with_frames_removed
  File "C:\Users\hp\AppData\Roaming\Python\Python313\site-packages\transformers\models\layoutlmv3\image_processing_layoutlmv3.py", line 42, in <module>
    from torchvision.transforms.v2 import functional as tvF
ModuleNotFoundError: No module named 'torchvision'
2026-08-03 21:32:36.582 Examining the path of transformers.models.levit.image_processing_levit_fast raised:
Traceback (most recent call last):
  File "C:\Users\hp\AppData\Roaming\Python\Python313\site-packages\streamlit\watcher\local_sources_watcher.py", line 267, in get_module_paths
    potential_paths = extract_paths(module)
  File "C:\Users\hp\AppData\Roaming\Python\Python313\site-packages\streamlit\watcher\local_sources_watcher.py", line 255, in <lambda>
    if hasattr(m, "__path__")
       ~~~~~~~^^^^^^^^^^^^^^^
  File "C:\Users\hp\AppData\Roaming\Python\Python313\site-packages\transformers\__init__.py", line 862, in _getattr
    return getattr(importlib.import_module(target, __name__), name)
                   ~~~~~~~~~~~~~~~~~~~~~~~^^^^^^^^^^^^^^^^^^
  File "C:\Python313\Lib\importlib\__init__.py", line 88, in import_module
    return _bootstrap._gcd_import(name[level:], package, level)
           ~~~~~~~~~~~~~~~~~~~~~~^^^^^^^^^^^^^^^^^^^^^^^^^^^^^^
  File "<frozen importlib._bootstrap>", line 1387, in _gcd_import
  File "<frozen importlib._bootstrap>", line 1360, in _find_and_load
  File "<frozen importlib._bootstrap>", line 1331, in _find_and_load_unlocked
  File "<frozen importlib._bootstrap>", line 935, in _load_unlocked
  File "<frozen importlib._bootstrap_external>", line 1026, in exec_module
  File "<frozen importlib._bootstrap>", line 488, in _call_with_frames_removed
  File "C:\Users\hp\AppData\Roaming\Python\Python313\site-packages\transformers\models\levit\image_processing_levit.py", line 17, in <module>
    from torchvision.transforms.v2 import functional as tvF
ModuleNotFoundError: No module named 'torchvision'
2026-08-03 21:32:36.585 Examining the path of transformers.models.lfm2_vl.image_processing_lfm2_vl_fast raised:
Traceback (most recent call last):
  File "C:\Users\hp\AppData\Roaming\Python\Python313\site-packages\streamlit\watcher\local_sources_watcher.py", line 267, in get_module_paths
    potential_paths = extract_paths(module)
  File "C:\Users\hp\AppData\Roaming\Python\Python313\site-packages\streamlit\watcher\local_sources_watcher.py", line 255, in <lambda>
    if hasattr(m, "__path__")
       ~~~~~~~^^^^^^^^^^^^^^^
  File "C:\Users\hp\AppData\Roaming\Python\Python313\site-packages\transformers\__init__.py", line 862, in _getattr
    return getattr(importlib.import_module(target, __name__), name)
                   ~~~~~~~~~~~~~~~~~~~~~~~^^^^^^^^^^^^^^^^^^
  File "C:\Python313\Lib\importlib\__init__.py", line 88, in import_module
    return _bootstrap._gcd_import(name[level:], package, level)
           ~~~~~~~~~~~~~~~~~~~~~~^^^^^^^^^^^^^^^^^^^^^^^^^^^^^^
  File "<frozen importlib._bootstrap>", line 1387, in _gcd_import
  File "<frozen importlib._bootstrap>", line 1360, in _find_and_load
  File "<frozen importlib._bootstrap>", line 1331, in _find_and_load_unlocked
  File "<frozen importlib._bootstrap>", line 935, in _load_unlocked
  File "<frozen importlib._bootstrap_external>", line 1026, in exec_module
  File "<frozen importlib._bootstrap>", line 488, in _call_with_frames_removed
  File "C:\Users\hp\AppData\Roaming\Python\Python313\site-packages\transformers\models\lfm2_vl\image_processing_lfm2_vl.py", line 18, in <module>
    from torchvision.transforms.v2 import functional as tvF
ModuleNotFoundError: No module named 'torchvision'
2026-08-03 21:32:36.588 Examining the path of transformers.models.lightglue.image_processing_lightglue_fast raised:
Traceback (most recent call last):
  File "C:\Users\hp\AppData\Roaming\Python\Python313\site-packages\streamlit\watcher\local_sources_watcher.py", line 267, in get_module_paths
    potential_paths = extract_paths(module)
  File "C:\Users\hp\AppData\Roaming\Python\Python313\site-packages\streamlit\watcher\local_sources_watcher.py", line 255, in <lambda>
    if hasattr(m, "__path__")
       ~~~~~~~^^^^^^^^^^^^^^^
  File "C:\Users\hp\AppData\Roaming\Python\Python313\site-packages\transformers\__init__.py", line 862, in _getattr
    return getattr(importlib.import_module(target, __name__), name)
                   ~~~~~~~~~~~~~~~~~~~~~~~^^^^^^^^^^^^^^^^^^
  File "C:\Python313\Lib\importlib\__init__.py", line 88, in import_module
    return _bootstrap._gcd_import(name[level:], package, level)
           ~~~~~~~~~~~~~~~~~~~~~~^^^^^^^^^^^^^^^^^^^^^^^^^^^^^^
  File "<frozen importlib._bootstrap>", line 1387, in _gcd_import
  File "<frozen importlib._bootstrap>", line 1360, in _find_and_load
  File "<frozen importlib._bootstrap>", line 1331, in _find_and_load_unlocked
  File "<frozen importlib._bootstrap>", line 935, in _load_unlocked
  File "<frozen importlib._bootstrap_external>", line 1026, in exec_module
  File "<frozen importlib._bootstrap>", line 488, in _call_with_frames_removed
  File "C:\Users\hp\AppData\Roaming\Python\Python313\site-packages\transformers\models\lightglue\image_processing_lightglue.py", line 24, in <module>
    from torchvision.transforms.v2 import functional as tvF
ModuleNotFoundError: No module named 'torchvision'
2026-08-03 21:32:36.591 Examining the path of transformers.models.llama4.image_processing_llama4_fast raised:
Traceback (most recent call last):
  File "C:\Users\hp\AppData\Roaming\Python\Python313\site-packages\streamlit\watcher\local_sources_watcher.py", line 267, in get_module_paths
    potential_paths = extract_paths(module)
  File "C:\Users\hp\AppData\Roaming\Python\Python313\site-packages\streamlit\watcher\local_sources_watcher.py", line 255, in <lambda>
    if hasattr(m, "__path__")
       ~~~~~~~^^^^^^^^^^^^^^^
  File "C:\Users\hp\AppData\Roaming\Python\Python313\site-packages\transformers\__init__.py", line 862, in _getattr
    return getattr(importlib.import_module(target, __name__), name)
                   ~~~~~~~~~~~~~~~~~~~~~~~^^^^^^^^^^^^^^^^^^
  File "C:\Python313\Lib\importlib\__init__.py", line 88, in import_module
    return _bootstrap._gcd_import(name[level:], package, level)
           ~~~~~~~~~~~~~~~~~~~~~~^^^^^^^^^^^^^^^^^^^^^^^^^^^^^^
  File "<frozen importlib._bootstrap>", line 1387, in _gcd_import
  File "<frozen importlib._bootstrap>", line 1360, in _find_and_load
  File "<frozen importlib._bootstrap>", line 1331, in _find_and_load_unlocked
  File "<frozen importlib._bootstrap>", line 935, in _load_unlocked
  File "<frozen importlib._bootstrap_external>", line 1026, in exec_module
  File "<frozen importlib._bootstrap>", line 488, in _call_with_frames_removed
  File "C:\Users\hp\AppData\Roaming\Python\Python313\site-packages\transformers\models\llama4\image_processing_llama4.py", line 21, in <module>
    from torchvision.transforms.v2 import functional as tvF
ModuleNotFoundError: No module named 'torchvision'
2026-08-03 21:32:36.594 Examining the path of transformers.models.llava.image_processing_llava_fast raised:
Traceback (most recent call last):
  File "C:\Users\hp\AppData\Roaming\Python\Python313\site-packages\streamlit\watcher\local_sources_watcher.py", line 267, in get_module_paths
    potential_paths = extract_paths(module)
  File "C:\Users\hp\AppData\Roaming\Python\Python313\site-packages\streamlit\watcher\local_sources_watcher.py", line 255, in <lambda>
    if hasattr(m, "__path__")
       ~~~~~~~^^^^^^^^^^^^^^^
  File "C:\Users\hp\AppData\Roaming\Python\Python313\site-packages\transformers\__init__.py", line 862, in _getattr
    return getattr(importlib.import_module(target, __name__), name)
                   ~~~~~~~~~~~~~~~~~~~~~~~^^^^^^^^^^^^^^^^^^
  File "C:\Python313\Lib\importlib\__init__.py", line 88, in import_module
    return _bootstrap._gcd_import(name[level:], package, level)
           ~~~~~~~~~~~~~~~~~~~~~~^^^^^^^^^^^^^^^^^^^^^^^^^^^^^^
  File "<frozen importlib._bootstrap>", line 1387, in _gcd_import
  File "<frozen importlib._bootstrap>", line 1360, in _find_and_load
  File "<frozen importlib._bootstrap>", line 1331, in _find_and_load_unlocked
  File "<frozen importlib._bootstrap>", line 935, in _load_unlocked
  File "<frozen importlib._bootstrap_external>", line 1026, in exec_module
  File "<frozen importlib._bootstrap>", line 488, in _call_with_frames_removed
  File "C:\Users\hp\AppData\Roaming\Python\Python313\site-packages\transformers\models\llava\image_processing_llava.py", line 19, in <module>
    from torchvision.transforms.v2 import functional as tvF
ModuleNotFoundError: No module named 'torchvision'
2026-08-03 21:32:36.597 Examining the path of transformers.models.llava_next.image_processing_llava_next_fast raised:
Traceback (most recent call last):
  File "C:\Users\hp\AppData\Roaming\Python\Python313\site-packages\streamlit\watcher\local_sources_watcher.py", line 267, in get_module_paths
    potential_paths = extract_paths(module)
  File "C:\Users\hp\AppData\Roaming\Python\Python313\site-packages\streamlit\watcher\local_sources_watcher.py", line 255, in <lambda>
    if hasattr(m, "__path__")
       ~~~~~~~^^^^^^^^^^^^^^^
  File "C:\Users\hp\AppData\Roaming\Python\Python313\site-packages\transformers\__init__.py", line 862, in _getattr
    return getattr(importlib.import_module(target, __name__), name)
                   ~~~~~~~~~~~~~~~~~~~~~~~^^^^^^^^^^^^^^^^^^
  File "C:\Python313\Lib\importlib\__init__.py", line 88, in import_module
    return _bootstrap._gcd_import(name[level:], package, level)
           ~~~~~~~~~~~~~~~~~~~~~~^^^^^^^^^^^^^^^^^^^^^^^^^^^^^^
  File "<frozen importlib._bootstrap>", line 1387, in _gcd_import
  File "<frozen importlib._bootstrap>", line 1360, in _find_and_load
  File "<frozen importlib._bootstrap>", line 1331, in _find_and_load_unlocked
  File "<frozen importlib._bootstrap>", line 935, in _load_unlocked
  File "<frozen importlib._bootstrap_external>", line 1026, in exec_module
  File "<frozen importlib._bootstrap>", line 488, in _call_with_frames_removed
  File "C:\Users\hp\AppData\Roaming\Python\Python313\site-packages\transformers\models\llava_next\image_processing_llava_next.py", line 19, in <module>
    from torchvision.transforms.v2 import functional as tvF
ModuleNotFoundError: No module named 'torchvision'
2026-08-03 21:32:36.600 Examining the path of transformers.models.llava_onevision.image_processing_llava_onevision_fast raised:
Traceback (most recent call last):
  File "C:\Users\hp\AppData\Roaming\Python\Python313\site-packages\streamlit\watcher\local_sources_watcher.py", line 267, in get_module_paths
    potential_paths = extract_paths(module)
  File "C:\Users\hp\AppData\Roaming\Python\Python313\site-packages\streamlit\watcher\local_sources_watcher.py", line 255, in <lambda>
    if hasattr(m, "__path__")
       ~~~~~~~^^^^^^^^^^^^^^^
  File "C:\Users\hp\AppData\Roaming\Python\Python313\site-packages\transformers\__init__.py", line 862, in _getattr
    return getattr(importlib.import_module(target, __name__), name)
                   ~~~~~~~~~~~~~~~~~~~~~~~^^^^^^^^^^^^^^^^^^
  File "C:\Python313\Lib\importlib\__init__.py", line 88, in import_module
    return _bootstrap._gcd_import(name[level:], package, level)
           ~~~~~~~~~~~~~~~~~~~~~~^^^^^^^^^^^^^^^^^^^^^^^^^^^^^^
  File "<frozen importlib._bootstrap>", line 1387, in _gcd_import
  File "<frozen importlib._bootstrap>", line 1360, in _find_and_load
  File "<frozen importlib._bootstrap>", line 1331, in _find_and_load_unlocked
  File "<frozen importlib._bootstrap>", line 935, in _load_unlocked
  File "<frozen importlib._bootstrap_external>", line 1026, in exec_module
  File "<frozen importlib._bootstrap>", line 488, in _call_with_frames_removed
  File "C:\Users\hp\AppData\Roaming\Python\Python313\site-packages\transformers\models\llava_onevision\image_processing_llava_onevision.py", line 24, in <module>
    import torchvision.transforms.v2.functional as tvF
ModuleNotFoundError: No module named 'torchvision'
2026-08-03 21:32:36.603 Examining the path of transformers.models.mask2former.image_processing_mask2former_fast raised:
Traceback (most recent call last):
  File "C:\Users\hp\AppData\Roaming\Python\Python313\site-packages\streamlit\watcher\local_sources_watcher.py", line 267, in get_module_paths
    potential_paths = extract_paths(module)
  File "C:\Users\hp\AppData\Roaming\Python\Python313\site-packages\streamlit\watcher\local_sources_watcher.py", line 255, in <lambda>
    if hasattr(m, "__path__")
       ~~~~~~~^^^^^^^^^^^^^^^
  File "C:\Users\hp\AppData\Roaming\Python\Python313\site-packages\transformers\__init__.py", line 862, in _getattr
    return getattr(importlib.import_module(target, __name__), name)
                   ~~~~~~~~~~~~~~~~~~~~~~~^^^^^^^^^^^^^^^^^^
  File "C:\Python313\Lib\importlib\__init__.py", line 88, in import_module
    return _bootstrap._gcd_import(name[level:], package, level)
           ~~~~~~~~~~~~~~~~~~~~~~^^^^^^^^^^^^^^^^^^^^^^^^^^^^^^
  File "<frozen importlib._bootstrap>", line 1387, in _gcd_import
  File "<frozen importlib._bootstrap>", line 1360, in _find_and_load
  File "<frozen importlib._bootstrap>", line 1331, in _find_and_load_unlocked
  File "<frozen importlib._bootstrap>", line 935, in _load_unlocked
  File "<frozen importlib._bootstrap_external>", line 1026, in exec_module
  File "<frozen importlib._bootstrap>", line 488, in _call_with_frames_removed
  File "C:\Users\hp\AppData\Roaming\Python\Python313\site-packages\transformers\models\mask2former\image_processing_mask2former.py", line 27, in <module>
    from torchvision.transforms.v2 import functional as tvF
ModuleNotFoundError: No module named 'torchvision'
2026-08-03 21:32:36.606 Examining the path of transformers.models.maskformer.image_processing_maskformer_fast raised:
Traceback (most recent call last):
  File "C:\Users\hp\AppData\Roaming\Python\Python313\site-packages\streamlit\watcher\local_sources_watcher.py", line 267, in get_module_paths
    potential_paths = extract_paths(module)
  File "C:\Users\hp\AppData\Roaming\Python\Python313\site-packages\streamlit\watcher\local_sources_watcher.py", line 255, in <lambda>
    if hasattr(m, "__path__")
       ~~~~~~~^^^^^^^^^^^^^^^
  File "C:\Users\hp\AppData\Roaming\Python\Python313\site-packages\transformers\__init__.py", line 862, in _getattr
    return getattr(importlib.import_module(target, __name__), name)
                   ~~~~~~~~~~~~~~~~~~~~~~~^^^^^^^^^^^^^^^^^^
  File "C:\Python313\Lib\importlib\__init__.py", line 88, in import_module
    return _bootstrap._gcd_import(name[level:], package, level)
           ~~~~~~~~~~~~~~~~~~~~~~^^^^^^^^^^^^^^^^^^^^^^^^^^^^^^
  File "<frozen importlib._bootstrap>", line 1387, in _gcd_import
  File "<frozen importlib._bootstrap>", line 1360, in _find_and_load
  File "<frozen importlib._bootstrap>", line 1331, in _find_and_load_unlocked
  File "<frozen importlib._bootstrap>", line 935, in _load_unlocked
  File "<frozen importlib._bootstrap_external>", line 1026, in exec_module
  File "<frozen importlib._bootstrap>", line 488, in _call_with_frames_removed
  File "C:\Users\hp\AppData\Roaming\Python\Python313\site-packages\transformers\models\maskformer\image_processing_maskformer.py", line 22, in <module>
    from torchvision.transforms.v2 import functional as tvF
ModuleNotFoundError: No module named 'torchvision'
2026-08-03 21:32:36.609 Examining the path of transformers.models.minimax_m3_vl.image_processing_minimax_m3_vl_fast raised:
Traceback (most recent call last):
  File "C:\Users\hp\AppData\Roaming\Python\Python313\site-packages\streamlit\watcher\local_sources_watcher.py", line 267, in get_module_paths
    potential_paths = extract_paths(module)
  File "C:\Users\hp\AppData\Roaming\Python\Python313\site-packages\streamlit\watcher\local_sources_watcher.py", line 255, in <lambda>
    if hasattr(m, "__path__")
       ~~~~~~~^^^^^^^^^^^^^^^
  File "C:\Users\hp\AppData\Roaming\Python\Python313\site-packages\transformers\__init__.py", line 862, in _getattr
    return getattr(importlib.import_module(target, __name__), name)
                   ~~~~~~~~~~~~~~~~~~~~~~~^^^^^^^^^^^^^^^^^^
  File "C:\Python313\Lib\importlib\__init__.py", line 88, in import_module
    return _bootstrap._gcd_import(name[level:], package, level)
           ~~~~~~~~~~~~~~~~~~~~~~^^^^^^^^^^^^^^^^^^^^^^^^^^^^^^
  File "<frozen importlib._bootstrap>", line 1387, in _gcd_import
  File "<frozen importlib._bootstrap>", line 1360, in _find_and_load
  File "<frozen importlib._bootstrap>", line 1331, in _find_and_load_unlocked
  File "<frozen importlib._bootstrap>", line 935, in _load_unlocked
  File "<frozen importlib._bootstrap_external>", line 1026, in exec_module
  File "<frozen importlib._bootstrap>", line 488, in _call_with_frames_removed
  File "C:\Users\hp\AppData\Roaming\Python\Python313\site-packages\transformers\models\minimax_m3_vl\image_processing_minimax_m3_vl.py", line 18, in <module>
    from torchvision.transforms.v2 import functional as tvF
ModuleNotFoundError: No module named 'torchvision'
2026-08-03 21:32:36.612 Examining the path of transformers.models.mllama.image_processing_mllama_fast raised:
Traceback (most recent call last):
  File "C:\Users\hp\AppData\Roaming\Python\Python313\site-packages\streamlit\watcher\local_sources_watcher.py", line 267, in get_module_paths
    potential_paths = extract_paths(module)
  File "C:\Users\hp\AppData\Roaming\Python\Python313\site-packages\streamlit\watcher\local_sources_watcher.py", line 255, in <lambda>
    if hasattr(m, "__path__")
       ~~~~~~~^^^^^^^^^^^^^^^
  File "C:\Users\hp\AppData\Roaming\Python\Python313\site-packages\transformers\__init__.py", line 862, in _getattr
    return getattr(importlib.import_module(target, __name__), name)
                   ~~~~~~~~~~~~~~~~~~~~~~~^^^^^^^^^^^^^^^^^^
  File "C:\Python313\Lib\importlib\__init__.py", line 88, in import_module
    return _bootstrap._gcd_import(name[level:], package, level)
           ~~~~~~~~~~~~~~~~~~~~~~^^^^^^^^^^^^^^^^^^^^^^^^^^^^^^
  File "<frozen importlib._bootstrap>", line 1387, in _gcd_import
  File "<frozen importlib._bootstrap>", line 1360, in _find_and_load
  File "<frozen importlib._bootstrap>", line 1331, in _find_and_load_unlocked
  File "<frozen importlib._bootstrap>", line 935, in _load_unlocked
  File "<frozen importlib._bootstrap_external>", line 1026, in exec_module
  File "<frozen importlib._bootstrap>", line 488, in _call_with_frames_removed
  File "C:\Users\hp\AppData\Roaming\Python\Python313\site-packages\transformers\models\mllama\image_processing_mllama.py", line 40, in <module>
    from torchvision.transforms.v2 import functional as tvF
ModuleNotFoundError: No module named 'torchvision'
2026-08-03 21:32:36.615 Examining the path of transformers.models.mobilenet_v2.image_processing_mobilenet_v2_fast raised:
Traceback (most recent call last):
  File "C:\Users\hp\AppData\Roaming\Python\Python313\site-packages\streamlit\watcher\local_sources_watcher.py", line 267, in get_module_paths
    potential_paths = extract_paths(module)
  File "C:\Users\hp\AppData\Roaming\Python\Python313\site-packages\streamlit\watcher\local_sources_watcher.py", line 255, in <lambda>
    if hasattr(m, "__path__")
       ~~~~~~~^^^^^^^^^^^^^^^
  File "C:\Users\hp\AppData\Roaming\Python\Python313\site-packages\transformers\__init__.py", line 862, in _getattr
    return getattr(importlib.import_module(target, __name__), name)
                   ~~~~~~~~~~~~~~~~~~~~~~~^^^^^^^^^^^^^^^^^^
  File "C:\Python313\Lib\importlib\__init__.py", line 88, in import_module
    return _bootstrap._gcd_import(name[level:], package, level)
           ~~~~~~~~~~~~~~~~~~~~~~^^^^^^^^^^^^^^^^^^^^^^^^^^^^^^
  File "<frozen importlib._bootstrap>", line 1387, in _gcd_import
  File "<frozen importlib._bootstrap>", line 1360, in _find_and_load
  File "<frozen importlib._bootstrap>", line 1331, in _find_and_load_unlocked
  File "<frozen importlib._bootstrap>", line 935, in _load_unlocked
  File "<frozen importlib._bootstrap_external>", line 1026, in exec_module
  File "<frozen importlib._bootstrap>", line 488, in _call_with_frames_removed
  File "C:\Users\hp\AppData\Roaming\Python\Python313\site-packages\transformers\models\mobilenet_v2\image_processing_mobilenet_v2.py", line 19, in <module>
    from torchvision.transforms.v2 import functional as tvF
ModuleNotFoundError: No module named 'torchvision'
2026-08-03 21:32:36.617 Examining the path of transformers.models.mobilevit.image_processing_mobilevit_fast raised:
Traceback (most recent call last):
  File "C:\Users\hp\AppData\Roaming\Python\Python313\site-packages\streamlit\watcher\local_sources_watcher.py", line 267, in get_module_paths
    potential_paths = extract_paths(module)
  File "C:\Users\hp\AppData\Roaming\Python\Python313\site-packages\streamlit\watcher\local_sources_watcher.py", line 255, in <lambda>
    if hasattr(m, "__path__")
       ~~~~~~~^^^^^^^^^^^^^^^
  File "C:\Users\hp\AppData\Roaming\Python\Python313\site-packages\transformers\__init__.py", line 862, in _getattr
    return getattr(importlib.import_module(target, __name__), name)
                   ~~~~~~~~~~~~~~~~~~~~~~~^^^^^^^^^^^^^^^^^^
  File "C:\Python313\Lib\importlib\__init__.py", line 88, in import_module
    return _bootstrap._gcd_import(name[level:], package, level)
           ~~~~~~~~~~~~~~~~~~~~~~^^^^^^^^^^^^^^^^^^^^^^^^^^^^^^
  File "<frozen importlib._bootstrap>", line 1387, in _gcd_import
  File "<frozen importlib._bootstrap>", line 1360, in _find_and_load
  File "<frozen importlib._bootstrap>", line 1331, in _find_and_load_unlocked
  File "<frozen importlib._bootstrap>", line 935, in _load_unlocked
  File "<frozen importlib._bootstrap_external>", line 1026, in exec_module
  File "<frozen importlib._bootstrap>", line 488, in _call_with_frames_removed
  File "C:\Users\hp\AppData\Roaming\Python\Python313\site-packages\transformers\models\mobilevit\image_processing_mobilevit.py", line 19, in <module>
    from torchvision.transforms.v2 import functional as tvF
ModuleNotFoundError: No module named 'torchvision'
2026-08-03 21:32:36.621 Examining the path of transformers.models.nougat.image_processing_nougat_fast raised:
Traceback (most recent call last):
  File "C:\Users\hp\AppData\Roaming\Python\Python313\site-packages\streamlit\watcher\local_sources_watcher.py", line 267, in get_module_paths
    potential_paths = extract_paths(module)
  File "C:\Users\hp\AppData\Roaming\Python\Python313\site-packages\streamlit\watcher\local_sources_watcher.py", line 255, in <lambda>
    if hasattr(m, "__path__")
       ~~~~~~~^^^^^^^^^^^^^^^
  File "C:\Users\hp\AppData\Roaming\Python\Python313\site-packages\transformers\__init__.py", line 862, in _getattr
    return getattr(importlib.import_module(target, __name__), name)
                   ~~~~~~~~~~~~~~~~~~~~~~~^^^^^^^^^^^^^^^^^^
  File "C:\Python313\Lib\importlib\__init__.py", line 88, in import_module
    return _bootstrap._gcd_import(name[level:], package, level)
           ~~~~~~~~~~~~~~~~~~~~~~^^^^^^^^^^^^^^^^^^^^^^^^^^^^^^
  File "<frozen importlib._bootstrap>", line 1387, in _gcd_import
  File "<frozen importlib._bootstrap>", line 1360, in _find_and_load
  File "<frozen importlib._bootstrap>", line 1331, in _find_and_load_unlocked
  File "<frozen importlib._bootstrap>", line 935, in _load_unlocked
  File "<frozen importlib._bootstrap_external>", line 1026, in exec_module
  File "<frozen importlib._bootstrap>", line 488, in _call_with_frames_removed
  File "C:\Users\hp\AppData\Roaming\Python\Python313\site-packages\transformers\models\nougat\image_processing_nougat.py", line 17, in <module>
    from torchvision.transforms.v2 import functional as tvF
ModuleNotFoundError: No module named 'torchvision'
2026-08-03 21:32:36.624 Examining the path of transformers.models.oneformer.image_processing_oneformer_fast raised:
Traceback (most recent call last):
  File "C:\Users\hp\AppData\Roaming\Python\Python313\site-packages\streamlit\watcher\local_sources_watcher.py", line 267, in get_module_paths
    potential_paths = extract_paths(module)
  File "C:\Users\hp\AppData\Roaming\Python\Python313\site-packages\streamlit\watcher\local_sources_watcher.py", line 255, in <lambda>
    if hasattr(m, "__path__")
       ~~~~~~~^^^^^^^^^^^^^^^
  File "C:\Users\hp\AppData\Roaming\Python\Python313\site-packages\transformers\__init__.py", line 862, in _getattr
    return getattr(importlib.import_module(target, __name__), name)
                   ~~~~~~~~~~~~~~~~~~~~~~~^^^^^^^^^^^^^^^^^^
  File "C:\Python313\Lib\importlib\__init__.py", line 88, in import_module
    return _bootstrap._gcd_import(name[level:], package, level)
           ~~~~~~~~~~~~~~~~~~~~~~^^^^^^^^^^^^^^^^^^^^^^^^^^^^^^
  File "<frozen importlib._bootstrap>", line 1387, in _gcd_import
  File "<frozen importlib._bootstrap>", line 1360, in _find_and_load
  File "<frozen importlib._bootstrap>", line 1331, in _find_and_load_unlocked
  File "<frozen importlib._bootstrap>", line 935, in _load_unlocked
  File "<frozen importlib._bootstrap_external>", line 1026, in exec_module
  File "<frozen importlib._bootstrap>", line 488, in _call_with_frames_removed
  File "C:\Users\hp\AppData\Roaming\Python\Python313\site-packages\transformers\models\oneformer\image_processing_oneformer.py", line 23, in <module>
    from torchvision.transforms.v2 import functional as tvF
ModuleNotFoundError: No module named 'torchvision'
2026-08-03 21:32:36.627 Examining the path of transformers.models.ovis2.image_processing_ovis2_fast raised:
Traceback (most recent call last):
  File "C:\Users\hp\AppData\Roaming\Python\Python313\site-packages\streamlit\watcher\local_sources_watcher.py", line 267, in get_module_paths
    potential_paths = extract_paths(module)
  File "C:\Users\hp\AppData\Roaming\Python\Python313\site-packages\streamlit\watcher\local_sources_watcher.py", line 255, in <lambda>
    if hasattr(m, "__path__")
       ~~~~~~~^^^^^^^^^^^^^^^
  File "C:\Users\hp\AppData\Roaming\Python\Python313\site-packages\transformers\__init__.py", line 862, in _getattr
    return getattr(importlib.import_module(target, __name__), name)
                   ~~~~~~~~~~~~~~~~~~~~~~~^^^^^^^^^^^^^^^^^^
  File "C:\Python313\Lib\importlib\__init__.py", line 88, in import_module
    return _bootstrap._gcd_import(name[level:], package, level)
           ~~~~~~~~~~~~~~~~~~~~~~^^^^^^^^^^^^^^^^^^^^^^^^^^^^^^
  File "<frozen importlib._bootstrap>", line 1387, in _gcd_import
  File "<frozen importlib._bootstrap>", line 1360, in _find_and_load
  File "<frozen importlib._bootstrap>", line 1331, in _find_and_load_unlocked
  File "<frozen importlib._bootstrap>", line 935, in _load_unlocked
  File "<frozen importlib._bootstrap_external>", line 1026, in exec_module
  File "<frozen importlib._bootstrap>", line 488, in _call_with_frames_removed
  File "C:\Users\hp\AppData\Roaming\Python\Python313\site-packages\transformers\models\ovis2\image_processing_ovis2.py", line 19, in <module>
    from torchvision.transforms.v2 import functional as tvF
ModuleNotFoundError: No module named 'torchvision'
2026-08-03 21:32:36.630 Examining the path of transformers.models.owlv2.image_processing_owlv2_fast raised:
Traceback (most recent call last):
  File "C:\Users\hp\AppData\Roaming\Python\Python313\site-packages\streamlit\watcher\local_sources_watcher.py", line 267, in get_module_paths
    potential_paths = extract_paths(module)
  File "C:\Users\hp\AppData\Roaming\Python\Python313\site-packages\streamlit\watcher\local_sources_watcher.py", line 255, in <lambda>
    if hasattr(m, "__path__")
       ~~~~~~~^^^^^^^^^^^^^^^
  File "C:\Users\hp\AppData\Roaming\Python\Python313\site-packages\transformers\__init__.py", line 862, in _getattr
    return getattr(importlib.import_module(target, __name__), name)
                   ~~~~~~~~~~~~~~~~~~~~~~~^^^^^^^^^^^^^^^^^^
  File "C:\Python313\Lib\importlib\__init__.py", line 88, in import_module
    return _bootstrap._gcd_import(name[level:], package, level)
           ~~~~~~~~~~~~~~~~~~~~~~^^^^^^^^^^^^^^^^^^^^^^^^^^^^^^
  File "<frozen importlib._bootstrap>", line 1387, in _gcd_import
  File "<frozen importlib._bootstrap>", line 1360, in _find_and_load
  File "<frozen importlib._bootstrap>", line 1331, in _find_and_load_unlocked
  File "<frozen importlib._bootstrap>", line 935, in _load_unlocked
  File "<frozen importlib._bootstrap_external>", line 1026, in exec_module
  File "<frozen importlib._bootstrap>", line 488, in _call_with_frames_removed
  File "C:\Users\hp\AppData\Roaming\Python\Python313\site-packages\transformers\models\owlv2\image_processing_owlv2.py", line 25, in <module>
    import torchvision.transforms.v2.functional as tvF
ModuleNotFoundError: No module named 'torchvision'
2026-08-03 21:32:36.633 Examining the path of transformers.models.perceiver.image_processing_perceiver_fast raised:
Traceback (most recent call last):
  File "C:\Users\hp\AppData\Roaming\Python\Python313\site-packages\streamlit\watcher\local_sources_watcher.py", line 267, in get_module_paths
    potential_paths = extract_paths(module)
  File "C:\Users\hp\AppData\Roaming\Python\Python313\site-packages\streamlit\watcher\local_sources_watcher.py", line 255, in <lambda>
    if hasattr(m, "__path__")
       ~~~~~~~^^^^^^^^^^^^^^^
  File "C:\Users\hp\AppData\Roaming\Python\Python313\site-packages\transformers\__init__.py", line 862, in _getattr
    return getattr(importlib.import_module(target, __name__), name)
                   ~~~~~~~~~~~~~~~~~~~~~~~^^^^^^^^^^^^^^^^^^
  File "C:\Python313\Lib\importlib\__init__.py", line 88, in import_module
    return _bootstrap._gcd_import(name[level:], package, level)
           ~~~~~~~~~~~~~~~~~~~~~~^^^^^^^^^^^^^^^^^^^^^^^^^^^^^^
  File "<frozen importlib._bootstrap>", line 1387, in _gcd_import
  File "<frozen importlib._bootstrap>", line 1360, in _find_and_load
  File "<frozen importlib._bootstrap>", line 1331, in _find_and_load_unlocked
  File "<frozen importlib._bootstrap>", line 935, in _load_unlocked
  File "<frozen importlib._bootstrap_external>", line 1026, in exec_module
  File "<frozen importlib._bootstrap>", line 488, in _call_with_frames_removed
  File "C:\Users\hp\AppData\Roaming\Python\Python313\site-packages\transformers\models\perceiver\image_processing_perceiver.py", line 17, in <module>
    from torchvision.transforms.v2 import functional as tvF
ModuleNotFoundError: No module named 'torchvision'
2026-08-03 21:32:36.636 Examining the path of transformers.models.perception_lm.image_processing_perception_lm_fast raised:
Traceback (most recent call last):
  File "C:\Users\hp\AppData\Roaming\Python\Python313\site-packages\streamlit\watcher\local_sources_watcher.py", line 267, in get_module_paths
    potential_paths = extract_paths(module)
  File "C:\Users\hp\AppData\Roaming\Python\Python313\site-packages\streamlit\watcher\local_sources_watcher.py", line 255, in <lambda>
    if hasattr(m, "__path__")
       ~~~~~~~^^^^^^^^^^^^^^^
  File "C:\Users\hp\AppData\Roaming\Python\Python313\site-packages\transformers\__init__.py", line 862, in _getattr
    return getattr(importlib.import_module(target, __name__), name)
                   ~~~~~~~~~~~~~~~~~~~~~~~^^^^^^^^^^^^^^^^^^
  File "C:\Python313\Lib\importlib\__init__.py", line 88, in import_module
    return _bootstrap._gcd_import(name[level:], package, level)
           ~~~~~~~~~~~~~~~~~~~~~~^^^^^^^^^^^^^^^^^^^^^^^^^^^^^^
  File "<frozen importlib._bootstrap>", line 1387, in _gcd_import
  File "<frozen importlib._bootstrap>", line 1360, in _find_and_load
  File "<frozen importlib._bootstrap>", line 1331, in _find_and_load_unlocked
  File "<frozen importlib._bootstrap>", line 935, in _load_unlocked
  File "<frozen importlib._bootstrap_external>", line 1026, in exec_module
  File "<frozen importlib._bootstrap>", line 488, in _call_with_frames_removed
  File "C:\Users\hp\AppData\Roaming\Python\Python313\site-packages\transformers\models\perception_lm\image_processing_perception_lm.py", line 19, in <module>
    from torchvision.transforms.v2 import functional as tvF
ModuleNotFoundError: No module named 'torchvision'
2026-08-03 21:32:36.639 Examining the path of transformers.models.phi4_multimodal.image_processing_phi4_multimodal_fast raised:
Traceback (most recent call last):
  File "C:\Users\hp\AppData\Roaming\Python\Python313\site-packages\streamlit\watcher\local_sources_watcher.py", line 267, in get_module_paths
    potential_paths = extract_paths(module)
  File "C:\Users\hp\AppData\Roaming\Python\Python313\site-packages\streamlit\watcher\local_sources_watcher.py", line 255, in <lambda>
    if hasattr(m, "__path__")
       ~~~~~~~^^^^^^^^^^^^^^^
  File "C:\Users\hp\AppData\Roaming\Python\Python313\site-packages\transformers\__init__.py", line 862, in _getattr
    return getattr(importlib.import_module(target, __name__), name)
                   ~~~~~~~~~~~~~~~~~~~~~~~^^^^^^^^^^^^^^^^^^
  File "C:\Python313\Lib\importlib\__init__.py", line 88, in import_module
    return _bootstrap._gcd_import(name[level:], package, level)
           ~~~~~~~~~~~~~~~~~~~~~~^^^^^^^^^^^^^^^^^^^^^^^^^^^^^^
  File "<frozen importlib._bootstrap>", line 1387, in _gcd_import
  File "<frozen importlib._bootstrap>", line 1360, in _find_and_load
  File "<frozen importlib._bootstrap>", line 1331, in _find_and_load_unlocked
  File "<frozen importlib._bootstrap>", line 935, in _load_unlocked
  File "<frozen importlib._bootstrap_external>", line 1026, in exec_module
  File "<frozen importlib._bootstrap>", line 488, in _call_with_frames_removed
  File "C:\Users\hp\AppData\Roaming\Python\Python313\site-packages\transformers\models\phi4_multimodal\image_processing_phi4_multimodal.py", line 19, in <module>
    from torchvision.transforms.v2 import functional as tvF
ModuleNotFoundError: No module named 'torchvision'
2026-08-03 21:32:36.642 Examining the path of transformers.models.pix2struct.image_processing_pix2struct_fast raised:
Traceback (most recent call last):
  File "C:\Users\hp\AppData\Roaming\Python\Python313\site-packages\streamlit\watcher\local_sources_watcher.py", line 267, in get_module_paths
    potential_paths = extract_paths(module)
  File "C:\Users\hp\AppData\Roaming\Python\Python313\site-packages\streamlit\watcher\local_sources_watcher.py", line 255, in <lambda>
    if hasattr(m, "__path__")
       ~~~~~~~^^^^^^^^^^^^^^^
  File "C:\Users\hp\AppData\Roaming\Python\Python313\site-packages\transformers\__init__.py", line 862, in _getattr
    return getattr(importlib.import_module(target, __name__), name)
                   ~~~~~~~~~~~~~~~~~~~~~~~^^^^^^^^^^^^^^^^^^
  File "C:\Python313\Lib\importlib\__init__.py", line 88, in import_module
    return _bootstrap._gcd_import(name[level:], package, level)
           ~~~~~~~~~~~~~~~~~~~~~~^^^^^^^^^^^^^^^^^^^^^^^^^^^^^^
  File "<frozen importlib._bootstrap>", line 1387, in _gcd_import
  File "<frozen importlib._bootstrap>", line 1360, in _find_and_load
  File "<frozen importlib._bootstrap>", line 1331, in _find_and_load_unlocked
  File "<frozen importlib._bootstrap>", line 935, in _load_unlocked
  File "<frozen importlib._bootstrap_external>", line 1026, in exec_module
  File "<frozen importlib._bootstrap>", line 488, in _call_with_frames_removed
  File "C:\Users\hp\AppData\Roaming\Python\Python313\site-packages\transformers\models\pix2struct\image_processing_pix2struct.py", line 21, in <module>
    import torchvision.transforms.v2.functional as tvF
ModuleNotFoundError: No module named 'torchvision'
2026-08-03 21:32:36.646 Examining the path of transformers.models.pixtral.image_processing_pixtral_fast raised:
Traceback (most recent call last):
  File "C:\Users\hp\AppData\Roaming\Python\Python313\site-packages\streamlit\watcher\local_sources_watcher.py", line 267, in get_module_paths
    potential_paths = extract_paths(module)
  File "C:\Users\hp\AppData\Roaming\Python\Python313\site-packages\streamlit\watcher\local_sources_watcher.py", line 255, in <lambda>
    if hasattr(m, "__path__")
       ~~~~~~~^^^^^^^^^^^^^^^
  File "C:\Users\hp\AppData\Roaming\Python\Python313\site-packages\transformers\__init__.py", line 862, in _getattr
    return getattr(importlib.import_module(target, __name__), name)
                   ~~~~~~~~~~~~~~~~~~~~~~~^^^^^^^^^^^^^^^^^^
  File "C:\Python313\Lib\importlib\__init__.py", line 88, in import_module
    return _bootstrap._gcd_import(name[level:], package, level)
           ~~~~~~~~~~~~~~~~~~~~~~^^^^^^^^^^^^^^^^^^^^^^^^^^^^^^
  File "<frozen importlib._bootstrap>", line 1387, in _gcd_import
  File "<frozen importlib._bootstrap>", line 1360, in _find_and_load
  File "<frozen importlib._bootstrap>", line 1331, in _find_and_load_unlocked
  File "<frozen importlib._bootstrap>", line 935, in _load_unlocked
  File "<frozen importlib._bootstrap_external>", line 1026, in exec_module
  File "<frozen importlib._bootstrap>", line 488, in _call_with_frames_removed
  File "C:\Users\hp\AppData\Roaming\Python\Python313\site-packages\transformers\models\pixtral\image_processing_pixtral.py", line 19, in <module>
    from torchvision.transforms.v2 import functional as tvF
ModuleNotFoundError: No module named 'torchvision'
2026-08-03 21:32:36.648 Examining the path of transformers.models.poolformer.image_processing_poolformer_fast raised:
Traceback (most recent call last):
  File "C:\Users\hp\AppData\Roaming\Python\Python313\site-packages\streamlit\watcher\local_sources_watcher.py", line 267, in get_module_paths
    potential_paths = extract_paths(module)
  File "C:\Users\hp\AppData\Roaming\Python\Python313\site-packages\streamlit\watcher\local_sources_watcher.py", line 255, in <lambda>
    if hasattr(m, "__path__")
       ~~~~~~~^^^^^^^^^^^^^^^
  File "C:\Users\hp\AppData\Roaming\Python\Python313\site-packages\transformers\__init__.py", line 862, in _getattr
    return getattr(importlib.import_module(target, __name__), name)
                   ~~~~~~~~~~~~~~~~~~~~~~~^^^^^^^^^^^^^^^^^^
  File "C:\Python313\Lib\importlib\__init__.py", line 88, in import_module
    return _bootstrap._gcd_import(name[level:], package, level)
           ~~~~~~~~~~~~~~~~~~~~~~^^^^^^^^^^^^^^^^^^^^^^^^^^^^^^
  File "<frozen importlib._bootstrap>", line 1387, in _gcd_import
  File "<frozen importlib._bootstrap>", line 1360, in _find_and_load
  File "<frozen importlib._bootstrap>", line 1331, in _find_and_load_unlocked
  File "<frozen importlib._bootstrap>", line 935, in _load_unlocked
  File "<frozen importlib._bootstrap_external>", line 1026, in exec_module
  File "<frozen importlib._bootstrap>", line 488, in _call_with_frames_removed
  File "C:\Users\hp\AppData\Roaming\Python\Python313\site-packages\transformers\models\poolformer\image_processing_poolformer.py", line 17, in <module>
    from torchvision.transforms.v2 import functional as tvF
ModuleNotFoundError: No module named 'torchvision'
2026-08-03 21:32:36.652 Examining the path of transformers.models.pp_doclayout_v2.image_processing_pp_doclayout_v2_fast raised:
Traceback (most recent call last):
  File "C:\Users\hp\AppData\Roaming\Python\Python313\site-packages\streamlit\watcher\local_sources_watcher.py", line 267, in get_module_paths
    potential_paths = extract_paths(module)
  File "C:\Users\hp\AppData\Roaming\Python\Python313\site-packages\streamlit\watcher\local_sources_watcher.py", line 255, in <lambda>
    if hasattr(m, "__path__")
       ~~~~~~~^^^^^^^^^^^^^^^
  File "C:\Users\hp\AppData\Roaming\Python\Python313\site-packages\transformers\__init__.py", line 862, in _getattr
    return getattr(importlib.import_module(target, __name__), name)
                   ~~~~~~~~~~~~~~~~~~~~~~~^^^^^^^^^^^^^^^^^^
  File "C:\Python313\Lib\importlib\__init__.py", line 88, in import_module
    return _bootstrap._gcd_import(name[level:], package, level)
           ~~~~~~~~~~~~~~~~~~~~~~^^^^^^^^^^^^^^^^^^^^^^^^^^^^^^
  File "<frozen importlib._bootstrap>", line 1387, in _gcd_import
  File "<frozen importlib._bootstrap>", line 1360, in _find_and_load
  File "<frozen importlib._bootstrap>", line 1331, in _find_and_load_unlocked
  File "<frozen importlib._bootstrap>", line 935, in _load_unlocked
  File "<frozen importlib._bootstrap_external>", line 1026, in exec_module
  File "<frozen importlib._bootstrap>", line 488, in _call_with_frames_removed
  File "C:\Users\hp\AppData\Roaming\Python\Python313\site-packages\transformers\models\pp_doclayout_v2\image_processing_pp_doclayout_v2.py", line 23, in <module>
    from torchvision.transforms.v2 import functional as tvF
ModuleNotFoundError: No module named 'torchvision'
2026-08-03 21:32:36.654 Examining the path of transformers.models.pp_doclayout_v3.image_processing_pp_doclayout_v3_fast raised:
Traceback (most recent call last):
  File "C:\Users\hp\AppData\Roaming\Python\Python313\site-packages\streamlit\watcher\local_sources_watcher.py", line 267, in get_module_paths
    potential_paths = extract_paths(module)
  File "C:\Users\hp\AppData\Roaming\Python\Python313\site-packages\streamlit\watcher\local_sources_watcher.py", line 255, in <lambda>
    if hasattr(m, "__path__")
       ~~~~~~~^^^^^^^^^^^^^^^
  File "C:\Users\hp\AppData\Roaming\Python\Python313\site-packages\transformers\__init__.py", line 862, in _getattr
    return getattr(importlib.import_module(target, __name__), name)
                   ~~~~~~~~~~~~~~~~~~~~~~~^^^^^^^^^^^^^^^^^^
  File "C:\Python313\Lib\importlib\__init__.py", line 88, in import_module
    return _bootstrap._gcd_import(name[level:], package, level)
           ~~~~~~~~~~~~~~~~~~~~~~^^^^^^^^^^^^^^^^^^^^^^^^^^^^^^
  File "<frozen importlib._bootstrap>", line 1387, in _gcd_import
  File "<frozen importlib._bootstrap>", line 1360, in _find_and_load
  File "<frozen importlib._bootstrap>", line 1331, in _find_and_load_unlocked
  File "<frozen importlib._bootstrap>", line 935, in _load_unlocked
  File "<frozen importlib._bootstrap_external>", line 1026, in exec_module
  File "<frozen importlib._bootstrap>", line 488, in _call_with_frames_removed
  File "C:\Users\hp\AppData\Roaming\Python\Python313\site-packages\transformers\models\pp_doclayout_v3\image_processing_pp_doclayout_v3.py", line 24, in <module>
    from torchvision.transforms.v2 import functional as tvF
ModuleNotFoundError: No module named 'torchvision'
2026-08-03 21:32:36.657 Examining the path of transformers.models.pp_formulanet.image_processing_pp_formulanet_fast raised:
Traceback (most recent call last):
  File "C:\Users\hp\AppData\Roaming\Python\Python313\site-packages\streamlit\watcher\local_sources_watcher.py", line 267, in get_module_paths
    potential_paths = extract_paths(module)
  File "C:\Users\hp\AppData\Roaming\Python\Python313\site-packages\streamlit\watcher\local_sources_watcher.py", line 255, in <lambda>
    if hasattr(m, "__path__")
       ~~~~~~~^^^^^^^^^^^^^^^
  File "C:\Users\hp\AppData\Roaming\Python\Python313\site-packages\transformers\__init__.py", line 862, in _getattr
    return getattr(importlib.import_module(target, __name__), name)
                   ~~~~~~~~~~~~~~~~~~~~~~~^^^^^^^^^^^^^^^^^^
  File "C:\Python313\Lib\importlib\__init__.py", line 88, in import_module
    return _bootstrap._gcd_import(name[level:], package, level)
           ~~~~~~~~~~~~~~~~~~~~~~^^^^^^^^^^^^^^^^^^^^^^^^^^^^^^
  File "<frozen importlib._bootstrap>", line 1387, in _gcd_import
  File "<frozen importlib._bootstrap>", line 1360, in _find_and_load
  File "<frozen importlib._bootstrap>", line 1331, in _find_and_load_unlocked
  File "<frozen importlib._bootstrap>", line 935, in _load_unlocked
  File "<frozen importlib._bootstrap_external>", line 1026, in exec_module
  File "<frozen importlib._bootstrap>", line 488, in _call_with_frames_removed
  File "C:\Users\hp\AppData\Roaming\Python\Python313\site-packages\transformers\models\pp_formulanet\image_processing_pp_formulanet.py", line 23, in <module>
    from torchvision.transforms.v2 import functional as tvF
ModuleNotFoundError: No module named 'torchvision'
2026-08-03 21:32:36.660 Examining the path of transformers.models.pp_lcnet.image_processing_pp_lcnet_fast raised:
Traceback (most recent call last):
  File "C:\Users\hp\AppData\Roaming\Python\Python313\site-packages\streamlit\watcher\local_sources_watcher.py", line 267, in get_module_paths
    potential_paths = extract_paths(module)
  File "C:\Users\hp\AppData\Roaming\Python\Python313\site-packages\streamlit\watcher\local_sources_watcher.py", line 255, in <lambda>
    if hasattr(m, "__path__")
       ~~~~~~~^^^^^^^^^^^^^^^
  File "C:\Users\hp\AppData\Roaming\Python\Python313\site-packages\transformers\__init__.py", line 862, in _getattr
    return getattr(importlib.import_module(target, __name__), name)
                   ~~~~~~~~~~~~~~~~~~~~~~~^^^^^^^^^^^^^^^^^^
  File "C:\Python313\Lib\importlib\__init__.py", line 88, in import_module
    return _bootstrap._gcd_import(name[level:], package, level)
           ~~~~~~~~~~~~~~~~~~~~~~^^^^^^^^^^^^^^^^^^^^^^^^^^^^^^
  File "<frozen importlib._bootstrap>", line 1387, in _gcd_import
  File "<frozen importlib._bootstrap>", line 1360, in _find_and_load
  File "<frozen importlib._bootstrap>", line 1331, in _find_and_load_unlocked
  File "<frozen importlib._bootstrap>", line 935, in _load_unlocked
  File "<frozen importlib._bootstrap_external>", line 1026, in exec_module
  File "<frozen importlib._bootstrap>", line 488, in _call_with_frames_removed
  File "C:\Users\hp\AppData\Roaming\Python\Python313\site-packages\transformers\models\pp_lcnet\image_processing_pp_lcnet.py", line 24, in <module>
    import torchvision.transforms.v2.functional as tvF
ModuleNotFoundError: No module named 'torchvision'
2026-08-03 21:32:36.662 Examining the path of transformers.models.pp_ocrv5_server_det.image_processing_pp_ocrv5_server_det_fast raised:
Traceback (most recent call last):
  File "C:\Users\hp\AppData\Roaming\Python\Python313\site-packages\streamlit\watcher\local_sources_watcher.py", line 267, in get_module_paths
    potential_paths = extract_paths(module)
  File "C:\Users\hp\AppData\Roaming\Python\Python313\site-packages\streamlit\watcher\local_sources_watcher.py", line 255, in <lambda>
    if hasattr(m, "__path__")
       ~~~~~~~^^^^^^^^^^^^^^^
  File "C:\Users\hp\AppData\Roaming\Python\Python313\site-packages\transformers\__init__.py", line 862, in _getattr
    return getattr(importlib.import_module(target, __name__), name)
                   ~~~~~~~~~~~~~~~~~~~~~~~^^^^^^^^^^^^^^^^^^
  File "C:\Python313\Lib\importlib\__init__.py", line 88, in import_module
    return _bootstrap._gcd_import(name[level:], package, level)
           ~~~~~~~~~~~~~~~~~~~~~~^^^^^^^^^^^^^^^^^^^^^^^^^^^^^^
  File "<frozen importlib._bootstrap>", line 1387, in _gcd_import
  File "<frozen importlib._bootstrap>", line 1360, in _find_and_load
  File "<frozen importlib._bootstrap>", line 1331, in _find_and_load_unlocked
  File "<frozen importlib._bootstrap>", line 935, in _load_unlocked
  File "<frozen importlib._bootstrap_external>", line 1026, in exec_module
  File "<frozen importlib._bootstrap>", line 488, in _call_with_frames_removed
  File "C:\Users\hp\AppData\Roaming\Python\Python313\site-packages\transformers\models\pp_ocrv5_server_det\image_processing_pp_ocrv5_server_det.py", line 25, in <module>
    import torchvision.transforms.v2.functional as tvF
ModuleNotFoundError: No module named 'torchvision'
2026-08-03 21:32:36.665 Examining the path of transformers.models.pp_ocrv5_server_rec.image_processing_pp_ocrv5_server_rec_fast raised:
Traceback (most recent call last):
  File "C:\Users\hp\AppData\Roaming\Python\Python313\site-packages\streamlit\watcher\local_sources_watcher.py", line 267, in get_module_paths
    potential_paths = extract_paths(module)
  File "C:\Users\hp\AppData\Roaming\Python\Python313\site-packages\streamlit\watcher\local_sources_watcher.py", line 255, in <lambda>
    if hasattr(m, "__path__")
       ~~~~~~~^^^^^^^^^^^^^^^
  File "C:\Users\hp\AppData\Roaming\Python\Python313\site-packages\transformers\__init__.py", line 862, in _getattr
    return getattr(importlib.import_module(target, __name__), name)
                   ~~~~~~~~~~~~~~~~~~~~~~~^^^^^^^^^^^^^^^^^^
  File "C:\Python313\Lib\importlib\__init__.py", line 88, in import_module
    return _bootstrap._gcd_import(name[level:], package, level)
           ~~~~~~~~~~~~~~~~~~~~~~^^^^^^^^^^^^^^^^^^^^^^^^^^^^^^
  File "<frozen importlib._bootstrap>", line 1387, in _gcd_import
  File "<frozen importlib._bootstrap>", line 1360, in _find_and_load
  File "<frozen importlib._bootstrap>", line 1331, in _find_and_load_unlocked
  File "<frozen importlib._bootstrap>", line 935, in _load_unlocked
  File "<frozen importlib._bootstrap_external>", line 1026, in exec_module
  File "<frozen importlib._bootstrap>", line 488, in _call_with_frames_removed
  File "C:\Users\hp\AppData\Roaming\Python\Python313\site-packages\transformers\models\pp_ocrv5_server_rec\image_processing_pp_ocrv5_server_rec.py", line 24, in <module>
    import torchvision.transforms.v2.functional as tvF
ModuleNotFoundError: No module named 'torchvision'
2026-08-03 21:32:36.668 Examining the path of transformers.models.pp_ocrv6_small_rec.image_processing_pp_ocrv6_small_rec_fast raised:
Traceback (most recent call last):
  File "C:\Users\hp\AppData\Roaming\Python\Python313\site-packages\streamlit\watcher\local_sources_watcher.py", line 267, in get_module_paths
    potential_paths = extract_paths(module)
  File "C:\Users\hp\AppData\Roaming\Python\Python313\site-packages\streamlit\watcher\local_sources_watcher.py", line 255, in <lambda>
    if hasattr(m, "__path__")
       ~~~~~~~^^^^^^^^^^^^^^^
  File "C:\Users\hp\AppData\Roaming\Python\Python313\site-packages\transformers\__init__.py", line 862, in _getattr
    return getattr(importlib.import_module(target, __name__), name)
                   ~~~~~~~~~~~~~~~~~~~~~~~^^^^^^^^^^^^^^^^^^
  File "C:\Python313\Lib\importlib\__init__.py", line 88, in import_module
    return _bootstrap._gcd_import(name[level:], package, level)
           ~~~~~~~~~~~~~~~~~~~~~~^^^^^^^^^^^^^^^^^^^^^^^^^^^^^^
  File "<frozen importlib._bootstrap>", line 1387, in _gcd_import
  File "<frozen importlib._bootstrap>", line 1360, in _find_and_load
  File "<frozen importlib._bootstrap>", line 1331, in _find_and_load_unlocked
  File "<frozen importlib._bootstrap>", line 935, in _load_unlocked
  File "<frozen importlib._bootstrap_external>", line 1026, in exec_module
  File "<frozen importlib._bootstrap>", line 488, in _call_with_frames_removed
  File "C:\Users\hp\AppData\Roaming\Python\Python313\site-packages\transformers\models\pp_ocrv6_small_rec\image_processing_pp_ocrv6_small_rec.py", line 24, in <module>
    import torchvision.transforms.v2.functional as tvF
ModuleNotFoundError: No module named 'torchvision'
2026-08-03 21:32:36.670 Examining the path of transformers.models.prompt_depth_anything.image_processing_prompt_depth_anything_fast raised:
Traceback (most recent call last):
  File "C:\Users\hp\AppData\Roaming\Python\Python313\site-packages\streamlit\watcher\local_sources_watcher.py", line 267, in get_module_paths
    potential_paths = extract_paths(module)
  File "C:\Users\hp\AppData\Roaming\Python\Python313\site-packages\streamlit\watcher\local_sources_watcher.py", line 255, in <lambda>
    if hasattr(m, "__path__")
       ~~~~~~~^^^^^^^^^^^^^^^
  File "C:\Users\hp\AppData\Roaming\Python\Python313\site-packages\transformers\__init__.py", line 862, in _getattr
    return getattr(importlib.import_module(target, __name__), name)
                   ~~~~~~~~~~~~~~~~~~~~~~~^^^^^^^^^^^^^^^^^^
  File "C:\Python313\Lib\importlib\__init__.py", line 88, in import_module
    return _bootstrap._gcd_import(name[level:], package, level)
           ~~~~~~~~~~~~~~~~~~~~~~^^^^^^^^^^^^^^^^^^^^^^^^^^^^^^
  File "<frozen importlib._bootstrap>", line 1387, in _gcd_import
  File "<frozen importlib._bootstrap>", line 1360, in _find_and_load
  File "<frozen importlib._bootstrap>", line 1331, in _find_and_load_unlocked
  File "<frozen importlib._bootstrap>", line 935, in _load_unlocked
  File "<frozen importlib._bootstrap_external>", line 1026, in exec_module
  File "<frozen importlib._bootstrap>", line 488, in _call_with_frames_removed
  File "C:\Users\hp\AppData\Roaming\Python\Python313\site-packages\transformers\models\prompt_depth_anything\image_processing_prompt_depth_anything.py", line 42, in <module>
    from torchvision.transforms.v2 import functional as tvF
ModuleNotFoundError: No module named 'torchvision'
2026-08-03 21:32:36.673 Examining the path of transformers.models.qwen2_vl.image_processing_qwen2_vl_fast raised:
Traceback (most recent call last):
  File "C:\Users\hp\AppData\Roaming\Python\Python313\site-packages\streamlit\watcher\local_sources_watcher.py", line 267, in get_module_paths
    potential_paths = extract_paths(module)
  File "C:\Users\hp\AppData\Roaming\Python\Python313\site-packages\streamlit\watcher\local_sources_watcher.py", line 255, in <lambda>
    if hasattr(m, "__path__")
       ~~~~~~~^^^^^^^^^^^^^^^
  File "C:\Users\hp\AppData\Roaming\Python\Python313\site-packages\transformers\__init__.py", line 862, in _getattr
    return getattr(importlib.import_module(target, __name__), name)
                   ~~~~~~~~~~~~~~~~~~~~~~~^^^^^^^^^^^^^^^^^^
  File "C:\Python313\Lib\importlib\__init__.py", line 88, in import_module
    return _bootstrap._gcd_import(name[level:], package, level)
           ~~~~~~~~~~~~~~~~~~~~~~^^^^^^^^^^^^^^^^^^^^^^^^^^^^^^
  File "<frozen importlib._bootstrap>", line 1387, in _gcd_import
  File "<frozen importlib._bootstrap>", line 1360, in _find_and_load
  File "<frozen importlib._bootstrap>", line 1331, in _find_and_load_unlocked
  File "<frozen importlib._bootstrap>", line 935, in _load_unlocked
  File "<frozen importlib._bootstrap_external>", line 1026, in exec_module
  File "<frozen importlib._bootstrap>", line 488, in _call_with_frames_removed
  File "C:\Users\hp\AppData\Roaming\Python\Python313\site-packages\transformers\models\qwen2_vl\image_processing_qwen2_vl.py", line 25, in <module>
    from torchvision.transforms.v2 import functional as tvF
ModuleNotFoundError: No module named 'torchvision'
2026-08-03 21:32:36.676 Examining the path of transformers.models.rf_detr.image_processing_rf_detr_fast raised:
Traceback (most recent call last):
  File "C:\Users\hp\AppData\Roaming\Python\Python313\site-packages\streamlit\watcher\local_sources_watcher.py", line 267, in get_module_paths
    potential_paths = extract_paths(module)
  File "C:\Users\hp\AppData\Roaming\Python\Python313\site-packages\streamlit\watcher\local_sources_watcher.py", line 255, in <lambda>
    if hasattr(m, "__path__")
       ~~~~~~~^^^^^^^^^^^^^^^
  File "C:\Users\hp\AppData\Roaming\Python\Python313\site-packages\transformers\__init__.py", line 862, in _getattr
    return getattr(importlib.import_module(target, __name__), name)
                   ~~~~~~~~~~~~~~~~~~~~~~~^^^^^^^^^^^^^^^^^^
  File "C:\Python313\Lib\importlib\__init__.py", line 88, in import_module
    return _bootstrap._gcd_import(name[level:], package, level)
           ~~~~~~~~~~~~~~~~~~~~~~^^^^^^^^^^^^^^^^^^^^^^^^^^^^^^
  File "<frozen importlib._bootstrap>", line 1387, in _gcd_import
  File "<frozen importlib._bootstrap>", line 1360, in _find_and_load
  File "<frozen importlib._bootstrap>", line 1331, in _find_and_load_unlocked
  File "<frozen importlib._bootstrap>", line 935, in _load_unlocked
  File "<frozen importlib._bootstrap_external>", line 1026, in exec_module
  File "<frozen importlib._bootstrap>", line 488, in _call_with_frames_removed
  File "C:\Users\hp\AppData\Roaming\Python\Python313\site-packages\transformers\models\rf_detr\image_processing_rf_detr.py", line 26, in <module>
    from torchvision.transforms.v2 import functional as tvF
ModuleNotFoundError: No module named 'torchvision'
2026-08-03 21:32:36.679 Examining the path of transformers.models.rt_detr.image_processing_rt_detr_fast raised:
Traceback (most recent call last):
  File "C:\Users\hp\AppData\Roaming\Python\Python313\site-packages\streamlit\watcher\local_sources_watcher.py", line 267, in get_module_paths
    potential_paths = extract_paths(module)
  File "C:\Users\hp\AppData\Roaming\Python\Python313\site-packages\streamlit\watcher\local_sources_watcher.py", line 255, in <lambda>
    if hasattr(m, "__path__")
       ~~~~~~~^^^^^^^^^^^^^^^
  File "C:\Users\hp\AppData\Roaming\Python\Python313\site-packages\transformers\__init__.py", line 862, in _getattr
    return getattr(importlib.import_module(target, __name__), name)
                   ~~~~~~~~~~~~~~~~~~~~~~~^^^^^^^^^^^^^^^^^^
  File "C:\Python313\Lib\importlib\__init__.py", line 88, in import_module
    return _bootstrap._gcd_import(name[level:], package, level)
           ~~~~~~~~~~~~~~~~~~~~~~^^^^^^^^^^^^^^^^^^^^^^^^^^^^^^
  File "<frozen importlib._bootstrap>", line 1387, in _gcd_import
  File "<frozen importlib._bootstrap>", line 1360, in _find_and_load
  File "<frozen importlib._bootstrap>", line 1331, in _find_and_load_unlocked
  File "<frozen importlib._bootstrap>", line 935, in _load_unlocked
  File "<frozen importlib._bootstrap_external>", line 1026, in exec_module
  File "<frozen importlib._bootstrap>", line 488, in _call_with_frames_removed
  File "C:\Users\hp\AppData\Roaming\Python\Python313\site-packages\transformers\models\rt_detr\image_processing_rt_detr.py", line 24, in <module>
    from torchvision.transforms.v2 import functional as tvF
ModuleNotFoundError: No module named 'torchvision'
2026-08-03 21:32:36.682 Examining the path of transformers.models.sam.image_processing_sam_fast raised:
Traceback (most recent call last):
  File "C:\Users\hp\AppData\Roaming\Python\Python313\site-packages\streamlit\watcher\local_sources_watcher.py", line 267, in get_module_paths
    potential_paths = extract_paths(module)
  File "C:\Users\hp\AppData\Roaming\Python\Python313\site-packages\streamlit\watcher\local_sources_watcher.py", line 255, in <lambda>
    if hasattr(m, "__path__")
       ~~~~~~~^^^^^^^^^^^^^^^
  File "C:\Users\hp\AppData\Roaming\Python\Python313\site-packages\transformers\__init__.py", line 862, in _getattr
    return getattr(importlib.import_module(target, __name__), name)
                   ~~~~~~~~~~~~~~~~~~~~~~~^^^^^^^^^^^^^^^^^^
  File "C:\Python313\Lib\importlib\__init__.py", line 88, in import_module
    return _bootstrap._gcd_import(name[level:], package, level)
           ~~~~~~~~~~~~~~~~~~~~~~^^^^^^^^^^^^^^^^^^^^^^^^^^^^^^
  File "<frozen importlib._bootstrap>", line 1387, in _gcd_import
  File "<frozen importlib._bootstrap>", line 1360, in _find_and_load
  File "<frozen importlib._bootstrap>", line 1331, in _find_and_load_unlocked
  File "<frozen importlib._bootstrap>", line 935, in _load_unlocked
  File "<frozen importlib._bootstrap_external>", line 1026, in exec_module
  File "<frozen importlib._bootstrap>", line 488, in _call_with_frames_removed
  File "C:\Users\hp\AppData\Roaming\Python\Python313\site-packages\transformers\models\sam\image_processing_sam.py", line 25, in <module>
    from torchvision.ops.boxes import batched_nms
ModuleNotFoundError: No module named 'torchvision'
2026-08-03 21:32:36.685 Examining the path of transformers.models.sam2.image_processing_sam2_fast raised:
Traceback (most recent call last):
  File "C:\Users\hp\AppData\Roaming\Python\Python313\site-packages\streamlit\watcher\local_sources_watcher.py", line 267, in get_module_paths
    potential_paths = extract_paths(module)
  File "C:\Users\hp\AppData\Roaming\Python\Python313\site-packages\streamlit\watcher\local_sources_watcher.py", line 255, in <lambda>
    if hasattr(m, "__path__")
       ~~~~~~~^^^^^^^^^^^^^^^
  File "C:\Users\hp\AppData\Roaming\Python\Python313\site-packages\transformers\__init__.py", line 862, in _getattr
    return getattr(importlib.import_module(target, __name__), name)
                   ~~~~~~~~~~~~~~~~~~~~~~~^^^^^^^^^^^^^^^^^^
  File "C:\Python313\Lib\importlib\__init__.py", line 88, in import_module
    return _bootstrap._gcd_import(name[level:], package, level)
           ~~~~~~~~~~~~~~~~~~~~~~^^^^^^^^^^^^^^^^^^^^^^^^^^^^^^
  File "<frozen importlib._bootstrap>", line 1387, in _gcd_import
  File "<frozen importlib._bootstrap>", line 1360, in _find_and_load
  File "<frozen importlib._bootstrap>", line 1331, in _find_and_load_unlocked
  File "<frozen importlib._bootstrap>", line 935, in _load_unlocked
  File "<frozen importlib._bootstrap_external>", line 1026, in exec_module
  File "<frozen importlib._bootstrap>", line 488, in _call_with_frames_removed
  File "C:\Users\hp\AppData\Roaming\Python\Python313\site-packages\transformers\models\sam2\image_processing_sam2.py", line 28, in <module>
    from torchvision.ops.boxes import batched_nms
ModuleNotFoundError: No module named 'torchvision'
2026-08-03 21:32:36.688 Examining the path of transformers.models.sam3.image_processing_sam3_fast raised:
Traceback (most recent call last):
  File "C:\Users\hp\AppData\Roaming\Python\Python313\site-packages\streamlit\watcher\local_sources_watcher.py", line 267, in get_module_paths
    potential_paths = extract_paths(module)
  File "C:\Users\hp\AppData\Roaming\Python\Python313\site-packages\streamlit\watcher\local_sources_watcher.py", line 255, in <lambda>
    if hasattr(m, "__path__")
       ~~~~~~~^^^^^^^^^^^^^^^
  File "C:\Users\hp\AppData\Roaming\Python\Python313\site-packages\transformers\__init__.py", line 862, in _getattr
    return getattr(importlib.import_module(target, __name__), name)
                   ~~~~~~~~~~~~~~~~~~~~~~~^^^^^^^^^^^^^^^^^^
  File "C:\Python313\Lib\importlib\__init__.py", line 88, in import_module
    return _bootstrap._gcd_import(name[level:], package, level)
           ~~~~~~~~~~~~~~~~~~~~~~^^^^^^^^^^^^^^^^^^^^^^^^^^^^^^
  File "<frozen importlib._bootstrap>", line 1387, in _gcd_import
  File "<frozen importlib._bootstrap>", line 1360, in _find_and_load
  File "<frozen importlib._bootstrap>", line 1331, in _find_and_load_unlocked
  File "<frozen importlib._bootstrap>", line 935, in _load_unlocked
  File "<frozen importlib._bootstrap_external>", line 1026, in exec_module
  File "<frozen importlib._bootstrap>", line 488, in _call_with_frames_removed
  File "C:\Users\hp\AppData\Roaming\Python\Python313\site-packages\transformers\models\sam3\image_processing_sam3.py", line 30, in <module>
    from torchvision.ops.boxes import batched_nms
ModuleNotFoundError: No module named 'torchvision'
2026-08-03 21:32:36.691 Examining the path of transformers.models.sapiens2.image_processing_sapiens2_fast raised:
Traceback (most recent call last):
  File "C:\Users\hp\AppData\Roaming\Python\Python313\site-packages\streamlit\watcher\local_sources_watcher.py", line 267, in get_module_paths
    potential_paths = extract_paths(module)
  File "C:\Users\hp\AppData\Roaming\Python\Python313\site-packages\streamlit\watcher\local_sources_watcher.py", line 255, in <lambda>
    if hasattr(m, "__path__")
       ~~~~~~~^^^^^^^^^^^^^^^
  File "C:\Users\hp\AppData\Roaming\Python\Python313\site-packages\transformers\__init__.py", line 862, in _getattr
    return getattr(importlib.import_module(target, __name__), name)
                   ~~~~~~~~~~~~~~~~~~~~~~~^^^^^^^^^^^^^^^^^^
  File "C:\Python313\Lib\importlib\__init__.py", line 88, in import_module
    return _bootstrap._gcd_import(name[level:], package, level)
           ~~~~~~~~~~~~~~~~~~~~~~^^^^^^^^^^^^^^^^^^^^^^^^^^^^^^
  File "<frozen importlib._bootstrap>", line 1387, in _gcd_import
  File "<frozen importlib._bootstrap>", line 1360, in _find_and_load
  File "<frozen importlib._bootstrap>", line 1331, in _find_and_load_unlocked
  File "<frozen importlib._bootstrap>", line 935, in _load_unlocked
  File "<frozen importlib._bootstrap_external>", line 1026, in exec_module
  File "<frozen importlib._bootstrap>", line 488, in _call_with_frames_removed
  File "C:\Users\hp\AppData\Roaming\Python\Python313\site-packages\transformers\models\sapiens2\image_processing_sapiens2.py", line 23, in <module>
    from torchvision.transforms.v2 import functional as tvF
ModuleNotFoundError: No module named 'torchvision'
2026-08-03 21:32:36.694 Examining the path of transformers.models.segformer.image_processing_segformer_fast raised:
Traceback (most recent call last):
  File "C:\Users\hp\AppData\Roaming\Python\Python313\site-packages\streamlit\watcher\local_sources_watcher.py", line 267, in get_module_paths
    potential_paths = extract_paths(module)
  File "C:\Users\hp\AppData\Roaming\Python\Python313\site-packages\streamlit\watcher\local_sources_watcher.py", line 255, in <lambda>
    if hasattr(m, "__path__")
       ~~~~~~~^^^^^^^^^^^^^^^
  File "C:\Users\hp\AppData\Roaming\Python\Python313\site-packages\transformers\__init__.py", line 862, in _getattr
    return getattr(importlib.import_module(target, __name__), name)
                   ~~~~~~~~~~~~~~~~~~~~~~~^^^^^^^^^^^^^^^^^^
  File "C:\Python313\Lib\importlib\__init__.py", line 88, in import_module
    return _bootstrap._gcd_import(name[level:], package, level)
           ~~~~~~~~~~~~~~~~~~~~~~^^^^^^^^^^^^^^^^^^^^^^^^^^^^^^
  File "<frozen importlib._bootstrap>", line 1387, in _gcd_import
  File "<frozen importlib._bootstrap>", line 1360, in _find_and_load
  File "<frozen importlib._bootstrap>", line 1331, in _find_and_load_unlocked
  File "<frozen importlib._bootstrap>", line 935, in _load_unlocked
  File "<frozen importlib._bootstrap_external>", line 1026, in exec_module
  File "<frozen importlib._bootstrap>", line 488, in _call_with_frames_removed
  File "C:\Users\hp\AppData\Roaming\Python\Python313\site-packages\transformers\models\segformer\image_processing_segformer.py", line 25, in <module>
    import torchvision.transforms.v2.functional as tvF
ModuleNotFoundError: No module named 'torchvision'
2026-08-03 21:32:36.698 Examining the path of transformers.models.seggpt.image_processing_seggpt_fast raised:
Traceback (most recent call last):
  File "C:\Users\hp\AppData\Roaming\Python\Python313\site-packages\streamlit\watcher\local_sources_watcher.py", line 267, in get_module_paths
    potential_paths = extract_paths(module)
  File "C:\Users\hp\AppData\Roaming\Python\Python313\site-packages\streamlit\watcher\local_sources_watcher.py", line 255, in <lambda>
    if hasattr(m, "__path__")
       ~~~~~~~^^^^^^^^^^^^^^^
  File "C:\Users\hp\AppData\Roaming\Python\Python313\site-packages\transformers\__init__.py", line 862, in _getattr
    return getattr(importlib.import_module(target, __name__), name)
                   ~~~~~~~~~~~~~~~~~~~~~~~^^^^^^^^^^^^^^^^^^
  File "C:\Python313\Lib\importlib\__init__.py", line 88, in import_module
    return _bootstrap._gcd_import(name[level:], package, level)
           ~~~~~~~~~~~~~~~~~~~~~~^^^^^^^^^^^^^^^^^^^^^^^^^^^^^^
  File "<frozen importlib._bootstrap>", line 1387, in _gcd_import
  File "<frozen importlib._bootstrap>", line 1360, in _find_and_load
  File "<frozen importlib._bootstrap>", line 1331, in _find_and_load_unlocked
  File "<frozen importlib._bootstrap>", line 935, in _load_unlocked
  File "<frozen importlib._bootstrap_external>", line 1026, in exec_module
  File "<frozen importlib._bootstrap>", line 488, in _call_with_frames_removed
  File "C:\Users\hp\AppData\Roaming\Python\Python313\site-packages\transformers\models\seggpt\image_processing_seggpt.py", line 20, in <module>
    from torchvision.transforms.v2 import functional as tvF
ModuleNotFoundError: No module named 'torchvision'
2026-08-03 21:32:36.701 Examining the path of transformers.models.siglip2.image_processing_siglip2_fast raised:
Traceback (most recent call last):
  File "C:\Users\hp\AppData\Roaming\Python\Python313\site-packages\streamlit\watcher\local_sources_watcher.py", line 267, in get_module_paths
    potential_paths = extract_paths(module)
  File "C:\Users\hp\AppData\Roaming\Python\Python313\site-packages\streamlit\watcher\local_sources_watcher.py", line 255, in <lambda>
    if hasattr(m, "__path__")
       ~~~~~~~^^^^^^^^^^^^^^^
  File "C:\Users\hp\AppData\Roaming\Python\Python313\site-packages\transformers\__init__.py", line 862, in _getattr
    return getattr(importlib.import_module(target, __name__), name)
                   ~~~~~~~~~~~~~~~~~~~~~~~^^^^^^^^^^^^^^^^^^
  File "C:\Python313\Lib\importlib\__init__.py", line 88, in import_module
    return _bootstrap._gcd_import(name[level:], package, level)
           ~~~~~~~~~~~~~~~~~~~~~~^^^^^^^^^^^^^^^^^^^^^^^^^^^^^^
  File "<frozen importlib._bootstrap>", line 1387, in _gcd_import
  File "<frozen importlib._bootstrap>", line 1360, in _find_and_load
  File "<frozen importlib._bootstrap>", line 1331, in _find_and_load_unlocked
  File "<frozen importlib._bootstrap>", line 935, in _load_unlocked
  File "<frozen importlib._bootstrap_external>", line 1026, in exec_module
  File "<frozen importlib._bootstrap>", line 488, in _call_with_frames_removed
  File "C:\Users\hp\AppData\Roaming\Python\Python313\site-packages\transformers\models\siglip2\image_processing_siglip2.py", line 17, in <module>
    from torchvision.transforms.v2 import functional as tvF
ModuleNotFoundError: No module named 'torchvision'
2026-08-03 21:32:36.704 Examining the path of transformers.models.slanext.image_processing_slanext_fast raised:
Traceback (most recent call last):
  File "C:\Users\hp\AppData\Roaming\Python\Python313\site-packages\streamlit\watcher\local_sources_watcher.py", line 267, in get_module_paths
    potential_paths = extract_paths(module)
  File "C:\Users\hp\AppData\Roaming\Python\Python313\site-packages\streamlit\watcher\local_sources_watcher.py", line 255, in <lambda>
    if hasattr(m, "__path__")
       ~~~~~~~^^^^^^^^^^^^^^^
  File "C:\Users\hp\AppData\Roaming\Python\Python313\site-packages\transformers\__init__.py", line 862, in _getattr
    return getattr(importlib.import_module(target, __name__), name)
                   ~~~~~~~~~~~~~~~~~~~~~~~^^^^^^^^^^^^^^^^^^
  File "C:\Python313\Lib\importlib\__init__.py", line 88, in import_module
    return _bootstrap._gcd_import(name[level:], package, level)
           ~~~~~~~~~~~~~~~~~~~~~~^^^^^^^^^^^^^^^^^^^^^^^^^^^^^^
  File "<frozen importlib._bootstrap>", line 1387, in _gcd_import
  File "<frozen importlib._bootstrap>", line 1360, in _find_and_load
  File "<frozen importlib._bootstrap>", line 1331, in _find_and_load_unlocked
  File "<frozen importlib._bootstrap>", line 935, in _load_unlocked
  File "<frozen importlib._bootstrap_external>", line 1026, in exec_module
  File "<frozen importlib._bootstrap>", line 488, in _call_with_frames_removed
  File "C:\Users\hp\AppData\Roaming\Python\Python313\site-packages\transformers\models\slanext\image_processing_slanext.py", line 23, in <module>
    import torchvision.transforms.v2.functional as tvF
ModuleNotFoundError: No module named 'torchvision'
2026-08-03 21:32:36.707 Examining the path of transformers.models.smolvlm.image_processing_smolvlm_fast raised:
Traceback (most recent call last):
  File "C:\Users\hp\AppData\Roaming\Python\Python313\site-packages\streamlit\watcher\local_sources_watcher.py", line 267, in get_module_paths
    potential_paths = extract_paths(module)
  File "C:\Users\hp\AppData\Roaming\Python\Python313\site-packages\streamlit\watcher\local_sources_watcher.py", line 255, in <lambda>
    if hasattr(m, "__path__")
       ~~~~~~~^^^^^^^^^^^^^^^
  File "C:\Users\hp\AppData\Roaming\Python\Python313\site-packages\transformers\__init__.py", line 862, in _getattr
    return getattr(importlib.import_module(target, __name__), name)
                   ~~~~~~~~~~~~~~~~~~~~~~~^^^^^^^^^^^^^^^^^^
  File "C:\Python313\Lib\importlib\__init__.py", line 88, in import_module
    return _bootstrap._gcd_import(name[level:], package, level)
           ~~~~~~~~~~~~~~~~~~~~~~^^^^^^^^^^^^^^^^^^^^^^^^^^^^^^
  File "<frozen importlib._bootstrap>", line 1387, in _gcd_import
  File "<frozen importlib._bootstrap>", line 1360, in _find_and_load
  File "<frozen importlib._bootstrap>", line 1331, in _find_and_load_unlocked
  File "<frozen importlib._bootstrap>", line 935, in _load_unlocked
  File "<frozen importlib._bootstrap_external>", line 1026, in exec_module
  File "<frozen importlib._bootstrap>", line 488, in _call_with_frames_removed
  File "C:\Users\hp\AppData\Roaming\Python\Python313\site-packages\transformers\models\smolvlm\image_processing_smolvlm.py", line 27, in <module>
    from torchvision.transforms.v2 import functional as tvF
ModuleNotFoundError: No module named 'torchvision'
2026-08-03 21:32:36.710 Examining the path of transformers.models.superglue.image_processing_superglue_fast raised:
Traceback (most recent call last):
  File "C:\Users\hp\AppData\Roaming\Python\Python313\site-packages\streamlit\watcher\local_sources_watcher.py", line 267, in get_module_paths
    potential_paths = extract_paths(module)
  File "C:\Users\hp\AppData\Roaming\Python\Python313\site-packages\streamlit\watcher\local_sources_watcher.py", line 255, in <lambda>
    if hasattr(m, "__path__")
       ~~~~~~~^^^^^^^^^^^^^^^
  File "C:\Users\hp\AppData\Roaming\Python\Python313\site-packages\transformers\__init__.py", line 862, in _getattr
    return getattr(importlib.import_module(target, __name__), name)
                   ~~~~~~~~~~~~~~~~~~~~~~~^^^^^^^^^^^^^^^^^^
  File "C:\Python313\Lib\importlib\__init__.py", line 88, in import_module
    return _bootstrap._gcd_import(name[level:], package, level)
           ~~~~~~~~~~~~~~~~~~~~~~^^^^^^^^^^^^^^^^^^^^^^^^^^^^^^
  File "<frozen importlib._bootstrap>", line 1387, in _gcd_import
  File "<frozen importlib._bootstrap>", line 1360, in _find_and_load
  File "<frozen importlib._bootstrap>", line 1331, in _find_and_load_unlocked
  File "<frozen importlib._bootstrap>", line 935, in _load_unlocked
  File "<frozen importlib._bootstrap_external>", line 1026, in exec_module
  File "<frozen importlib._bootstrap>", line 488, in _call_with_frames_removed
  File "C:\Users\hp\AppData\Roaming\Python\Python313\site-packages\transformers\models\superglue\image_processing_superglue.py", line 47, in <module>
    from torchvision.transforms.v2 import functional as tvF
ModuleNotFoundError: No module named 'torchvision'
2026-08-03 21:32:36.712 Examining the path of transformers.models.superpoint.image_processing_superpoint_fast raised:
Traceback (most recent call last):
  File "C:\Users\hp\AppData\Roaming\Python\Python313\site-packages\streamlit\watcher\local_sources_watcher.py", line 267, in get_module_paths
    potential_paths = extract_paths(module)
  File "C:\Users\hp\AppData\Roaming\Python\Python313\site-packages\streamlit\watcher\local_sources_watcher.py", line 255, in <lambda>
    if hasattr(m, "__path__")
       ~~~~~~~^^^^^^^^^^^^^^^
  File "C:\Users\hp\AppData\Roaming\Python\Python313\site-packages\transformers\__init__.py", line 862, in _getattr
    return getattr(importlib.import_module(target, __name__), name)
                   ~~~~~~~~~~~~~~~~~~~~~~~^^^^^^^^^^^^^^^^^^
  File "C:\Python313\Lib\importlib\__init__.py", line 88, in import_module
    return _bootstrap._gcd_import(name[level:], package, level)
           ~~~~~~~~~~~~~~~~~~~~~~^^^^^^^^^^^^^^^^^^^^^^^^^^^^^^
  File "<frozen importlib._bootstrap>", line 1387, in _gcd_import
  File "<frozen importlib._bootstrap>", line 1360, in _find_and_load
  File "<frozen importlib._bootstrap>", line 1331, in _find_and_load_unlocked
  File "<frozen importlib._bootstrap>", line 935, in _load_unlocked
  File "<frozen importlib._bootstrap_external>", line 1026, in exec_module
  File "<frozen importlib._bootstrap>", line 488, in _call_with_frames_removed
  File "C:\Users\hp\AppData\Roaming\Python\Python313\site-packages\transformers\models\superpoint\image_processing_superpoint.py", line 31, in <module>
    from torchvision.transforms.v2 import functional as tvF
ModuleNotFoundError: No module named 'torchvision'
2026-08-03 21:32:36.715 Examining the path of transformers.models.swin2sr.image_processing_swin2sr_fast raised:
Traceback (most recent call last):
  File "C:\Users\hp\AppData\Roaming\Python\Python313\site-packages\streamlit\watcher\local_sources_watcher.py", line 267, in get_module_paths
    potential_paths = extract_paths(module)
  File "C:\Users\hp\AppData\Roaming\Python\Python313\site-packages\streamlit\watcher\local_sources_watcher.py", line 255, in <lambda>
    if hasattr(m, "__path__")
       ~~~~~~~^^^^^^^^^^^^^^^
  File "C:\Users\hp\AppData\Roaming\Python\Python313\site-packages\transformers\__init__.py", line 862, in _getattr
    return getattr(importlib.import_module(target, __name__), name)
                   ~~~~~~~~~~~~~~~~~~~~~~~^^^^^^^^^^^^^^^^^^
  File "C:\Python313\Lib\importlib\__init__.py", line 88, in import_module
    return _bootstrap._gcd_import(name[level:], package, level)
           ~~~~~~~~~~~~~~~~~~~~~~^^^^^^^^^^^^^^^^^^^^^^^^^^^^^^
  File "<frozen importlib._bootstrap>", line 1387, in _gcd_import
  File "<frozen importlib._bootstrap>", line 1360, in _find_and_load
  File "<frozen importlib._bootstrap>", line 1331, in _find_and_load_unlocked
  File "<frozen importlib._bootstrap>", line 935, in _load_unlocked
  File "<frozen importlib._bootstrap_external>", line 1026, in exec_module
  File "<frozen importlib._bootstrap>", line 488, in _call_with_frames_removed
  File "C:\Users\hp\AppData\Roaming\Python\Python313\site-packages\transformers\models\swin2sr\image_processing_swin2sr.py", line 17, in <module>
    from torchvision.transforms.v2 import functional as tvF
ModuleNotFoundError: No module named 'torchvision'
2026-08-03 21:32:36.718 Examining the path of transformers.models.textnet.image_processing_textnet_fast raised:
Traceback (most recent call last):
  File "C:\Users\hp\AppData\Roaming\Python\Python313\site-packages\streamlit\watcher\local_sources_watcher.py", line 267, in get_module_paths
    potential_paths = extract_paths(module)
  File "C:\Users\hp\AppData\Roaming\Python\Python313\site-packages\streamlit\watcher\local_sources_watcher.py", line 255, in <lambda>
    if hasattr(m, "__path__")
       ~~~~~~~^^^^^^^^^^^^^^^
  File "C:\Users\hp\AppData\Roaming\Python\Python313\site-packages\transformers\__init__.py", line 862, in _getattr
    return getattr(importlib.import_module(target, __name__), name)
                   ~~~~~~~~~~~~~~~~~~~~~~~^^^^^^^^^^^^^^^^^^
  File "C:\Python313\Lib\importlib\__init__.py", line 88, in import_module
    return _bootstrap._gcd_import(name[level:], package, level)
           ~~~~~~~~~~~~~~~~~~~~~~^^^^^^^^^^^^^^^^^^^^^^^^^^^^^^
  File "<frozen importlib._bootstrap>", line 1387, in _gcd_import
  File "<frozen importlib._bootstrap>", line 1360, in _find_and_load
  File "<frozen importlib._bootstrap>", line 1331, in _find_and_load_unlocked
  File "<frozen importlib._bootstrap>", line 935, in _load_unlocked
  File "<frozen importlib._bootstrap_external>", line 1026, in exec_module
  File "<frozen importlib._bootstrap>", line 488, in _call_with_frames_removed
  File "C:\Users\hp\AppData\Roaming\Python\Python313\site-packages\transformers\models\textnet\image_processing_textnet.py", line 17, in <module>
    from torchvision.transforms.v2 import functional as tvF
ModuleNotFoundError: No module named 'torchvision'
2026-08-03 21:32:36.721 Examining the path of transformers.models.tvp.image_processing_tvp_fast raised:
Traceback (most recent call last):
  File "C:\Users\hp\AppData\Roaming\Python\Python313\site-packages\streamlit\watcher\local_sources_watcher.py", line 267, in get_module_paths
    potential_paths = extract_paths(module)
  File "C:\Users\hp\AppData\Roaming\Python\Python313\site-packages\streamlit\watcher\local_sources_watcher.py", line 255, in <lambda>
    if hasattr(m, "__path__")
       ~~~~~~~^^^^^^^^^^^^^^^
  File "C:\Users\hp\AppData\Roaming\Python\Python313\site-packages\transformers\__init__.py", line 862, in _getattr
    return getattr(importlib.import_module(target, __name__), name)
                   ~~~~~~~~~~~~~~~~~~~~~~~^^^^^^^^^^^^^^^^^^
  File "C:\Python313\Lib\importlib\__init__.py", line 88, in import_module
    return _bootstrap._gcd_import(name[level:], package, level)
           ~~~~~~~~~~~~~~~~~~~~~~^^^^^^^^^^^^^^^^^^^^^^^^^^^^^^
  File "<frozen importlib._bootstrap>", line 1387, in _gcd_import
  File "<frozen importlib._bootstrap>", line 1360, in _find_and_load
  File "<frozen importlib._bootstrap>", line 1331, in _find_and_load_unlocked
  File "<frozen importlib._bootstrap>", line 935, in _load_unlocked
  File "<frozen importlib._bootstrap_external>", line 1026, in exec_module
  File "<frozen importlib._bootstrap>", line 488, in _call_with_frames_removed
  File "C:\Users\hp\AppData\Roaming\Python\Python313\site-packages\transformers\models\tvp\image_processing_tvp.py", line 17, in <module>
    from torchvision.transforms.v2 import functional as tvF
ModuleNotFoundError: No module named 'torchvision'
2026-08-03 21:32:36.723 Examining the path of transformers.models.videomae.image_processing_videomae_fast raised:
Traceback (most recent call last):
  File "C:\Users\hp\AppData\Roaming\Python\Python313\site-packages\streamlit\watcher\local_sources_watcher.py", line 267, in get_module_paths
    potential_paths = extract_paths(module)
  File "C:\Users\hp\AppData\Roaming\Python\Python313\site-packages\streamlit\watcher\local_sources_watcher.py", line 255, in <lambda>
    if hasattr(m, "__path__")
       ~~~~~~~^^^^^^^^^^^^^^^
  File "C:\Users\hp\AppData\Roaming\Python\Python313\site-packages\transformers\__init__.py", line 862, in _getattr
    return getattr(importlib.import_module(target, __name__), name)
                   ~~~~~~~~~~~~~~~~~~~~~~~^^^^^^^^^^^^^^^^^^
  File "C:\Python313\Lib\importlib\__init__.py", line 88, in import_module
    return _bootstrap._gcd_import(name[level:], package, level)
           ~~~~~~~~~~~~~~~~~~~~~~^^^^^^^^^^^^^^^^^^^^^^^^^^^^^^
  File "<frozen importlib._bootstrap>", line 1387, in _gcd_import
  File "<frozen importlib._bootstrap>", line 1360, in _find_and_load
  File "<frozen importlib._bootstrap>", line 1331, in _find_and_load_unlocked
  File "<frozen importlib._bootstrap>", line 935, in _load_unlocked
  File "<frozen importlib._bootstrap_external>", line 1026, in exec_module
  File "<frozen importlib._bootstrap>", line 488, in _call_with_frames_removed
  File "C:\Users\hp\AppData\Roaming\Python\Python313\site-packages\transformers\models\videomae\image_processing_videomae.py", line 17, in <module>
    from torchvision.transforms.v2 import functional as tvF
ModuleNotFoundError: No module named 'torchvision'
2026-08-03 21:32:36.726 Examining the path of transformers.models.vilt.image_processing_vilt_fast raised:
Traceback (most recent call last):
  File "C:\Users\hp\AppData\Roaming\Python\Python313\site-packages\streamlit\watcher\local_sources_watcher.py", line 267, in get_module_paths
    potential_paths = extract_paths(module)
  File "C:\Users\hp\AppData\Roaming\Python\Python313\site-packages\streamlit\watcher\local_sources_watcher.py", line 255, in <lambda>
    if hasattr(m, "__path__")
       ~~~~~~~^^^^^^^^^^^^^^^
  File "C:\Users\hp\AppData\Roaming\Python\Python313\site-packages\transformers\__init__.py", line 862, in _getattr
    return getattr(importlib.import_module(target, __name__), name)
                   ~~~~~~~~~~~~~~~~~~~~~~~^^^^^^^^^^^^^^^^^^
  File "C:\Python313\Lib\importlib\__init__.py", line 88, in import_module
    return _bootstrap._gcd_import(name[level:], package, level)
           ~~~~~~~~~~~~~~~~~~~~~~^^^^^^^^^^^^^^^^^^^^^^^^^^^^^^
  File "<frozen importlib._bootstrap>", line 1387, in _gcd_import
  File "<frozen importlib._bootstrap>", line 1360, in _find_and_load
  File "<frozen importlib._bootstrap>", line 1331, in _find_and_load_unlocked
  File "<frozen importlib._bootstrap>", line 935, in _load_unlocked
  File "<frozen importlib._bootstrap_external>", line 1026, in exec_module
  File "<frozen importlib._bootstrap>", line 488, in _call_with_frames_removed
  File "C:\Users\hp\AppData\Roaming\Python\Python313\site-packages\transformers\models\vilt\image_processing_vilt.py", line 17, in <module>
    from torchvision.transforms.v2 import functional as tvF
ModuleNotFoundError: No module named 'torchvision'
2026-08-03 21:32:36.729 Examining the path of transformers.models.vitmatte.image_processing_vitmatte_fast raised:
Traceback (most recent call last):
  File "C:\Users\hp\AppData\Roaming\Python\Python313\site-packages\streamlit\watcher\local_sources_watcher.py", line 267, in get_module_paths
    potential_paths = extract_paths(module)
  File "C:\Users\hp\AppData\Roaming\Python\Python313\site-packages\streamlit\watcher\local_sources_watcher.py", line 255, in <lambda>
    if hasattr(m, "__path__")
       ~~~~~~~^^^^^^^^^^^^^^^
  File "C:\Users\hp\AppData\Roaming\Python\Python313\site-packages\transformers\__init__.py", line 862, in _getattr
    return getattr(importlib.import_module(target, __name__), name)
                   ~~~~~~~~~~~~~~~~~~~~~~~^^^^^^^^^^^^^^^^^^
  File "C:\Python313\Lib\importlib\__init__.py", line 88, in import_module
    return _bootstrap._gcd_import(name[level:], package, level)
           ~~~~~~~~~~~~~~~~~~~~~~^^^^^^^^^^^^^^^^^^^^^^^^^^^^^^
  File "<frozen importlib._bootstrap>", line 1387, in _gcd_import
  File "<frozen importlib._bootstrap>", line 1360, in _find_and_load
  File "<frozen importlib._bootstrap>", line 1331, in _find_and_load_unlocked
  File "<frozen importlib._bootstrap>", line 935, in _load_unlocked
  File "<frozen importlib._bootstrap_external>", line 1026, in exec_module
  File "<frozen importlib._bootstrap>", line 488, in _call_with_frames_removed
  File "C:\Users\hp\AppData\Roaming\Python\Python313\site-packages\transformers\models\vitmatte\image_processing_vitmatte.py", line 19, in <module>
    from torchvision.transforms.v2 import functional as tvF
ModuleNotFoundError: No module named 'torchvision'
2026-08-03 21:32:36.732 Examining the path of transformers.models.vitpose.image_processing_vitpose_fast raised:
Traceback (most recent call last):
  File "C:\Users\hp\AppData\Roaming\Python\Python313\site-packages\streamlit\watcher\local_sources_watcher.py", line 267, in get_module_paths
    potential_paths = extract_paths(module)
  File "C:\Users\hp\AppData\Roaming\Python\Python313\site-packages\streamlit\watcher\local_sources_watcher.py", line 255, in <lambda>
    if hasattr(m, "__path__")
       ~~~~~~~^^^^^^^^^^^^^^^
  File "C:\Users\hp\AppData\Roaming\Python\Python313\site-packages\transformers\__init__.py", line 862, in _getattr
    return getattr(importlib.import_module(target, __name__), name)
                   ~~~~~~~~~~~~~~~~~~~~~~~^^^^^^^^^^^^^^^^^^
  File "C:\Python313\Lib\importlib\__init__.py", line 88, in import_module
    return _bootstrap._gcd_import(name[level:], package, level)
           ~~~~~~~~~~~~~~~~~~~~~~^^^^^^^^^^^^^^^^^^^^^^^^^^^^^^
  File "<frozen importlib._bootstrap>", line 1387, in _gcd_import
  File "<frozen importlib._bootstrap>", line 1360, in _find_and_load
  File "<frozen importlib._bootstrap>", line 1331, in _find_and_load_unlocked
  File "<frozen importlib._bootstrap>", line 935, in _load_unlocked
  File "<frozen importlib._bootstrap_external>", line 1026, in exec_module
  File "<frozen importlib._bootstrap>", line 488, in _call_with_frames_removed
  File "C:\Users\hp\AppData\Roaming\Python\Python313\site-packages\transformers\models\vitpose\image_processing_vitpose.py", line 22, in <module>
    from torchvision.transforms.v2 import functional as tvF
ModuleNotFoundError: No module named 'torchvision'
2026-08-03 21:32:36.735 Examining the path of transformers.models.yolos.image_processing_yolos_fast raised:
Traceback (most recent call last):
  File "C:\Users\hp\AppData\Roaming\Python\Python313\site-packages\streamlit\watcher\local_sources_watcher.py", line 267, in get_module_paths
    potential_paths = extract_paths(module)
  File "C:\Users\hp\AppData\Roaming\Python\Python313\site-packages\streamlit\watcher\local_sources_watcher.py", line 255, in <lambda>
    if hasattr(m, "__path__")
       ~~~~~~~^^^^^^^^^^^^^^^
  File "C:\Users\hp\AppData\Roaming\Python\Python313\site-packages\transformers\__init__.py", line 862, in _getattr
    return getattr(importlib.import_module(target, __name__), name)
                   ~~~~~~~~~~~~~~~~~~~~~~~^^^^^^^^^^^^^^^^^^
  File "C:\Python313\Lib\importlib\__init__.py", line 88, in import_module
    return _bootstrap._gcd_import(name[level:], package, level)
           ~~~~~~~~~~~~~~~~~~~~~~^^^^^^^^^^^^^^^^^^^^^^^^^^^^^^
  File "<frozen importlib._bootstrap>", line 1387, in _gcd_import
  File "<frozen importlib._bootstrap>", line 1360, in _find_and_load
  File "<frozen importlib._bootstrap>", line 1331, in _find_and_load_unlocked
  File "<frozen importlib._bootstrap>", line 935, in _load_unlocked
  File "<frozen importlib._bootstrap_external>", line 1026, in exec_module
  File "<frozen importlib._bootstrap>", line 488, in _call_with_frames_removed
  File "C:\Users\hp\AppData\Roaming\Python\Python313\site-packages\transformers\models\yolos\image_processing_yolos.py", line 12, in <module>
    from torchvision.io import read_image
ModuleNotFoundError: No module named 'torchvision'
2026-08-03 21:32:36.738 Examining the path of transformers.models.zoedepth.image_processing_zoedepth_fast raised:
Traceback (most recent call last):
  File "C:\Users\hp\AppData\Roaming\Python\Python313\site-packages\streamlit\watcher\local_sources_watcher.py", line 267, in get_module_paths
    potential_paths = extract_paths(module)
  File "C:\Users\hp\AppData\Roaming\Python\Python313\site-packages\streamlit\watcher\local_sources_watcher.py", line 255, in <lambda>
    if hasattr(m, "__path__")
       ~~~~~~~^^^^^^^^^^^^^^^
  File "C:\Users\hp\AppData\Roaming\Python\Python313\site-packages\transformers\__init__.py", line 862, in _getattr
    return getattr(importlib.import_module(target, __name__), name)
                   ~~~~~~~~~~~~~~~~~~~~~~~^^^^^^^^^^^^^^^^^^
  File "C:\Python313\Lib\importlib\__init__.py", line 88, in import_module
    return _bootstrap._gcd_import(name[level:], package, level)
           ~~~~~~~~~~~~~~~~~~~~~~^^^^^^^^^^^^^^^^^^^^^^^^^^^^^^
  File "<frozen importlib._bootstrap>", line 1387, in _gcd_import
  File "<frozen importlib._bootstrap>", line 1360, in _find_and_load
  File "<frozen importlib._bootstrap>", line 1331, in _find_and_load_unlocked
  File "<frozen importlib._bootstrap>", line 935, in _load_unlocked
  File "<frozen importlib._bootstrap_external>", line 1026, in exec_module
  File "<frozen importlib._bootstrap>", line 488, in _call_with_frames_removed
  File "C:\Users\hp\AppData\Roaming\Python\Python313\site-packages\transformers\models\zoedepth\image_processing_zoedepth.py", line 43, in <module>
    from torchvision.transforms.v2 import functional as tvF
ModuleNotFoundError: No module named 'torchvision'
